<?xml version="1.0" encoding="UTF-8"?>
<!DOCTYPE X3D PUBLIC "ISO//Web3D//DTD X3D 3.1//EN" "http://www.web3d.org/specifications/x3d-3.1.dtd">
<X3D version="3.1" xsd:noNamespaceSchemaLocation="http://www.web3d.org/specifications/x3d-3.1.xsd" profile="Immersive" xmlns:xsd="http://www.w3.org/2001/XMLSchema-instance">
 <head>
  <meta name="title" content="termina_01.x3d"/>
  <meta name="description" content="Generated from Meshlab X3D Exported"/>
  <meta name="created" content="4 diciembre 2025"/>
  <meta name="generator" content="Meshlab X3D Exported, https://www.meshlab.net"/>
 </head>
 <Scene>
  <Shape>
   <Appearance>
    <ImageTexture url="&quot;the-map-of-the-world-tablet_tex.png&quot;"/>
   </Appearance>
   <IndexedFaceSet texCoordIndex="0 1 2 -1 1 3 2 -1 4 5 6 -1 7 8 6 -1 2 9 0 -1 10 7 6 -1 8 11 6 -1 12 13 14 -1 15 16 17 -1 18 13 19 -1 20 7 10 -1 13 18 21 -1 22 23 24 -1 25 8 7 -1 21 18 26 -1 1 20 10 -1 27 28 29 -1 20 25 7 -1 27 30 31 -1 32 22 29 -1 2 33 9 -1 31 34 35 -1 14 21 36 -1 36 21 37 -1 1 0 38 -1 39 32 40 -1 15 36 37 -1 41 8 42 -1 36 43 44 -1 36 45 43 -1 15 45 36 -1 34 44 43 -1 45 4 43 -1 4 11 43 -1 35 34 46 -1 46 34 43 -1 43 11 46 -1 4 45 5 -1 6 11 4 -1 35 46 47 -1 41 48 49 -1 17 50 5 -1 6 5 51 -1 51 10 6 -1 1 51 3 -1 52 53 54 -1 12 19 13 -1 55 56 57 -1 58 52 19 -1 12 59 19 -1 14 30 12 -1 18 19 52 -1 40 29 28 -1 12 60 59 -1 10 51 1 -1 61 60 12 -1 16 56 17 -1 61 12 24 -1 13 21 14 -1 18 52 62 -1 17 56 63 -1 33 2 3 -1 18 62 26 -1 17 63 64 -1 64 50 17 -1 59 60 65 -1 40 28 66 -1 9 67 0 -1 68 0 67 -1 36 44 14 -1 69 64 63 -1 69 70 64 -1 38 0 68 -1 23 61 24 -1 30 27 24 -1 42 71 41 -1 35 47 28 -1 72 73 54 -1 8 25 42 -1 24 27 22 -1 70 69 74 -1 29 22 27 -1 26 62 73 -1 28 27 35 -1 30 14 44 -1 16 37 26 -1 26 37 21 -1 30 44 31 -1 75 76 77 -1 26 73 78 -1 78 16 26 -1 76 79 77 -1 80 70 74 -1 44 34 31 -1 77 79 81 -1 31 35 27 -1 78 56 16 -1 82 76 75 -1 76 82 83 -1 66 28 47 -1 37 16 15 -1 45 15 17 -1 46 84 47 -1 32 85 22 -1 86 85 32 -1 84 66 47 -1 86 32 39 -1 48 46 11 -1 48 11 49 -1 87 46 48 -1 84 46 87 -1 11 8 49 -1 49 8 41 -1 41 71 48 -1 84 87 88 -1 17 5 45 -1 50 3 51 -1 89 90 91 -1 92 72 54 -1 93 94 95 -1 62 54 73 -1 24 12 30 -1 50 64 96 -1 91 97 89 -1 96 64 33 -1 64 70 33 -1 73 72 98 -1 39 40 99 -1 95 100 101 -1 102 103 104 -1 57 73 98 -1 89 101 100 -1 101 89 58 -1 69 105 106 -1 107 94 93 -1 57 78 73 -1 59 101 58 -1 22 83 23 -1 108 75 109 -1 74 69 106 -1 83 22 85 -1 110 101 59 -1 111 112 113 -1 75 77 113 -1 59 58 19 -1 114 103 115 -1 83 85 76 -1 85 116 76 -1 65 93 110 -1 107 93 65 -1 76 116 79 -1 86 79 116 -1 99 40 66 -1 116 85 86 -1 65 60 114 -1 117 114 60 -1 57 56 78 -1 97 52 58 -1 106 80 74 -1 23 60 61 -1 118 55 119 -1 118 119 105 -1 105 69 118 -1 56 55 118 -1 32 29 40 -1 120 70 80 -1 114 82 121 -1 53 122 92 -1 33 70 120 -1 82 114 117 -1 33 120 9 -1 75 121 82 -1 63 118 69 -1 54 62 52 -1 56 118 63 -1 88 66 84 -1 117 60 23 -1 117 23 83 -1 117 83 82 -1 65 110 59 -1 87 48 71 -1 3 96 33 -1 50 96 3 -1 5 50 51 -1 123 106 105 -1 89 97 58 -1 124 123 105 -1 103 102 115 -1 81 113 77 -1 81 125 113 -1 98 72 55 -1 98 55 57 -1 126 127 102 -1 20 1 38 -1 94 128 95 -1 86 81 79 -1 104 126 102 -1 95 128 129 -1 100 95 129 -1 99 66 88 -1 126 104 108 -1 104 103 121 -1 86 39 130 -1 128 94 131 -1 55 132 119 -1 133 132 55 -1 104 75 108 -1 94 107 134 -1 135 124 119 -1 136 137 138 -1 75 104 121 -1 124 135 139 -1 55 72 138 -1 119 124 105 -1 110 93 95 -1 53 140 122 -1 141 142 143 -1 144 141 145 -1 145 141 143 -1 146 102 127 -1 53 52 97 -1 147 90 89 -1 127 126 142 -1 145 143 148 -1 89 100 147 -1 92 54 53 -1 146 149 102 -1 143 108 109 -1 112 148 109 -1 149 134 102 -1 148 112 150 -1 75 113 109 -1 112 109 113 -1 115 134 107 -1 114 115 107 -1 121 103 114 -1 114 107 65 -1 151 152 153 -1 130 39 154 -1 99 154 39 -1 133 155 156 -1 144 157 141 -1 140 158 153 -1 159 160 161 -1 140 162 158 -1 87 71 163 -1 164 87 163 -1 165 166 167 -1 168 159 161 -1 53 162 140 -1 55 138 133 -1 148 150 145 -1 25 20 169 -1 150 170 145 -1 119 132 135 -1 170 150 112 -1 171 172 173 -1 67 120 174 -1 9 120 67 -1 140 175 122 -1 122 175 136 -1 136 175 137 -1 144 145 170 -1 38 169 20 -1 162 172 158 -1 90 172 162 -1 138 137 155 -1 170 112 111 -1 129 128 165 -1 155 133 138 -1 138 72 136 -1 91 162 53 -1 97 91 53 -1 168 176 177 -1 92 122 136 -1 72 92 136 -1 100 129 147 -1 128 131 178 -1 176 127 142 -1 176 168 146 -1 101 110 95 -1 167 90 129 -1 173 90 167 -1 90 147 129 -1 90 173 172 -1 90 162 91 -1 146 168 179 -1 127 176 146 -1 143 142 126 -1 143 126 108 -1 149 180 134 -1 146 180 149 -1 134 115 102 -1 181 81 130 -1 182 183 184 -1 183 185 184 -1 143 109 148 -1 186 187 188 -1 189 190 191 -1 181 130 154 -1 180 178 131 -1 192 156 193 -1 134 180 131 -1 194 188 187 -1 134 131 94 -1 195 190 196 -1 187 197 194 -1 156 192 133 -1 192 132 133 -1 71 198 163 -1 199 87 164 -1 88 87 199 -1 152 151 200 -1 201 202 160 -1 203 167 166 -1 176 142 187 -1 160 202 204 -1 192 193 205 -1 204 202 206 -1 135 192 205 -1 132 192 135 -1 207 111 125 -1 153 208 151 -1 165 196 166 -1 111 113 125 -1 197 187 142 -1 170 111 207 -1 174 209 67 -1 210 67 209 -1 171 203 211 -1 81 86 130 -1 167 203 171 -1 125 81 212 -1 152 213 153 -1 38 68 214 -1 214 169 38 -1 204 161 160 -1 215 141 157 -1 216 139 135 -1 71 42 198 -1 167 129 165 -1 172 217 218 -1 161 204 219 -1 171 217 172 -1 168 161 179 -1 146 179 180 -1 179 161 219 -1 190 195 220 -1 172 218 158 -1 153 175 140 -1 221 220 195 -1 153 213 175 -1 219 204 221 -1 195 178 221 -1 175 213 137 -1 165 222 196 -1 222 165 128 -1 178 195 222 -1 128 178 222 -1 219 178 180 -1 219 221 178 -1 219 180 179 -1 200 223 224 -1 200 213 152 -1 213 200 224 -1 224 155 137 -1 224 137 213 -1 169 225 25 -1 144 170 226 -1 183 182 227 -1 220 228 190 -1 191 190 228 -1 229 183 230 -1 183 229 185 -1 231 232 233 -1 232 231 201 -1 223 234 224 -1 230 235 233 -1 42 25 225 -1 190 236 196 -1 196 236 166 -1 233 232 230 -1 234 155 224 -1 155 234 156 -1 159 168 177 -1 185 159 177 -1 237 238 202 -1 212 81 239 -1 184 185 240 -1 229 230 241 -1 187 186 242 -1 202 238 206 -1 232 241 230 -1 206 238 221 -1 81 181 239 -1 160 243 201 -1 243 160 241 -1 160 159 241 -1 242 176 187 -1 204 206 221 -1 244 151 208 -1 215 197 142 -1 154 99 245 -1 245 88 246 -1 99 88 245 -1 199 246 88 -1 247 238 237 -1 248 197 215 -1 158 208 153 -1 196 222 195 -1 191 249 189 -1 250 248 215 -1 142 141 215 -1 205 216 135 -1 250 215 157 -1 203 251 252 -1 203 252 211 -1 250 253 248 -1 203 166 254 -1 250 157 144 -1 171 173 167 -1 255 218 256 -1 200 257 223 -1 258 230 227 -1 207 226 170 -1 236 190 189 -1 189 254 236 -1 218 255 244 -1 255 259 244 -1 233 260 231 -1 236 254 166 -1 244 158 218 -1 211 217 171 -1 261 201 231 -1 228 221 238 -1 201 261 202 -1 207 125 212 -1 183 227 230 -1 228 220 221 -1 184 240 242 -1 186 184 242 -1 201 243 232 -1 241 232 243 -1 185 177 240 -1 177 176 240 -1 229 241 159 -1 211 252 256 -1 181 262 239 -1 242 240 176 -1 181 154 263 -1 217 211 264 -1 256 265 255 -1 266 267 268 -1 197 269 194 -1 269 248 270 -1 197 248 269 -1 271 247 237 -1 164 272 199 -1 273 267 266 -1 244 259 151 -1 274 151 259 -1 191 247 275 -1 244 208 158 -1 228 238 247 -1 151 274 257 -1 249 276 189 -1 265 256 252 -1 198 42 225 -1 277 278 279 -1 265 280 255 -1 261 277 279 -1 281 274 259 -1 282 283 284 -1 255 285 286 -1 287 282 288 -1 289 290 291 -1 255 286 259 -1 268 292 266 -1 250 144 293 -1 144 226 293 -1 289 258 266 -1 247 271 275 -1 294 226 207 -1 233 235 295 -1 258 227 266 -1 227 182 266 -1 271 237 296 -1 235 230 297 -1 230 258 297 -1 273 266 182 -1 261 237 202 -1 207 212 298 -1 231 260 277 -1 191 228 247 -1 299 212 239 -1 260 233 295 -1 262 181 300 -1 231 277 261 -1 263 300 181 -1 301 299 239 -1 186 188 302 -1 303 302 188 -1 189 276 254 -1 283 246 199 -1 194 303 188 -1 283 199 272 -1 185 229 159 -1 272 284 283 -1 254 276 251 -1 203 254 251 -1 164 163 304 -1 251 305 252 -1 256 264 211 -1 218 264 256 -1 217 264 218 -1 257 200 151 -1 67 210 68 -1 305 265 252 -1 282 284 306 -1 282 306 288 -1 266 292 307 -1 278 277 308 -1 302 267 273 -1 273 186 302 -1 237 279 309 -1 184 273 182 -1 184 186 273 -1 279 278 309 -1 310 271 296 -1 259 286 281 -1 311 271 310 -1 312 226 294 -1 306 313 288 -1 311 275 271 -1 313 314 315 -1 316 296 237 -1 298 212 299 -1 309 316 237 -1 239 262 301 -1 237 261 279 -1 314 317 315 -1 318 288 315 -1 315 288 313 -1 249 311 319 -1 249 191 275 -1 263 154 245 -1 320 321 322 -1 295 235 291 -1 249 319 276 -1 320 323 317 -1 164 304 272 -1 323 320 322 -1 324 251 276 -1 289 266 307 -1 289 291 235 -1 272 325 326 -1 327 317 323 -1 225 169 328 -1 323 329 327 -1 235 297 289 -1 258 289 297 -1 277 260 308 -1 330 290 331 -1 319 324 276 -1 319 332 333 -1 290 330 291 -1 331 290 334 -1 335 286 285 -1 163 198 336 -1 315 327 337 -1 284 272 326 -1 322 321 338 -1 68 210 214 -1 324 339 305 -1 251 324 305 -1 340 341 342 -1 325 272 304 -1 325 304 343 -1 344 340 342 -1 317 327 315 -1 345 296 316 -1 320 346 321 -1 280 285 255 -1 309 344 342 -1 283 282 347 -1 278 344 309 -1 282 287 347 -1 278 348 344 -1 348 278 308 -1 287 288 318 -1 306 314 313 -1 312 293 226 -1 319 311 332 -1 291 330 349 -1 311 249 275 -1 294 207 298 -1 260 349 308 -1 260 291 349 -1 260 295 291 -1 299 350 298 -1 351 317 314 -1 262 352 301 -1 262 300 352 -1 318 315 353 -1 337 353 315 -1 350 299 354 -1 301 354 299 -1 354 301 352 -1 355 330 331 -1 245 246 356 -1 246 283 357 -1 334 358 331 -1 317 351 320 -1 304 163 336 -1 337 327 359 -1 169 214 328 -1 333 324 319 -1 360 327 329 -1 324 333 339 -1 343 304 336 -1 326 325 343 -1 306 284 326 -1 306 326 351 -1 361 330 355 -1 361 348 330 -1 307 292 362 -1 348 349 330 -1 346 320 363 -1 360 329 364 -1 357 283 347 -1 365 293 312 -1 306 351 314 -1 346 338 321 -1 342 341 345 -1 342 345 316 -1 342 316 309 -1 289 307 366 -1 367 343 368 -1 343 367 363 -1 326 343 363 -1 351 326 363 -1 358 369 331 -1 331 369 355 -1 363 367 346 -1 363 320 351 -1 346 367 370 -1 357 347 371 -1 246 357 356 -1 328 372 225 -1 360 359 327 -1 373 361 355 -1 373 374 361 -1 344 348 361 -1 349 348 308 -1 340 344 375 -1 198 225 336 -1 336 225 368 -1 368 343 336 -1 370 367 368 -1 312 294 376 -1 298 350 377 -1 377 294 298 -1 287 318 378 -1 352 300 379 -1 380 300 263 -1 381 337 359 -1 263 245 356 -1 357 382 356 -1 371 382 357 -1 374 375 361 -1 383 340 375 -1 361 375 344 -1 384 370 368 -1 370 385 346 -1 371 347 386 -1 386 347 287 -1 381 353 337 -1 387 365 312 -1 359 360 364 -1 377 350 388 -1 354 352 389 -1 368 225 372 -1 384 368 372 -1 386 287 390 -1 287 378 390 -1 353 378 318 -1 362 391 307 -1 373 355 369 -1 359 364 392 -1 392 364 393 -1 380 379 300 -1 263 356 394 -1 376 387 312 -1 377 376 294 -1 388 350 354 -1 395 354 389 -1 379 389 352 -1 381 359 392 -1 356 382 396 -1 371 397 382 -1 391 366 307 -1 395 388 354 -1 394 356 396 -1 397 396 382 -1 372 328 398 -1 379 380 399 -1 210 400 214 -1 214 400 328 -1 370 384 401 -1 385 370 401 -1 376 377 402 -1 377 388 402 -1 403 404 405 -1 403 397 371 -1 403 371 386 -1 369 406 373 -1 407 405 404 -1 407 404 408 -1 409 408 404 -1 403 386 390 -1 390 404 403 -1 390 409 404 -1 409 390 378 -1 353 381 410 -1 392 410 381 -1 405 397 403 -1 362 366 391 -1 407 411 405 -1 394 380 263 -1 384 372 412 -1 387 376 413 -1 413 376 402 -1 414 385 415 -1 395 389 416 -1 389 379 399 -1 407 408 417 -1 378 418 409 -1 353 418 378 -1 419 396 397 -1 420 392 393 -1 421 407 417 -1 328 422 398 -1 408 409 417 -1 423 387 424 -1 413 424 387 -1 418 353 410 -1 419 405 411 -1 419 397 405 -1 425 417 409 -1 388 395 402 -1 425 409 418 -1 418 426 425 -1 427 416 419 -1 419 411 427 -1 428 411 407 -1 407 421 428 -1 420 393 429 -1 328 400 422 -1 396 399 380 -1 394 396 380 -1 430 384 412 -1 413 431 424 -1 414 415 432 -1 389 433 416 -1 418 410 426 -1 434 435 427 -1 389 399 433 -1 392 420 436 -1 427 435 416 -1 437 419 416 -1 438 427 411 -1 419 437 396 -1 392 436 410 -1 438 434 427 -1 396 437 399 -1 411 428 438 -1 438 428 439 -1 402 440 413 -1 435 395 416 -1 385 401 415 -1 435 434 441 -1 421 417 442 -1 433 437 416 -1 443 442 417 -1 443 417 425 -1 441 434 444 -1 445 446 410 -1 444 434 438 -1 436 420 447 -1 433 399 437 -1 440 431 413 -1 372 398 412 -1 441 440 402 -1 400 448 422 -1 402 435 441 -1 395 435 402 -1 401 384 430 -1 441 449 440 -1 449 441 444 -1 442 450 421 -1 443 425 426 -1 451 440 449 -1 442 443 452 -1 446 426 410 -1 445 410 436 -1 444 438 453 -1 439 428 450 -1 450 428 421 -1 426 446 443 -1 452 454 442 -1 449 444 455 -1 453 438 456 -1 439 450 457 -1 450 442 458 -1 458 442 454 -1 449 459 451 -1 449 460 459 -1 449 455 460 -1 455 444 460 -1 453 460 444 -1 429 461 420 -1 456 462 453 -1 439 456 438 -1 450 458 457 -1 463 398 422 -1 422 448 463 -1 443 446 452 -1 459 460 464 -1 447 420 461 -1 462 460 453 -1 412 398 463 -1 463 430 412 -1 446 445 465 -1 466 451 459 -1 460 462 464 -1 439 457 467 -1 430 463 448 -1 430 448 401 -1 452 468 454 -1 446 469 452 -1 465 469 446 -1 436 470 445 -1 439 467 456 -1 454 471 458 -1 401 448 472 -1 415 401 472 -1 468 473 454 -1 471 457 458 -1 473 471 454 -1 452 469 468 -1 445 470 465 -1 470 436 447 -1 467 457 471 -1 465 474 469 -1 456 475 462 -1 476 468 469 -1 474 465 470 -1 470 447 477 -1 475 464 462 -1 456 467 478 -1 469 474 479 -1 474 470 477 -1 459 464 480 -1 475 456 478 -1 473 481 471 -1 473 468 482 -1 476 482 468 -1 469 479 476 -1 477 447 483 -1 447 461 483 -1 483 461 484 -1 480 464 485 -1 467 471 486 -1 486 471 481 -1 482 481 473 -1 477 487 474 -1 485 464 475 -1 488 475 478 -1 486 489 467 -1 482 476 490 -1 491 483 484 -1 492 491 484 -1 475 488 485 -1 488 478 493 -1 479 474 487 -1 494 487 477 -1 494 477 483 -1 491 494 483 -1 478 467 493 -1 491 492 495 -1 467 489 493 -1 496 486 481 -1 482 490 497 -1 476 479 498 -1 499 479 487 -1 499 498 479 -1 487 500 499 -1 501 494 491 -1 490 476 502 -1 498 502 476 -1 500 487 494 -1 500 494 501 -1 489 486 503 -1 482 496 481 -1 495 504 491 -1 488 493 505 -1 506 489 503 -1 493 489 506 -1 503 486 507 -1 496 507 486 -1 496 482 497 -1 497 490 508 -1 501 509 500 -1 508 490 502 -1 501 491 504 -1 502 498 499 -1 485 488 505 -1 505 493 506 -1 507 496 510 -1 497 510 496 -1 509 501 511 -1 504 511 501 -1 508 510 497 -1 499 500 512 -1 500 509 512 -1 513 485 505 -1 514 510 508 -1 503 507 515 -1 508 502 516 -1 502 499 516 -1 506 503 515 -1 507 510 517 -1 517 510 514 -1 516 499 512 -1 515 507 517 -1 514 508 518 -1 508 516 518 -1 505 519 513 -1 520 515 517 -1 514 521 517 -1 505 506 519 -1 519 506 522 -1 518 523 514 -1 506 515 522 -1 521 514 523 -1 520 522 515 -1 521 520 517 -1 518 524 523 -1 523 520 521 -1 525 520 523 -1 526 525 523 -1 524 526 523 -1 520 527 522 -1 527 520 525 -1 519 522 528 -1 522 527 528 -1 527 525 529 -1 527 529 528 -1 530 531 532 -1 533 534 535 -1 536 537 538 -1 538 537 539 -1 540 541 542 -1 543 534 533 -1 534 543 544 -1 531 545 532 -1 546 547 548 -1 533 535 549 -1 550 537 551 -1 534 544 552 -1 534 552 530 -1 535 551 549 -1 549 551 537 -1 552 531 530 -1 537 536 549 -1 530 532 553 -1 554 539 550 -1 537 550 539 -1 534 530 555 -1 555 530 556 -1 555 556 550 -1 546 540 554 -1 557 558 556 -1 550 556 558 -1 542 538 540 -1 550 558 547 -1 540 546 559 -1 555 535 534 -1 551 535 555 -1 560 561 552 -1 547 558 562 -1 559 546 548 -1 561 531 552 -1 540 559 563 -1 559 548 564 -1 554 550 547 -1 559 564 563 -1 554 547 546 -1 562 548 547 -1 552 544 565 -1 543 565 544 -1 540 563 541 -1 548 562 566 -1 551 555 550 -1 567 563 564 -1 532 545 568 -1 532 568 557 -1 553 532 557 -1 539 540 538 -1 564 548 569 -1 557 568 570 -1 570 568 571 -1 557 570 572 -1 540 539 554 -1 530 553 556 -1 556 553 557 -1 557 572 558 -1 573 543 533 -1 574 542 575 -1 575 541 576 -1 562 577 578 -1 545 579 568 -1 549 580 533 -1 575 581 582 -1 562 578 583 -1 581 575 576 -1 566 562 583 -1 584 583 578 -1 563 585 586 -1 587 588 589 -1 549 536 580 -1 584 590 583 -1 583 590 569 -1 591 592 593 -1 580 536 594 -1 595 596 597 -1 536 538 598 -1 599 587 600 -1 583 569 566 -1 548 566 569 -1 542 574 538 -1 570 571 601 -1 600 561 602 -1 572 570 603 -1 560 602 561 -1 577 562 603 -1 568 579 604 -1 568 604 571 -1 587 589 600 -1 545 600 589 -1 561 600 531 -1 600 545 531 -1 545 589 605 -1 563 567 585 -1 605 579 545 -1 542 541 575 -1 574 575 582 -1 604 606 607 -1 563 576 541 -1 608 578 577 -1 580 573 533 -1 602 599 600 -1 609 604 607 -1 610 543 573 -1 576 563 586 -1 573 580 611 -1 612 613 581 -1 599 614 587 -1 571 604 609 -1 576 612 581 -1 608 584 578 -1 609 615 571 -1 608 616 617 -1 608 617 618 -1 615 607 619 -1 619 607 620 -1 584 608 618 -1 565 560 552 -1 621 594 536 -1 621 536 598 -1 589 588 605 -1 577 615 616 -1 586 585 622 -1 623 622 624 -1 603 570 601 -1 564 569 625 -1 606 626 627 -1 571 615 601 -1 586 592 576 -1 603 562 572 -1 625 590 628 -1 612 576 592 -1 626 604 579 -1 558 572 562 -1 590 625 569 -1 604 626 606 -1 612 592 591 -1 592 586 593 -1 625 629 623 -1 629 630 631 -1 623 629 631 -1 596 591 593 -1 631 630 632 -1 631 633 623 -1 634 593 635 -1 596 593 634 -1 612 591 596 -1 634 597 596 -1 634 636 597 -1 637 623 633 -1 638 639 588 -1 590 584 640 -1 587 638 588 -1 618 641 642 -1 630 590 640 -1 643 633 644 -1 630 640 642 -1 633 631 644 -1 619 616 615 -1 643 645 635 -1 538 646 598 -1 538 574 646 -1 619 620 647 -1 648 642 641 -1 649 579 605 -1 650 634 635 -1 651 543 610 -1 582 581 613 -1 565 543 651 -1 630 628 590 -1 652 626 653 -1 612 595 613 -1 630 629 628 -1 595 612 596 -1 579 653 626 -1 625 628 629 -1 595 597 654 -1 567 564 624 -1 624 564 625 -1 567 624 585 -1 617 655 656 -1 585 624 622 -1 603 601 577 -1 624 625 623 -1 577 601 615 -1 616 608 577 -1 642 632 630 -1 579 649 653 -1 622 623 637 -1 657 622 637 -1 626 658 659 -1 631 632 660 -1 627 626 659 -1 565 661 560 -1 620 607 662 -1 660 663 631 -1 586 622 657 -1 657 593 586 -1 609 607 615 -1 580 594 611 -1 611 594 664 -1 621 664 594 -1 665 648 641 -1 593 643 635 -1 666 667 659 -1 647 620 668 -1 621 598 669 -1 670 671 667 -1 618 617 672 -1 647 673 674 -1 639 675 676 -1 677 619 647 -1 618 672 641 -1 678 598 646 -1 618 640 584 -1 616 619 677 -1 642 640 618 -1 646 574 679 -1 574 582 679 -1 617 616 677 -1 649 652 653 -1 582 613 680 -1 676 649 639 -1 588 639 649 -1 613 595 680 -1 655 647 674 -1 642 648 681 -1 617 656 672 -1 681 632 642 -1 588 649 605 -1 636 634 682 -1 674 656 655 -1 683 660 632 -1 684 639 638 -1 626 652 685 -1 686 636 682 -1 626 685 658 -1 614 638 587 -1 565 651 661 -1 658 666 659 -1 687 627 659 -1 606 627 662 -1 607 606 662 -1 688 620 689 -1 662 689 620 -1 690 673 691 -1 691 673 692 -1 669 678 693 -1 644 694 695 -1 673 690 674 -1 679 678 646 -1 582 696 679 -1 652 649 676 -1 674 690 697 -1 698 697 690 -1 699 656 674 -1 700 695 701 -1 702 703 695 -1 679 693 678 -1 582 680 696 -1 672 704 641 -1 631 663 705 -1 667 687 659 -1 706 707 703 -1 641 704 665 -1 689 662 627 -1 644 631 705 -1 644 645 643 -1 687 667 688 -1 671 688 667 -1 703 702 706 -1 708 706 702 -1 687 688 689 -1 709 660 683 -1 645 707 635 -1 710 643 593 -1 688 671 668 -1 635 707 650 -1 663 660 711 -1 671 692 668 -1 650 682 634 -1 650 707 706 -1 620 688 668 -1 686 682 706 -1 673 668 692 -1 632 681 683 -1 712 686 706 -1 706 713 712 -1 668 673 647 -1 682 650 706 -1 655 677 647 -1 617 677 655 -1 644 705 694 -1 711 714 694 -1 694 714 715 -1 716 694 715 -1 694 701 695 -1 701 694 716 -1 598 678 669 -1 717 664 621 -1 669 717 621 -1 718 719 720 -1 691 721 722 -1 712 723 686 -1 724 670 720 -1 692 671 724 -1 725 690 691 -1 692 724 726 -1 727 728 690 -1 692 726 691 -1 691 726 721 -1 707 695 703 -1 729 669 693 -1 690 728 698 -1 709 683 730 -1 693 679 731 -1 656 699 704 -1 732 702 695 -1 672 656 704 -1 696 680 733 -1 700 732 695 -1 680 595 654 -1 665 704 699 -1 734 709 730 -1 699 674 697 -1 699 697 665 -1 593 657 710 -1 637 633 735 -1 633 643 735 -1 735 643 710 -1 627 687 689 -1 660 709 736 -1 654 597 737 -1 736 711 660 -1 738 739 702 -1 597 636 737 -1 736 709 740 -1 740 714 736 -1 736 714 711 -1 636 686 737 -1 741 665 697 -1 734 740 709 -1 742 738 732 -1 743 667 666 -1 740 715 714 -1 715 740 744 -1 702 732 738 -1 667 743 670 -1 705 663 711 -1 670 724 671 -1 694 705 711 -1 738 745 739 -1 648 665 741 -1 708 702 739 -1 746 648 747 -1 716 715 748 -1 706 708 749 -1 747 697 750 -1 723 712 751 -1 573 611 752 -1 713 706 749 -1 751 712 713 -1 664 753 754 -1 713 755 751 -1 664 717 753 -1 756 723 751 -1 746 747 730 -1 751 757 756 -1 757 751 758 -1 648 746 681 -1 683 746 730 -1 746 683 681 -1 611 664 759 -1 759 664 754 -1 710 657 760 -1 691 722 761 -1 762 753 717 -1 749 763 713 -1 764 762 717 -1 717 669 764 -1 722 765 761 -1 755 713 766 -1 730 747 767 -1 737 686 768 -1 751 755 758 -1 757 758 769 -1 729 764 669 -1 770 764 729 -1 708 763 749 -1 686 723 771 -1 739 763 708 -1 771 723 756 -1 731 729 693 -1 713 763 766 -1 731 679 696 -1 718 772 719 -1 763 773 766 -1 644 695 645 -1 645 695 707 -1 750 697 698 -1 767 774 734 -1 720 719 721 -1 670 718 720 -1 731 696 775 -1 742 701 776 -1 742 776 777 -1 700 701 742 -1 720 721 726 -1 750 778 779 -1 779 778 780 -1 779 747 750 -1 777 781 742 -1 775 696 782 -1 742 732 700 -1 782 696 733 -1 741 697 747 -1 726 724 720 -1 747 648 741 -1 680 654 733 -1 781 777 783 -1 784 738 742 -1 734 774 785 -1 786 722 787 -1 721 787 722 -1 763 739 788 -1 734 785 740 -1 740 789 744 -1 744 790 715 -1 748 715 790 -1 716 748 791 -1 776 701 716 -1 791 776 716 -1 790 777 791 -1 783 777 790 -1 637 735 760 -1 757 769 792 -1 734 730 767 -1 761 725 691 -1 722 793 765 -1 755 794 758 -1 767 795 774 -1 725 761 727 -1 769 758 794 -1 764 770 796 -1 761 765 797 -1 761 797 727 -1 797 798 799 -1 765 798 797 -1 800 770 729 -1 797 799 801 -1 788 773 763 -1 802 768 803 -1 727 797 801 -1 729 731 775 -1 804 727 801 -1 729 775 800 -1 805 769 794 -1 719 772 806 -1 800 775 782 -1 804 801 807 -1 791 748 790 -1 721 719 787 -1 787 719 808 -1 740 785 789 -1 789 785 809 -1 810 787 808 -1 768 686 771 -1 782 733 654 -1 811 789 809 -1 654 737 782 -1 690 725 727 -1 811 744 789 -1 745 812 813 -1 786 787 810 -1 728 727 804 -1 814 809 815 -1 811 809 816 -1 728 750 698 -1 750 728 778 -1 809 814 816 -1 784 742 781 -1 817 818 819 -1 811 816 820 -1 804 807 778 -1 807 780 778 -1 821 744 811 -1 821 790 744 -1 822 818 817 -1 823 745 738 -1 790 821 820 -1 821 811 820 -1 791 777 776 -1 790 820 783 -1 824 825 820 -1 767 747 795 -1 657 637 760 -1 826 771 756 -1 824 827 828 -1 829 800 782 -1 728 804 778 -1 769 805 792 -1 802 737 768 -1 830 831 807 -1 832 792 805 -1 782 802 829 -1 802 782 737 -1 780 807 831 -1 828 833 834 -1 827 833 828 -1 752 611 835 -1 611 759 835 -1 805 794 836 -1 837 819 838 -1 795 747 779 -1 779 780 795 -1 719 806 808 -1 838 819 818 -1 831 830 839 -1 610 573 840 -1 781 834 784 -1 834 781 783 -1 780 831 795 -1 795 831 839 -1 784 834 823 -1 784 823 738 -1 841 834 833 -1 823 834 841 -1 739 745 842 -1 795 839 843 -1 788 739 842 -1 842 844 788 -1 762 764 796 -1 844 842 813 -1 845 846 762 -1 817 847 822 -1 795 843 848 -1 812 841 849 -1 745 823 812 -1 845 762 796 -1 843 850 848 -1 813 812 849 -1 770 851 852 -1 800 851 770 -1 853 788 844 -1 774 795 848 -1 813 854 844 -1 852 796 770 -1 796 852 845 -1 853 844 854 -1 773 788 853 -1 855 856 786 -1 857 858 774 -1 774 858 785 -1 785 858 815 -1 858 857 815 -1 855 786 810 -1 785 815 809 -1 766 794 755 -1 794 766 773 -1 859 814 857 -1 794 773 860 -1 815 857 814 -1 836 794 860 -1 786 856 793 -1 793 856 798 -1 816 824 820 -1 783 820 825 -1 786 793 722 -1 861 783 825 -1 765 793 798 -1 862 799 798 -1 862 863 799 -1 864 807 801 -1 756 757 826 -1 865 852 851 -1 814 859 866 -1 867 814 866 -1 861 834 783 -1 808 806 868 -1 757 792 869 -1 870 869 832 -1 813 842 745 -1 800 829 871 -1 832 872 870 -1 873 871 829 -1 874 875 876 -1 843 877 850 -1 850 877 878 -1 874 827 879 -1 829 802 873 -1 880 819 837 -1 881 773 853 -1 827 874 882 -1 805 836 832 -1 883 855 810 -1 859 848 850 -1 848 857 774 -1 884 855 883 -1 860 773 881 -1 832 885 872 -1 848 859 857 -1 885 832 886 -1 827 824 879 -1 881 887 836 -1 888 819 880 -1 859 850 889 -1 890 836 887 -1 891 855 884 -1 891 856 855 -1 816 814 875 -1 836 860 881 -1 834 861 828 -1 812 823 841 -1 892 802 803 -1 817 819 893 -1 803 894 892 -1 816 875 824 -1 893 819 888 -1 841 833 895 -1 828 825 824 -1 861 825 828 -1 896 822 847 -1 803 768 771 -1 813 849 897 -1 898 817 893 -1 826 803 771 -1 899 754 753 -1 898 847 817 -1 862 798 856 -1 762 899 753 -1 880 900 888 -1 854 813 901 -1 902 853 854 -1 888 903 893 -1 837 904 880 -1 880 904 905 -1 880 905 900 -1 813 906 901 -1 846 899 762 -1 902 881 853 -1 907 846 845 -1 908 881 902 -1 900 905 907 -1 892 873 802 -1 891 862 856 -1 863 864 799 -1 864 801 799 -1 864 909 910 -1 910 807 864 -1 911 830 807 -1 912 830 911 -1 839 830 912 -1 839 913 877 -1 843 839 877 -1 888 900 914 -1 897 849 915 -1 914 903 888 -1 859 889 866 -1 903 898 893 -1 813 897 906 -1 916 917 837 -1 866 889 918 -1 909 864 863 -1 894 803 826 -1 837 917 904 -1 875 814 867 -1 919 920 921 -1 905 904 917 -1 846 907 905 -1 922 826 757 -1 854 901 923 -1 924 907 845 -1 866 918 925 -1 902 854 923 -1 910 909 926 -1 903 927 898 -1 866 876 867 -1 876 866 925 -1 887 881 908 -1 832 869 792 -1 925 928 876 -1 852 924 845 -1 928 925 929 -1 807 910 911 -1 930 872 931 -1 932 933 927 -1 875 867 876 -1 924 852 865 -1 808 868 810 -1 934 930 931 -1 851 800 871 -1 847 935 896 -1 879 824 875 -1 832 836 936 -1 879 875 874 -1 912 937 913 -1 865 851 938 -1 912 913 839 -1 936 836 890 -1 874 876 928 -1 939 865 938 -1 872 885 940 -1 863 862 941 -1 932 942 933 -1 827 882 943 -1 872 944 931 -1 938 873 892 -1 710 760 945 -1 909 863 941 -1 573 752 840 -1 895 946 841 -1 849 841 946 -1 919 849 946 -1 943 947 833 -1 849 919 915 -1 906 897 915 -1 903 914 948 -1 949 950 894 -1 878 951 952 -1 894 826 949 -1 948 953 903 -1 951 954 952 -1 826 922 949 -1 920 895 955 -1 889 850 952 -1 922 757 869 -1 889 952 918 -1 918 952 954 -1 920 919 895 -1 946 895 919 -1 932 903 953 -1 956 954 951 -1 932 927 903 -1 917 957 905 -1 937 912 911 -1 846 905 957 -1 920 958 921 -1 930 934 959 -1 935 847 898 -1 914 900 907 -1 927 933 960 -1 918 954 961 -1 924 865 948 -1 962 915 921 -1 832 936 886 -1 886 936 963 -1 962 906 915 -1 964 886 963 -1 890 963 936 -1 871 938 851 -1 865 965 948 -1 872 940 944 -1 925 918 966 -1 886 964 885 -1 940 885 944 -1 958 967 921 -1 961 966 918 -1 938 871 873 -1 944 885 964 -1 944 964 968 -1 928 882 874 -1 965 865 939 -1 969 891 884 -1 968 964 963 -1 878 877 970 -1 882 971 943 -1 972 944 968 -1 833 827 943 -1 941 862 891 -1 928 929 973 -1 878 970 951 -1 908 974 887 -1 901 906 962 -1 939 938 892 -1 901 975 923 -1 901 962 975 -1 976 923 975 -1 942 977 933 -1 978 890 887 -1 963 890 979 -1 980 963 979 -1 978 979 890 -1 978 887 974 -1 968 963 980 -1 965 953 948 -1 869 870 981 -1 982 872 983 -1 872 930 983 -1 878 952 850 -1 983 930 959 -1 982 981 870 -1 872 982 870 -1 975 962 984 -1 985 917 916 -1 976 975 986 -1 957 917 985 -1 987 934 931 -1 972 931 944 -1 961 954 988 -1 907 924 989 -1 929 925 966 -1 976 990 974 -1 990 976 991 -1 948 914 989 -1 987 972 968 -1 992 977 942 -1 985 916 993 -1 924 948 989 -1 994 933 977 -1 979 995 980 -1 892 894 996 -1 895 833 947 -1 996 894 950 -1 935 898 927 -1 997 928 973 -1 895 947 955 -1 927 998 935 -1 928 997 882 -1 882 997 971 -1 998 927 960 -1 999 950 1000 -1 915 919 921 -1 973 1001 997 -1 967 958 1002 -1 947 943 971 -1 922 869 981 -1 921 1003 962 -1 908 902 1004 -1 955 947 971 -1 955 1005 920 -1 1006 1005 955 -1 955 971 1007 -1 883 969 884 -1 1008 981 1009 -1 974 908 1004 -1 981 982 1009 -1 1010 965 1011 -1 939 1011 965 -1 953 965 1010 -1 1012 1009 982 -1 1012 982 983 -1 899 846 957 -1 985 993 1013 -1 1014 961 988 -1 1015 1016 892 -1 752 835 1017 -1 1004 923 976 -1 994 960 933 -1 987 931 972 -1 1004 976 974 -1 980 1018 968 -1 968 1018 987 -1 1014 966 961 -1 907 989 914 -1 1019 990 991 -1 966 1020 929 -1 977 1021 994 -1 935 1022 896 -1 1023 1002 958 -1 892 996 1015 -1 1023 1024 1002 -1 1025 999 1026 -1 973 929 1020 -1 1020 1027 973 -1 999 1000 1026 -1 986 975 1028 -1 949 922 1008 -1 962 1003 984 -1 902 923 1004 -1 1007 971 997 -1 978 1029 979 -1 979 1029 995 -1 1000 950 949 -1 1000 949 1009 -1 980 1030 1018 -1 1031 1000 1009 -1 974 990 1032 -1 1031 1009 1012 -1 1032 1033 1029 -1 981 1008 922 -1 953 1010 932 -1 959 1034 983 -1 997 1001 1035 -1 1011 939 1016 -1 939 892 1016 -1 840 752 1036 -1 960 994 1037 -1 1038 1007 1039 -1 1039 1007 1040 -1 1041 986 1028 -1 1005 958 920 -1 992 1042 977 -1 1038 1039 1006 -1 1014 988 1043 -1 1003 921 967 -1 1021 977 1042 -1 967 1044 1003 -1 1045 759 754 -1 735 710 945 -1 754 899 1046 -1 974 1032 978 -1 950 999 996 -1 957 1046 899 -1 1047 1048 1043 -1 1028 984 1003 -1 966 1014 1043 -1 1020 966 1043 -1 975 984 1028 -1 1009 949 1008 -1 1029 1033 995 -1 1043 1048 1020 -1 1027 1020 1049 -1 998 1050 935 -1 1001 973 1027 -1 1037 998 960 -1 995 1051 980 -1 1012 1052 1031 -1 958 1005 1023 -1 1023 1005 1006 -1 1039 1023 1006 -1 980 1051 1030 -1 1024 1023 1039 -1 1039 1053 1024 -1 1054 1039 1040 -1 1053 1039 1054 -1 1051 995 1033 -1 983 1052 1012 -1 1002 1024 1044 -1 1044 967 1002 -1 1028 1003 1044 -1 1028 1044 1055 -1 1024 1055 1044 -1 1051 1056 1030 -1 1056 1018 1030 -1 1029 978 1032 -1 1032 990 1019 -1 1033 1032 1057 -1 1051 1058 1056 -1 1018 1059 987 -1 1060 987 1059 -1 1052 983 1061 -1 1055 1024 1053 -1 959 934 1062 -1 1028 1055 1063 -1 1001 1027 1064 -1 1062 934 987 -1 1001 1040 1035 -1 1065 1041 1028 -1 1001 1064 1066 -1 1066 1040 1001 -1 1037 994 1067 -1 1068 1028 1063 -1 986 1069 976 -1 1021 1067 994 -1 991 976 1069 -1 1041 1069 986 -1 1041 1065 1019 -1 760 735 945 -1 1041 1019 991 -1 1025 996 999 -1 1007 1035 1040 -1 1054 1070 1053 -1 1031 1026 1000 -1 955 1038 1006 -1 1049 1020 1048 -1 997 1035 1007 -1 1038 955 1007 -1 1032 1019 1057 -1 1033 1057 1071 -1 1072 1054 1040 -1 1057 1019 1071 -1 1073 1045 754 -1 1051 1033 1074 -1 1027 1049 1064 -1 1075 957 985 -1 1059 1018 1076 -1 1050 1022 935 -1 1077 1059 1076 -1 932 1010 1078 -1 991 1069 1041 -1 942 932 1078 -1 1079 1072 1066 -1 1066 1072 1040 -1 1065 1071 1019 -1 1065 1080 1071 -1 1053 1070 1081 -1 1082 1081 1070 -1 1051 1074 1058 -1 1074 1083 1058 -1 1056 1058 1084 -1 1045 835 759 -1 1073 754 1046 -1 985 1013 1075 -1 1042 992 1085 -1 1082 1086 1081 -1 1036 752 1017 -1 1053 1081 1055 -1 1063 1055 1081 -1 1076 1018 1087 -1 1088 1059 1077 -1 1018 1056 1087 -1 1063 1081 1089 -1 1090 1056 1084 -1 1050 998 1091 -1 1068 1080 1065 -1 1068 1065 1028 -1 1092 1015 996 -1 1066 1064 1079 -1 1092 996 1025 -1 1093 1026 1031 -1 1034 1061 983 -1 1034 959 1062 -1 1074 1033 1094 -1 1033 1071 1094 -1 1094 1071 1080 -1 1074 1094 1083 -1 1083 1084 1058 -1 1095 1082 1070 -1 1083 1096 1084 -1 1096 1083 1097 -1 1054 1072 1098 -1 1077 1076 1087 -1 1098 1099 1054 -1 1090 1087 1056 -1 1070 1054 1099 -1 1095 1070 1099 -1 1045 1017 835 -1 1080 1068 1100 -1 1068 1063 1089 -1 1081 1101 1089 -1 1086 1102 1081 -1 1091 998 1037 -1 1062 987 1060 -1 1060 1059 1088 -1 1088 1077 1103 -1 1104 1088 1103 -1 1087 1103 1077 -1 1105 1087 1090 -1 1090 1084 1096 -1 1089 1101 1106 -1 1107 1099 1098 -1 1107 1108 1099 -1 1100 1068 1089 -1 1101 1081 1102 -1 1100 1089 1106 -1 1109 1100 1106 -1 1046 957 1110 -1 1080 1100 1094 -1 1097 1094 1100 -1 1109 1106 1111 -1 1083 1094 1097 -1 1050 1112 1022 -1 1100 1113 1097 -1 1091 1114 1050 -1 1115 1097 1113 -1 1073 1116 1045 -1 1042 1117 1021 -1 1092 1025 1118 -1 1025 1026 1118 -1 1095 1099 1119 -1 1087 1104 1103 -1 1011 1016 1120 -1 1086 1082 1121 -1 1122 1082 1095 -1 1123 1105 1090 -1 1108 1107 1124 -1 1123 1090 1096 -1 1125 1102 1126 -1 1108 1119 1099 -1 1127 1102 1125 -1 1101 1102 1127 -1 1128 1016 1015 -1 1110 1073 1046 -1 1075 1110 957 -1 1129 1075 1013 -1 1112 1050 1114 -1 1130 1067 1021 -1 1091 1037 1131 -1 1132 1131 1037 -1 1067 1132 1037 -1 1096 1097 1115 -1 1113 1100 1109 -1 1133 1113 1109 -1 1133 1109 1134 -1 1116 1036 1017 -1 1042 1085 1135 -1 1111 1136 1109 -1 1116 1017 1045 -1 1134 1109 1136 -1 1123 1096 1115 -1 1117 1042 1137 -1 1130 1021 1117 -1 1138 1117 1137 -1 1138 1130 1117 -1 1026 1093 1139 -1 1034 1062 1140 -1 1060 1140 1062 -1 1132 1067 1130 -1 1102 1086 1126 -1 1137 1042 1141 -1 1142 1101 1127 -1 1106 1101 1142 -1 1111 1106 1142 -1 1143 1111 1142 -1 1060 1088 1144 -1 1145 1123 1115 -1 1113 1145 1115 -1 1144 1088 1104 -1 1138 1137 1146 -1 1147 1138 1146 -1 1148 1123 1145 -1 1149 1011 1120 -1 1078 1010 1150 -1 1118 1026 1139 -1 1147 1146 1151 -1 1133 1152 1113 -1 1116 1073 1153 -1 1095 1119 1154 -1 1095 1154 1122 -1 1122 1121 1082 -1 1143 1155 1111 -1 1136 1111 1155 -1 1107 1156 1157 -1 1138 1147 1130 -1 1152 1145 1113 -1 1158 1118 1139 -1 1159 1152 1133 -1 1093 1031 1160 -1 1052 1160 1031 -1 1061 1034 1161 -1 1034 1140 1161 -1 1116 1153 1036 -1 1153 1073 1162 -1 1124 1107 1157 -1 1133 1163 1159 -1 1108 1124 1164 -1 1165 1166 1154 -1 1122 1154 1166 -1 1126 1086 1167 -1 1168 1169 1167 -1 1169 1168 1170 -1 1171 1162 1073 -1 1119 1165 1154 -1 1165 1119 1172 -1 1165 1172 1173 -1 1150 1010 1174 -1 1011 1174 1010 -1 1150 1175 1078 -1 1085 992 1176 -1 1177 1130 1147 -1 1178 1122 1167 -1 1015 1092 1128 -1 1136 1179 1180 -1 1166 1167 1122 -1 1134 1136 1180 -1 1118 1181 1092 -1 1122 1178 1121 -1 1133 1134 1182 -1 1121 1178 1086 -1 1167 1086 1178 -1 1042 1135 1141 -1 1137 1141 1183 -1 1184 1152 1159 -1 1169 1126 1167 -1 1158 1181 1118 -1 1126 1185 1125 -1 1185 1126 1169 -1 1164 1124 1157 -1 1170 1186 1187 -1 1170 1188 1186 -1 1170 1168 1188 -1 1189 1190 1142 -1 1142 1190 1143 -1 1172 1108 1164 -1 1125 1185 1187 -1 1164 1173 1172 -1 1191 1143 1190 -1 1171 1073 1110 -1 1075 1129 1192 -1 1110 1075 1192 -1 1108 1172 1119 -1 1052 1061 1160 -1 1165 1173 1193 -1 1179 1136 1155 -1 1194 1166 1195 -1 1166 1194 1167 -1 1168 1167 1194 -1 942 1078 1175 -1 1177 1147 1196 -1 1169 1170 1185 -1 1092 1181 1197 -1 1188 1168 1198 -1 1187 1185 1170 -1 1199 1191 1189 -1 1189 1191 1190 -1 1163 1133 1182 -1 1132 1200 1131 -1 1189 1142 1127 -1 1187 1127 1125 -1 1187 1189 1127 -1 1201 1191 1199 -1 1137 1183 1146 -1 1157 1202 1164 -1 1173 1164 1203 -1 1159 1163 1204 -1 1180 1182 1134 -1 1132 1130 1177 -1 1205 1168 1194 -1 1168 1205 1206 -1 1206 1198 1168 -1 942 1176 992 -1 1179 1207 1180 -1 1120 1016 1128 -1 1092 1197 1128 -1 1187 1186 1189 -1 1164 1202 1203 -1 1163 1182 1208 -1 1192 1171 1110 -1 1186 1188 1209 -1 1114 1210 1112 -1 1151 1146 1211 -1 1212 1155 1143 -1 1179 1155 1212 -1 1143 1201 1212 -1 1191 1201 1143 -1 1201 1207 1212 -1 1166 1165 1213 -1 1195 1166 1213 -1 1214 1207 1201 -1 1215 1207 1214 -1 1161 1140 1216 -1 1174 1011 1149 -1 1179 1212 1207 -1 1175 1176 942 -1 1199 1189 1217 -1 1207 1182 1180 -1 1207 1215 1182 -1 1199 1214 1201 -1 1203 1218 1173 -1 1218 1219 1173 -1 1182 1215 1208 -1 1208 1215 1220 -1 1211 1146 1183 -1 1093 1160 1221 -1 1091 1131 1222 -1 1193 1173 1219 -1 1193 1213 1165 -1 1223 1224 1194 -1 1091 1210 1114 -1 1222 1210 1091 -1 1225 1199 1226 -1 1227 1163 1208 -1 1163 1227 1204 -1 1160 1061 1161 -1 1128 1197 1228 -1 1229 1230 1197 -1 1197 1181 1229 -1 1181 1158 1229 -1 1193 1219 1231 -1 1193 1232 1213 -1 1183 1141 1233 -1 1200 1132 1177 -1 1194 1195 1234 -1 1192 1129 1235 -1 1236 1139 1221 -1 1139 1093 1221 -1 1205 1194 1224 -1 1237 1198 1206 -1 1189 1186 1238 -1 1217 1189 1238 -1 1239 1147 1151 -1 1188 1198 1209 -1 1225 1214 1199 -1 1131 1200 1240 -1 1120 1128 1228 -1 1231 1219 1218 -1 1228 1197 1230 -1 1231 1232 1193 -1 1135 1085 1176 -1 1241 1213 1232 -1 1195 1213 1241 -1 1195 1241 1234 -1 1233 1141 1242 -1 1194 1234 1223 -1 1224 1223 1243 -1 1235 1162 1192 -1 1171 1192 1162 -1 1205 1224 1243 -1 1209 1198 1237 -1 1206 1205 1243 -1 1141 1135 1244 -1 1242 1141 1244 -1 1147 1239 1196 -1 1209 1238 1186 -1 1151 1211 1245 -1 1239 1151 1245 -1 1158 1139 1246 -1 1246 1139 1236 -1 1247 1218 1203 -1 1214 1225 1248 -1 1233 1211 1183 -1 1249 1248 1225 -1 1250 1214 1248 -1 1174 1251 1150 -1 1150 1251 1252 -1 1251 1174 1149 -1 1252 1175 1150 -1 1241 1232 1253 -1 1254 1200 1177 -1 1196 1254 1177 -1 1255 1229 1158 -1 1135 1176 1256 -1 1247 1231 1218 -1 1217 1257 1199 -1 1226 1199 1257 -1 1131 1240 1222 -1 1215 1214 1250 -1 1250 1258 1215 -1 1149 1120 1259 -1 1260 1175 1252 -1 1176 1175 1260 -1 1248 1261 1250 -1 1261 1248 1249 -1 1262 1233 1242 -1 1222 1263 1210 -1 1233 1262 1211 -1 1161 1264 1160 -1 1264 1161 1216 -1 1259 1120 1228 -1 1261 1258 1250 -1 1240 1200 1265 -1 1158 1246 1255 -1 1243 1266 1206 -1 1266 1237 1206 -1 1217 1238 1257 -1 1238 1209 1267 -1 1268 1226 1257 -1 1225 1226 1268 -1 1269 1222 1240 -1 1231 1253 1232 -1 1149 1259 1270 -1 1245 1211 1271 -1 1260 1252 1272 -1 1243 1223 1234 -1 1272 1259 1228 -1 1209 1237 1267 -1 1160 1264 1221 -1 1273 1229 1255 -1 1244 1135 1273 -1 1252 1251 1270 -1 1272 1252 1270 -1 1259 1272 1270 -1 1176 1260 1272 -1 1272 1256 1176 -1 1274 1243 1234 -1 1230 1272 1228 -1 1256 1230 1229 -1 1275 1265 1200 -1 1267 1257 1238 -1 1256 1273 1135 -1 1244 1273 1255 -1 1262 1242 1276 -1 1211 1262 1271 -1 1277 1236 1221 -1 1256 1272 1230 -1 1273 1256 1229 -1 1255 1246 1278 -1 1244 1276 1242 -1 1254 1275 1200 -1 1278 1236 1277 -1 1269 1263 1222 -1 1264 1216 1279 -1 1216 1280 1279 -1 1281 1263 1269 -1 1278 1244 1255 -1 1276 1244 1278 -1 1236 1278 1246 -1 1271 1262 1282 -1 1283 1277 1221 -1 1221 1264 1283 -1 1264 1279 1284 -1 1276 1278 1262 -1 1277 1262 1278 -1 1240 1281 1269 -1 1282 1285 1271 -1 1282 1277 1283 -1 1277 1282 1262 -1 1283 1264 1284 -1 1275 1286 1265 -1 1287 1275 1254 -1 1288 1283 1284 -1 1289 1281 1240 -1 1240 1265 1289 -1 1288 1282 1283 -1 1290 1281 1289 -1 1286 1289 1265 -1 1288 1284 1291 -1 1285 1282 1292 -1 1292 1282 1288 -1 1284 1279 1291 -1 1293 1285 1292 -1 1292 1294 1293 -1 1294 1292 1288 -1 1294 1288 1291 -1 1295 1296 1297 -1 1298 1299 1295 -1 1300 1301 1302 -1 1303 1301 1304 -1 1305 1303 1304 -1 1306 1307 1308 -1 1309 1304 1310 -1 1309 1310 1311 -1 1309 1311 1296 -1 1312 1309 1296 -1 1313 1314 1315 -1 1295 1312 1296 -1 1300 1316 1317 -1 1318 1319 1317 -1 1317 1319 1300 -1 1300 1319 1320 -1 1320 1301 1300 -1 1301 1320 1310 -1 1301 1310 1304 -1 1310 1321 1322 -1 1311 1310 1322 -1 1296 1311 1323 -1 1299 1298 1307 -1 1315 1316 1313 -1 1315 1317 1316 -1 1302 1316 1300 -1 1324 1308 1307 -1 1308 1325 1306 -1 1319 1326 1320 -1 1326 1310 1320 -1 1310 1326 1321 -1 1322 1327 1323 -1 1311 1322 1323 -1 1328 1329 1314 -1 1329 1328 1330 -1 1331 1329 1330 -1 1314 1329 1315 -1 1323 1327 1332 -1 1317 1315 1331 -1 1332 1333 1323 -1 1323 1333 1296 -1 1334 1335 1333 -1 1317 1331 1318 -1 1296 1333 1297 -1 1297 1298 1295 -1 1298 1297 1307 -1 1307 1297 1335 -1 1307 1335 1336 -1 1307 1336 1337 -1 1324 1338 1308 -1 1324 1307 1337 -1 1326 1319 1339 -1 1338 1325 1308 -1 1322 1321 1340 -1 1341 1327 1340 -1 1327 1341 1342 -1 1315 1329 1331 -1 1334 1333 1332 -1 1318 1330 1343 -1 1330 1318 1331 -1 1297 1333 1335 -1 1344 1336 1335 -1 1338 1324 1345 -1 1321 1326 1346 -1 1347 1337 1336 -1 1347 1348 1349 -1 1321 1346 1350 -1 1324 1337 1345 -1 1321 1350 1340 -1 1340 1350 1351 -1 1345 1337 1352 -1 1345 1352 1338 -1 1352 1337 1347 -1 1352 1347 1353 -1 1351 1341 1340 -1 1322 1340 1327 -1 1338 1354 1325 -1 1338 1352 1355 -1 1354 1338 1355 -1 1328 1356 1357 -1 1332 1327 1342 -1 1330 1328 1358 -1 1334 1359 1335 -1 1360 1355 1361 -1 1362 1350 1346 -1 1353 1363 1352 -1 1363 1355 1352 -1 1364 1350 1365 -1 1351 1350 1341 -1 1360 1361 1366 -1 1350 1364 1341 -1 1342 1341 1367 -1 1366 1363 1368 -1 1369 1360 1366 -1 1334 1342 1370 -1 1334 1332 1342 -1 1328 1371 1356 -1 1359 1334 1370 -1 1344 1335 1359 -1 1372 1357 1356 -1 1368 1373 1366 -1 1369 1366 1373 -1 1358 1328 1357 -1 1374 1369 1373 -1 1330 1358 1343 -1 1347 1344 1348 -1 1336 1344 1347 -1 1318 1343 1339 -1 1318 1339 1319 -1 1353 1347 1375 -1 1376 1373 1377 -1 1377 1378 1376 -1 1339 1346 1326 -1 1350 1362 1365 -1 1361 1355 1363 -1 1363 1366 1361 -1 1378 1377 1379 -1 1342 1367 1370 -1 1359 1380 1344 -1 1348 1344 1380 -1 1348 1380 1381 -1 1343 1358 1382 -1 1383 1343 1382 -1 1377 1384 1385 -1 1381 1380 1386 -1 1379 1377 1385 -1 1371 1387 1356 -1 1379 1385 1388 -1 1349 1348 1381 -1 1347 1349 1375 -1 1358 1357 1382 -1 1372 1382 1357 -1 1378 1379 1389 -1 1363 1353 1390 -1 1390 1368 1363 -1 1391 1383 1392 -1 1383 1391 1343 -1 1346 1392 1362 -1 1384 1377 1373 -1 1380 1359 1393 -1 1379 1394 1395 -1 1375 1381 1396 -1 1389 1379 1395 -1 1349 1381 1375 -1 1339 1343 1391 -1 1390 1353 1375 -1 1339 1391 1346 -1 1390 1397 1368 -1 1398 1365 1362 -1 1368 1397 1373 -1 1397 1384 1373 -1 1372 1399 1382 -1 1382 1399 1383 -1 1364 1400 1401 -1 1402 1384 1403 -1 1401 1341 1364 -1 1392 1346 1391 -1 1367 1341 1401 -1 1398 1362 1392 -1 1372 1356 1404 -1 1399 1372 1404 -1 1397 1390 1375 -1 1399 1405 1383 -1 1384 1397 1403 -1 1383 1405 1392 -1 1365 1398 1406 -1 1398 1407 1406 -1 1388 1394 1379 -1 1400 1365 1406 -1 1365 1400 1364 -1 1400 1406 1408 -1 1400 1408 1401 -1 1409 1370 1367 -1 1395 1394 1410 -1 1396 1381 1386 -1 1411 1397 1375 -1 1403 1397 1411 -1 1387 1404 1356 -1 1384 1412 1413 -1 1392 1407 1398 -1 1388 1413 1414 -1 1415 1401 1408 -1 1367 1401 1415 -1 1370 1409 1416 -1 1405 1407 1392 -1 1402 1417 1418 -1 1412 1402 1418 -1 1406 1407 1419 -1 1413 1412 1420 -1 1412 1418 1420 -1 1385 1413 1388 -1 1367 1415 1409 -1 1410 1388 1414 -1 1420 1414 1413 -1 1409 1415 1421 -1 1410 1422 1395 -1 1399 1404 1423 -1 1395 1422 1424 -1 1408 1406 1425 -1 1359 1370 1416 -1 1393 1359 1416 -1 1386 1380 1393 -1 1396 1386 1426 -1 1411 1396 1427 -1 1375 1396 1411 -1 1428 1402 1403 -1 1402 1412 1384 -1 1385 1384 1413 -1 1394 1388 1410 -1 1418 1417 1429 -1 1430 1429 1417 -1 1420 1418 1431 -1 1418 1429 1431 -1 1421 1416 1409 -1 1420 1432 1414 -1 1406 1419 1433 -1 1433 1425 1406 -1 1408 1425 1415 -1 1410 1414 1422 -1 1422 1434 1424 -1 1435 1403 1436 -1 1428 1403 1435 -1 1417 1402 1428 -1 1437 1414 1432 -1 1414 1437 1422 -1 1434 1438 1424 -1 1435 1430 1428 -1 1428 1430 1417 -1 1405 1399 1423 -1 1423 1439 1405 -1 1430 1431 1429 -1 1431 1430 1440 -1 1431 1441 1420 -1 1416 1421 1442 -1 1416 1442 1443 -1 1440 1444 1431 -1 1396 1426 1427 -1 1445 1438 1434 -1 1436 1446 1435 -1 1435 1446 1447 -1 1404 1448 1423 -1 1422 1449 1434 -1 1435 1447 1430 -1 1415 1425 1450 -1 1441 1431 1444 -1 1420 1441 1451 -1 1405 1439 1452 -1 1415 1450 1421 -1 1453 1454 1455 -1 1407 1405 1452 -1 1419 1407 1456 -1 1451 1432 1420 -1 1407 1452 1456 -1 1442 1421 1457 -1 1458 1419 1455 -1 1416 1443 1393 -1 1437 1432 1459 -1 1393 1460 1386 -1 1445 1461 1438 -1 1411 1436 1403 -1 1440 1430 1447 -1 1462 1438 1461 -1 1421 1450 1463 -1 1464 1453 1456 -1 1453 1455 1456 -1 1456 1455 1419 -1 1465 1441 1444 -1 1451 1441 1465 -1 1459 1432 1451 -1 1459 1466 1437 -1 1467 1459 1465 -1 1466 1459 1467 -1 1467 1465 1468 -1 1419 1458 1433 -1 1422 1466 1449 -1 1445 1434 1449 -1 1461 1445 1449 -1 1449 1466 1467 -1 1448 1469 1423 -1 1469 1470 1454 -1 1426 1386 1460 -1 1423 1471 1439 -1 1452 1439 1471 -1 1454 1453 1472 -1 1426 1473 1427 -1 1440 1447 1474 -1 1422 1437 1466 -1 1443 1442 1475 -1 1393 1443 1475 -1 1460 1393 1475 -1 1458 1455 1476 -1 1470 1477 1454 -1 1461 1478 1462 -1 1450 1425 1479 -1 1480 1450 1479 -1 1481 1482 1450 -1 1463 1450 1482 -1 1472 1469 1454 -1 1411 1427 1483 -1 1464 1452 1471 -1 1457 1421 1463 -1 1455 1454 1484 -1 1456 1452 1464 -1 1459 1451 1465 -1 1457 1485 1442 -1 1486 1449 1467 -1 1467 1468 1486 -1 1442 1487 1475 -1 1461 1449 1488 -1 1473 1426 1460 -1 1489 1478 1461 -1 1448 1490 1469 -1 1479 1425 1433 -1 1411 1483 1436 -1 1469 1490 1470 -1 1423 1469 1471 -1 1444 1440 1491 -1 1465 1444 1492 -1 1472 1464 1471 -1 1477 1484 1454 -1 1455 1484 1493 -1 1464 1472 1453 -1 1473 1483 1427 -1 1433 1458 1476 -1 1447 1446 1474 -1 1481 1450 1480 -1 1440 1474 1491 -1 1491 1492 1444 -1 1465 1492 1468 -1 1471 1469 1472 -1 1488 1449 1494 -1 1493 1476 1455 -1 1442 1485 1487 -1 1489 1461 1488 -1 1460 1475 1487 -1 1487 1495 1460 -1 1460 1495 1473 -1 1496 1477 1470 -1 1463 1482 1497 -1 1498 1468 1492 -1 1457 1463 1499 -1 1457 1499 1485 -1 1486 1468 1500 -1 1495 1487 1501 -1 1479 1433 1502 -1 1436 1483 1503 -1 1436 1503 1446 -1 1496 1470 1490 -1 1504 1492 1491 -1 1504 1498 1492 -1 1485 1499 1487 -1 1493 1505 1476 -1 1501 1487 1506 -1 1449 1486 1507 -1 1433 1476 1502 -1 1480 1479 1502 -1 1482 1481 1508 -1 1509 1496 1490 -1 1496 1509 1510 -1 1483 1473 1495 -1 1511 1494 1449 -1 1501 1512 1495 -1 1513 1483 1495 -1 1513 1495 1512 -1 1490 1448 1514 -1 1513 1503 1483 -1 1503 1515 1446 -1 1477 1496 1516 -1 1477 1516 1484 -1 1474 1446 1517 -1 1517 1491 1474 -1 1518 1497 1482 -1 1500 1468 1498 -1 1497 1499 1463 -1 1511 1449 1507 -1 1505 1519 1476 -1 1476 1519 1520 -1 1502 1476 1520 -1 1502 1521 1480 -1 1481 1480 1508 -1 1499 1497 1522 -1 1487 1499 1523 -1 1506 1487 1523 -1 1499 1522 1523 -1 1506 1523 1524 -1 1512 1525 1513 -1 1503 1513 1525 -1 1526 1497 1518 -1 1516 1496 1510 -1 1522 1497 1526 -1 1493 1484 1505 -1 1506 1527 1501 -1 1486 1500 1507 -1 1528 1512 1501 -1 1515 1503 1525 -1 1515 1517 1446 -1 1508 1480 1521 -1 1491 1517 1504 -1 1514 1529 1490 -1 1518 1482 1508 -1 1509 1490 1529 -1 1505 1484 1516 -1 1500 1530 1507 -1 1522 1526 1531 -1 1523 1522 1524 -1 1506 1524 1532 -1 1527 1506 1532 -1 1501 1527 1528 -1 1505 1516 1533 -1 1521 1502 1520 -1 1518 1508 1534 -1 1535 1524 1531 -1 1522 1531 1524 -1 1512 1528 1536 -1 1537 1512 1536 -1 1537 1525 1512 -1 1537 1515 1525 -1 1520 1519 1538 -1 1534 1508 1521 -1 1519 1505 1539 -1 1498 1530 1500 -1 1540 1524 1535 -1 1509 1529 1541 -1 1510 1509 1542 -1 1507 1530 1543 -1 1539 1505 1533 -1 1540 1532 1524 -1 1544 1527 1532 -1 1517 1515 1545 -1 1546 1504 1517 -1 1518 1534 1547 -1 1526 1518 1548 -1 1531 1526 1549 -1 1542 1509 1541 -1 1494 1511 1550 -1 1551 1533 1516 -1 1540 1552 1532 -1 1528 1527 1544 -1 1535 1531 1553 -1 1510 1551 1516 -1 1552 1554 1532 -1 1545 1515 1537 -1 1538 1521 1520 -1 1511 1507 1543 -1 1531 1549 1553 -1 1544 1532 1554 -1 1555 1536 1528 -1 1536 1556 1537 -1 1557 1498 1504 -1 1557 1558 1498 -1 1543 1550 1511 -1 1548 1518 1547 -1 1549 1526 1548 -1 1535 1553 1559 -1 1541 1560 1542 -1 1540 1535 1552 -1 1560 1510 1542 -1 1551 1510 1560 -1 1528 1544 1555 -1 1546 1517 1545 -1 1514 1561 1529 -1 1562 1547 1534 -1 1552 1535 1559 -1 1544 1554 1563 -1 1556 1536 1555 -1 1564 1537 1556 -1 1538 1519 1539 -1 1565 1521 1538 -1 1558 1530 1498 -1 1549 1548 1547 -1 1566 1541 1529 -1 1543 1530 1567 -1 1551 1560 1568 -1 1544 1563 1555 -1 1537 1564 1545 -1 1534 1521 1569 -1 1546 1545 1570 -1 1504 1546 1557 -1 1562 1534 1569 -1 1529 1561 1566 -1 1552 1559 1571 -1 1568 1572 1551 -1 1551 1572 1533 -1 1539 1533 1572 -1 1565 1538 1539 -1 1546 1573 1557 -1 1549 1547 1562 -1 1574 1553 1549 -1 1559 1553 1575 -1 1539 1572 1576 -1 1571 1554 1552 -1 1554 1571 1577 -1 1556 1555 1578 -1 1579 1564 1556 -1 1564 1570 1545 -1 1546 1570 1573 -1 1554 1577 1580 -1 1563 1578 1555 -1 1560 1541 1566 -1 1566 1581 1560 -1 1556 1578 1579 -1 1582 1560 1581 -1 1582 1568 1560 -1 1562 1569 1583 -1 1574 1575 1553 -1 1571 1559 1584 -1 1584 1577 1571 -1 1563 1554 1580 -1 1570 1564 1585 -1 1539 1576 1565 -1 1574 1549 1583 -1 1530 1558 1586 -1 1567 1530 1586 -1 1565 1587 1521 -1 1569 1521 1588 -1 1588 1589 1569 -1 1583 1569 1589 -1 1557 1573 1590 -1 1562 1583 1549 -1 1590 1558 1557 -1 1576 1572 1591 -1 1563 1580 1592 -1 1565 1576 1587 -1 1579 1585 1564 -1 1521 1587 1588 -1 1585 1593 1570 -1 1573 1570 1593 -1 1594 1558 1590 -1 1595 1584 1559 -1 1572 1568 1591 -1 1576 1591 1596 -1 1580 1577 1597 -1 1592 1580 1597 -1 1563 1598 1578 -1 1599 1574 1583 -1 1568 1582 1591 -1 1598 1563 1592 -1 1593 1585 1600 -1 1601 1590 1573 -1 1558 1594 1586 -1 1584 1602 1577 -1 1587 1576 1596 -1 1603 1579 1604 -1 1585 1579 1603 -1 1589 1605 1583 -1 1574 1599 1606 -1 1559 1575 1595 -1 1607 1596 1591 -1 1589 1588 1608 -1 1593 1601 1573 -1 1590 1601 1609 -1 1610 1574 1606 -1 1611 1574 1610 -1 1602 1597 1577 -1 1597 1602 1592 -1 1582 1581 1607 -1 1591 1582 1607 -1 1612 1578 1598 -1 1579 1578 1612 -1 1604 1579 1612 -1 1599 1583 1605 -1 1574 1611 1575 -1 1602 1584 1613 -1 1612 1598 1614 -1 1601 1593 1615 -1 1616 1566 1561 -1 1581 1566 1616 -1 1587 1608 1588 -1 1594 1590 1609 -1 1595 1575 1611 -1 1617 1602 1613 -1 1592 1602 1617 -1 1618 1607 1581 -1 1615 1619 1601 -1 1601 1619 1609 -1 1594 1609 1620 -1 1584 1595 1621 -1 1618 1581 1616 -1 1600 1615 1593 -1 1595 1611 1621 -1 1612 1614 1604 -1 1585 1603 1622 -1 1589 1608 1623 -1 1610 1606 1624 -1 1613 1584 1621 -1 1609 1619 1625 -1 1605 1589 1623 -1 1617 1613 1626 -1 1598 1592 1627 -1 1598 1627 1628 -1 1629 1608 1587 -1 1600 1585 1622 -1 1630 1600 1622 -1 1615 1600 1630 -1 1605 1606 1599 -1 1621 1611 1631 -1 1631 1613 1621 -1 1627 1592 1617 -1 1632 1598 1628 -1 1614 1598 1632 -1 1596 1607 1633 -1 1615 1630 1619 -1 1625 1619 1630 -1 1625 1620 1609 -1 1634 1624 1606 -1 1587 1596 1633 -1 1605 1623 1635 -1 1613 1631 1636 -1 1607 1618 1637 -1 1629 1587 1633 -1 1606 1605 1635 -1 1638 1606 1635 -1 1611 1610 1639 -1 1611 1639 1631 -1 1626 1627 1617 -1 1630 1622 1640 -1 1630 1641 1625 -1 1623 1608 1642 -1 1634 1606 1638 -1 1639 1610 1624 -1 1636 1631 1643 -1 1613 1636 1626 -1 1604 1614 1644 -1 1641 1630 1640 -1 1632 1644 1614 -1 1607 1637 1633 -1 1603 1604 1645 -1 1622 1603 1645 -1 1608 1629 1642 -1 1638 1635 1646 -1 1634 1647 1624 -1 1631 1639 1643 -1 1626 1636 1648 -1 1648 1649 1626 -1 1618 1616 1650 -1 1627 1626 1649 -1 1628 1627 1651 -1 1652 1641 1640 -1 1625 1641 1653 -1 1620 1625 1653 -1 1634 1638 1646 -1 1639 1624 1647 -1 1637 1618 1650 -1 1604 1644 1645 -1 1634 1654 1647 -1 1627 1649 1655 -1 1644 1632 1656 -1 1645 1644 1656 -1 1640 1622 1657 -1 1641 1652 1653 -1 1637 1650 1658 -1 1633 1637 1659 -1 1654 1634 1660 -1 1636 1643 1648 -1 1632 1628 1651 -1 1622 1645 1657 -1 1635 1623 1661 -1 1634 1646 1660 -1 1651 1627 1655 -1 1652 1640 1662 -1 1658 1659 1637 -1 1633 1659 1663 -1 1663 1629 1633 -1 1623 1642 1664 -1 1651 1656 1632 -1 1657 1645 1665 -1 1662 1640 1666 -1 1643 1639 1647 -1 1649 1648 1667 -1 1655 1649 1667 -1 1668 1651 1655 -1 1646 1635 1661 -1 1647 1654 1669 -1 1643 1647 1670 -1 1651 1668 1671 -1 1657 1665 1666 -1 1640 1657 1666 -1 1661 1623 1664 -1 1669 1654 1660 -1 1672 1667 1648 -1 1667 1668 1655 -1 1671 1656 1651 -1 1663 1642 1629 -1 1648 1643 1673 -1 1656 1671 1674 -1 1645 1656 1665 -1 1667 1672 1668 -1 1671 1668 1675 -1 1666 1665 1676 -1 1646 1661 1677 -1 1669 1670 1647 -1 1648 1673 1672 -1 1675 1674 1671 -1 1656 1674 1665 -1 1660 1646 1678 -1 1669 1660 1679 -1 1679 1670 1669 -1 1679 1643 1670 -1 1643 1679 1673 -1 1668 1672 1673 -1 1676 1665 1674 -1 1664 1642 1680 -1 1677 1661 1681 -1 1646 1677 1678 -1 1679 1660 1678 -1 1682 1668 1673 -1 1668 1682 1675 -1 1683 1642 1663 -1 1664 1684 1661 -1 1681 1661 1684 -1 1675 1685 1674 -1 1686 1659 1658 -1 1686 1663 1659 -1 1683 1680 1642 -1 1678 1677 1687 -1 1679 1688 1673 -1 1675 1682 1689 -1 1676 1674 1685 -1 1677 1681 1690 -1 1690 1687 1677 -1 1679 1678 1691 -1 1682 1673 1688 -1 1689 1682 1692 -1 1693 1675 1689 -1 1663 1686 1694 -1 1664 1680 1684 -1 1685 1675 1693 -1 1694 1683 1663 -1 1687 1690 1695 -1 1687 1691 1678 -1 1696 1679 1691 -1 1679 1696 1688 -1 1697 1689 1692 -1 1680 1698 1684 -1 1695 1690 1699 -1 1682 1688 1692 -1 1681 1684 1698 -1 1698 1690 1681 -1 1691 1687 1700 -1 1698 1680 1701 -1 1702 1680 1683 -1 1690 1698 1703 -1 1695 1700 1687 -1 1689 1704 1693 -1 1694 1702 1683 -1 1703 1699 1690 -1 1705 1695 1699 -1 1691 1700 1696 -1 1692 1688 1706 -1 1692 1706 1697 -1 1704 1689 1697 -1 1701 1703 1698 -1 1700 1695 1707 -1 1706 1688 1696 -1 1706 1708 1709 -1 1706 1709 1697 -1 1694 1710 1702 -1 1704 1697 1709 -1 1701 1680 1702 -1 1702 1711 1701 -1 1712 1699 1703 -1 1707 1695 1705 -1 1696 1700 1707 -1 1696 1713 1706 -1 1713 1708 1706 -1 1705 1699 1712 -1 1713 1696 1707 -1 1714 1702 1710 -1 1702 1714 1711 -1 1701 1711 1715 -1 1714 1710 1716 -1 1717 1718 1713 -1 1718 1719 1713 -1 1713 1719 1708 -1 1711 1720 1715 -1 1715 1703 1701 -1 1712 1703 1721 -1 1705 1717 1707 -1 1707 1717 1713 -1 1717 1722 1718 -1 1719 1718 1722 -1 1723 1716 1724 -1 1723 1714 1716 -1 1723 1711 1714 -1 1711 1723 1720 -1 1722 1717 1705 -1 1725 1722 1726 -1 1722 1725 1719 -1 1721 1727 1712 -1 1728 1712 1727 -1 1703 1715 1721 -1 1727 1721 1729 -1 1726 1712 1728 -1 1712 1726 1705 -1 1726 1722 1705 -1 1729 1730 1727 -1 1731 1732 1733 -1 1731 1733 1734 -1 1735 1736 1733 -1 1737 1738 1739 -1 1738 1737 1740 -1 1741 1740 1737 -1 1742 1743 1744 -1 1744 1743 1745 -1 1746 1747 1748 -1 1749 1750 1751 -1 1750 1749 1752 -1 1751 1750 1732 -1 1753 1739 1738 -1 1746 1754 1747 -1 1754 1741 1747 -1 1750 1733 1732 -1 1747 1741 1737 -1 1740 1741 1755 -1 1736 1735 1756 -1 1736 1734 1733 -1 1757 1736 1744 -1 1733 1750 1735 -1 1742 1758 1743 -1 1759 1760 1761 -1 1758 1739 1743 -1 1756 1742 1736 -1 1762 1742 1756 -1 1739 1753 1743 -1 1759 1761 1749 -1 1747 1737 1763 -1 1757 1734 1736 -1 1744 1736 1742 -1 1739 1764 1737 -1 1754 1765 1741 -1 1735 1766 1767 -1 1755 1741 1768 -1 1754 1746 1769 -1 1765 1770 1741 -1 1765 1771 1770 -1 1771 1765 1772 -1 1770 1768 1741 -1 1773 1774 1760 -1 1761 1775 1776 -1 1758 1762 1767 -1 1773 1760 1777 -1 1778 1739 1758 -1 1777 1760 1759 -1 1779 1749 1761 -1 1748 1747 1763 -1 1737 1764 1763 -1 1752 1780 1781 -1 1752 1781 1750 -1 1766 1735 1781 -1 1753 1745 1743 -1 1750 1781 1735 -1 1767 1762 1735 -1 1756 1735 1762 -1 1758 1742 1762 -1 1754 1769 1782 -1 1782 1769 1783 -1 1782 1765 1754 -1 1784 1772 1782 -1 1782 1772 1765 -1 1785 1786 1774 -1 1768 1770 1787 -1 1787 1770 1771 -1 1788 1776 1775 -1 1767 1778 1758 -1 1739 1778 1764 -1 1746 1789 1769 -1 1790 1769 1789 -1 1760 1775 1761 -1 1776 1791 1761 -1 1761 1791 1779 -1 1792 1780 1791 -1 1793 1766 1781 -1 1772 1784 1794 -1 1794 1784 1795 -1 1785 1796 1786 -1 1796 1797 1786 -1 1786 1798 1799 -1 1786 1799 1774 -1 1775 1774 1799 -1 1800 1776 1788 -1 1760 1774 1775 -1 1801 1802 1792 -1 1791 1801 1792 -1 1792 1802 1803 -1 1793 1780 1792 -1 1779 1791 1780 -1 1779 1780 1752 -1 1749 1779 1752 -1 1793 1781 1780 -1 1804 1778 1767 -1 1805 1766 1793 -1 1804 1766 1805 -1 1766 1804 1767 -1 1748 1806 1746 -1 1789 1746 1806 -1 1807 1808 1790 -1 1769 1790 1808 -1 1784 1809 1795 -1 1810 1795 1809 -1 1786 1811 1798 -1 1798 1812 1799 -1 1810 1813 1814 -1 1815 1810 1814 -1 1816 1800 1788 -1 1764 1778 1817 -1 1791 1776 1801 -1 1763 1818 1748 -1 1819 1802 1801 -1 1802 1819 1803 -1 1792 1803 1793 -1 1783 1769 1808 -1 1809 1813 1810 -1 1795 1810 1820 -1 1820 1810 1815 -1 1782 1783 1784 -1 1804 1817 1778 -1 1821 1818 1817 -1 1817 1818 1763 -1 1764 1817 1763 -1 1806 1748 1822 -1 1818 1822 1748 -1 1800 1816 1823 -1 1807 1824 1825 -1 1807 1825 1808 -1 1783 1808 1825 -1 1826 1798 1811 -1 1783 1809 1784 -1 1811 1797 1827 -1 1797 1811 1786 -1 1796 1827 1797 -1 1809 1828 1813 -1 1812 1798 1826 -1 1820 1794 1795 -1 1816 1788 1812 -1 1799 1812 1788 -1 1799 1788 1775 -1 1814 1813 1829 -1 1793 1803 1805 -1 1806 1830 1789 -1 1830 1790 1789 -1 1811 1831 1832 -1 1811 1832 1826 -1 1826 1832 1833 -1 1776 1800 1834 -1 1811 1827 1831 -1 1828 1809 1835 -1 1812 1826 1816 -1 1828 1829 1813 -1 1776 1834 1801 -1 1836 1837 1838 -1 1839 1830 1806 -1 1790 1840 1841 -1 1804 1842 1817 -1 1822 1843 1806 -1 1832 1831 1844 -1 1822 1818 1821 -1 1833 1845 1826 -1 1823 1826 1845 -1 1826 1823 1816 -1 1807 1790 1841 -1 1824 1807 1841 -1 1805 1846 1804 -1 1830 1839 1847 -1 1835 1809 1825 -1 1783 1825 1809 -1 1840 1790 1830 -1 1836 1814 1829 -1 1836 1829 1837 -1 1844 1848 1832 -1 1804 1846 1842 -1 1821 1817 1842 -1 1824 1835 1825 -1 1823 1834 1800 -1 1849 1837 1829 -1 1843 1839 1806 -1 1840 1830 1850 -1 1851 1842 1846 -1 1821 1842 1822 -1 1832 1852 1833 -1 1845 1833 1853 -1 1845 1854 1823 -1 1830 1847 1850 -1 1832 1848 1852 -1 1853 1833 1852 -1 1841 1840 1855 -1 1841 1855 1856 -1 1854 1857 1823 -1 1834 1823 1857 -1 1824 1841 1856 -1 1835 1824 1856 -1 1828 1858 1829 -1 1859 1849 1829 -1 1835 1856 1860 -1 1845 1853 1861 -1 1801 1834 1857 -1 1862 1852 1848 -1 1850 1847 1863 -1 1850 1855 1840 -1 1851 1864 1842 -1 1822 1842 1864 -1 1865 1845 1861 -1 1854 1845 1865 -1 1855 1850 1866 -1 1835 1867 1828 -1 1859 1829 1868 -1 1868 1829 1858 -1 1828 1867 1858 -1 1839 1843 1869 -1 1869 1847 1839 -1 1870 1801 1857 -1 1843 1822 1864 -1 1805 1803 1871 -1 1872 1858 1867 -1 1873 1859 1868 -1 1857 1854 1874 -1 1870 1875 1801 -1 1863 1876 1850 -1 1877 1850 1876 -1 1877 1866 1850 -1 1863 1847 1869 -1 1846 1878 1851 -1 1860 1855 1879 -1 1855 1860 1856 -1 1880 1853 1852 -1 1879 1855 1881 -1 1867 1835 1860 -1 1801 1875 1819 -1 1871 1803 1819 -1 1805 1871 1878 -1 1878 1846 1805 -1 1869 1843 1864 -1 1882 1864 1851 -1 1872 1868 1858 -1 1855 1866 1883 -1 1862 1880 1852 -1 1879 1867 1860 -1 1867 1879 1872 -1 1884 1873 1885 -1 1869 1864 1882 -1 1877 1883 1866 -1 1869 1886 1863 -1 1876 1863 1886 -1 1883 1877 1887 -1 1881 1855 1883 -1 1879 1881 1888 -1 1880 1862 1889 -1 1853 1890 1861 -1 1879 1888 1872 -1 1874 1854 1865 -1 1872 1885 1873 -1 1870 1857 1874 -1 1873 1868 1872 -1 1871 1819 1875 -1 1886 1891 1876 -1 1877 1876 1891 -1 1887 1881 1883 -1 1890 1853 1880 -1 1881 1892 1888 -1 1888 1892 1885 -1 1870 1893 1875 -1 1888 1885 1872 -1 1875 1894 1871 -1 1895 1880 1889 -1 1896 1870 1874 -1 1886 1869 1897 -1 1882 1897 1869 -1 1870 1898 1893 -1 1884 1885 1899 -1 1890 1865 1861 -1 1874 1865 1900 -1 1870 1896 1898 -1 1875 1893 1894 -1 1885 1892 1901 -1 1891 1902 1903 -1 1884 1899 1904 -1 1877 1905 1887 -1 1865 1890 1906 -1 1907 1892 1881 -1 1893 1898 1908 -1 1909 1871 1894 -1 1871 1909 1878 -1 1881 1887 1907 -1 1892 1907 1901 -1 1891 1886 1910 -1 1899 1885 1901 -1 1889 1911 1895 -1 1905 1877 1891 -1 1890 1880 1895 -1 1906 1900 1865 -1 1900 1896 1874 -1 1912 1898 1896 -1 1851 1878 1913 -1 1882 1851 1913 -1 1902 1891 1910 -1 1886 1897 1910 -1 1891 1903 1905 -1 1914 1887 1905 -1 1900 1912 1896 -1 1894 1893 1908 -1 1915 1907 1887 -1 1903 1902 1916 -1 1917 1903 1916 -1 1902 1910 1897 -1 1918 1890 1895 -1 1906 1890 1918 -1 1919 1906 1920 -1 1900 1906 1919 -1 1912 1900 1919 -1 1913 1878 1909 -1 1921 1902 1922 -1 1916 1902 1921 -1 1920 1906 1918 -1 1908 1898 1923 -1 1907 1915 1901 -1 1922 1902 1897 -1 1903 1924 1905 -1 1914 1905 1924 -1 1913 1922 1882 -1 1882 1922 1897 -1 1924 1903 1917 -1 1925 1912 1919 -1 1887 1914 1915 -1 1895 1911 1926 -1 1927 1921 1922 -1 1928 1918 1895 -1 1918 1928 1920 -1 1929 1920 1930 -1 1920 1929 1919 -1 1898 1912 1925 -1 1923 1898 1925 -1 1917 1916 1931 -1 1921 1927 1932 -1 1895 1926 1928 -1 1916 1921 1932 -1 1920 1928 1933 -1 1933 1930 1920 -1 1924 1934 1914 -1 1894 1908 1935 -1 1936 1931 1916 -1 1916 1932 1936 -1 1899 1901 1937 -1 1938 1904 1899 -1 1913 1909 1939 -1 1911 1940 1926 -1 1922 1913 1927 -1 1919 1929 1925 -1 1941 1925 1929 -1 1923 1925 1942 -1 1934 1924 1943 -1 1924 1917 1943 -1 1938 1899 1937 -1 1909 1894 1944 -1 1913 1945 1927 -1 1933 1928 1946 -1 1929 1930 1947 -1 1936 1948 1931 -1 1949 1923 1942 -1 1934 1950 1914 -1 1915 1914 1951 -1 1927 1936 1932 -1 1913 1939 1945 -1 1936 1927 1945 -1 1942 1925 1941 -1 1950 1951 1914 -1 1943 1917 1948 -1 1917 1931 1948 -1 1948 1936 1952 -1 1901 1915 1951 -1 1908 1923 1949 -1 1901 1953 1937 -1 1939 1909 1944 -1 1926 1940 1954 -1 1926 1946 1928 -1 1933 1947 1930 -1 1950 1934 1955 -1 1951 1953 1901 -1 1943 1955 1934 -1 1929 1947 1956 -1 1941 1929 1956 -1 1942 1941 1957 -1 1908 1949 1935 -1 1952 1936 1958 -1 1945 1958 1936 -1 1933 1946 1959 -1 1926 1954 1946 -1 1938 1937 1960 -1 1943 1948 1961 -1 1958 1945 1962 -1 1939 1962 1945 -1 1959 1947 1933 -1 1943 1961 1955 -1 1950 1963 1951 -1 1963 1953 1951 -1 1894 1935 1944 -1 1946 1954 1964 -1 1964 1959 1946 -1 1961 1948 1952 -1 1947 1959 1965 -1 1963 1950 1966 -1 1941 1956 1957 -1 1965 1959 1967 -1 1956 1947 1965 -1 1968 1957 1969 -1 1962 1939 1970 -1 1961 1952 1971 -1 1968 1949 1942 -1 1957 1968 1942 -1 1949 1972 1935 -1 1973 1953 1974 -1 1967 1964 1975 -1 1959 1964 1967 -1 1957 1956 1969 -1 1955 1976 1950 -1 1937 1953 1973 -1 1977 1967 1978 -1 1969 1956 1965 -1 1979 1950 1976 -1 1966 1950 1980 -1 1972 1949 1968 -1 1958 1971 1952 -1 1953 1963 1974 -1 1965 1967 1977 -1 1970 1939 1944 -1 1981 1961 1971 -1 1976 1955 1961 -1 1982 1968 1969 -1 1983 1974 1963 -1 1978 1967 1975 -1 1965 1977 1982 -1 1984 1958 1962 -1 1961 1981 1976 -1 1980 1950 1979 -1 1966 1983 1963 -1 1969 1965 1982 -1 1978 1975 1985 -1 1977 1986 1982 -1 1968 1982 1987 -1 1977 1988 1986 -1 1971 1958 1984 -1 1962 1970 1984 -1 1981 1971 1989 -1 1979 1976 1990 -1 1991 1966 1980 -1 1992 1978 1985 -1 1977 1978 1988 -1 1987 1982 1993 -1 1972 1968 1987 -1 1976 1981 1989 -1 1966 1991 1983 -1 1994 1974 1983 -1 1970 1944 1995 -1 1971 1984 1996 -1 1989 1971 1996 -1 1986 1993 1982 -1 1960 1937 1973 -1 1992 1985 1997 -1 1976 1998 1990 -1 1999 1974 1994 -1 1988 1978 1992 -1 1973 1974 2000 -1 1970 1995 1984 -1 1983 1991 2001 -1 1994 1983 2001 -1 1997 2002 1992 -1 1986 1988 2003 -1 1993 1986 2003 -1 2000 1974 1999 -1 1995 1944 2004 -1 1998 1976 1989 -1 1980 1979 1991 -1 1994 2001 2005 -1 1935 1972 2006 -1 2006 1944 1935 -1 2007 1984 1995 -1 1990 1991 1979 -1 1988 1992 2008 -1 2007 1996 1984 -1 2002 2008 1992 -1 1989 1996 2009 -1 2010 1990 1998 -1 1991 1990 2011 -1 1991 2011 2001 -1 1994 2005 1999 -1 2008 2003 1988 -1 2012 2013 2003 -1 1993 2003 2013 -1 2014 1999 2005 -1 1960 1973 2000 -1 1944 2006 2004 -1 1999 2014 2000 -1 2011 1990 2010 -1 1987 1993 2013 -1 1998 1989 2015 -1 1989 2009 2015 -1 2007 1995 2016 -1 2016 1995 2004 -1 2007 2009 1996 -1 2017 1998 2015 -1 2003 2008 2018 -1 2017 2010 1998 -1 2011 2010 2019 -1 1960 2000 2020 -1 2021 1972 1987 -1 2006 1972 2021 -1 2007 2016 2022 -1 2023 2015 2009 -1 2010 2017 2024 -1 2009 2007 2022 -1 2012 2003 2025 -1 2026 2027 2013 -1 1987 2013 2028 -1 2005 2001 2029 -1 2023 2030 2015 -1 2003 2018 2025 -1 2013 2012 2026 -1 2031 2001 2011 -1 2021 1987 2028 -1 2014 2005 2029 -1 2000 2014 2032 -1 2017 2015 2030 -1 2019 2033 2011 -1 2031 2011 2033 -1 2001 2031 2029 -1 2034 2014 2029 -1 2006 2021 2035 -1 2032 2014 2034 -1 2004 2006 2035 -1 2024 2019 2010 -1 2024 2017 2030 -1 2028 2013 2027 -1 2004 2035 2036 -1 2000 2032 2020 -1 2037 2004 2036 -1 2016 2004 2037 -1 2023 2009 2022 -1 2026 2012 2025 -1 2034 2029 2031 -1 2030 2023 2022 -1 2038 2020 2032 -1 2030 2039 2024 -1 2040 2019 2024 -1 2028 2041 2021 -1 2035 2021 2041 -1 2030 2022 2042 -1 2018 2043 2044 -1 2034 2031 2045 -1 2019 2040 2046 -1 2025 2018 2044 -1 2046 2033 2019 -1 2024 2039 2040 -1 2026 2025 2047 -1 2031 2033 2048 -1 2031 2049 2045 -1 2027 2026 2050 -1 2051 2028 2027 -1 2028 2051 2041 -1 2038 2032 2052 -1 2048 2049 2031 -1 2044 2047 2025 -1 2036 2035 2041 -1 2053 2037 2036 -1 2052 2032 2054 -1 2030 2042 2039 -1 2022 2016 2055 -1 2044 2043 2056 -1 2046 2040 2057 -1 2036 2041 2053 -1 2055 2016 2037 -1 2055 2042 2022 -1 2032 2034 2058 -1 2058 2054 2032 -1 2051 2027 2050 -1 2053 2041 2051 -1 2046 2048 2033 -1 2058 2034 2045 -1 2059 2044 2056 -1 2047 2050 2026 -1 2039 2042 2060 -1 2045 2049 2061 -1 2056 2043 2062 -1 2047 2044 2059 -1 2053 2051 2063 -1 2053 2064 2037 -1 2037 2064 2055 -1 2048 2065 2049 -1 2042 2055 2066 -1 2040 2039 2067 -1 2057 2040 2067 -1 2046 2057 2068 -1 2048 2046 2068 -1 2061 2049 2065 -1 2069 2038 2052 -1 2056 2062 2070 -1 2071 2051 2050 -1 2072 2053 2063 -1 2055 2064 2073 -1 2066 2055 2073 -1 2058 2045 2061 -1 2058 2074 2054 -1 2047 2059 2075 -1 2053 2072 2064 -1 2042 2066 2060 -1 2050 2047 2075 -1 2076 2071 2050 -1 2077 2066 2073 -1 2063 2051 2078 -1 2067 2039 2060 -1 2052 2054 2079 -1 2069 2052 2080 -1 2059 2056 2075 -1 2063 2078 2072 -1 2066 2077 2081 -1 2050 2075 2076 -1 2057 2067 2082 -1 2068 2057 2083 -1 2074 2079 2054 -1 2056 2070 2075 -1 2067 2060 2082 -1 2084 2071 2076 -1 2057 2082 2083 -1 2078 2051 2071 -1 2064 2072 2077 -1 2074 2058 2085 -1 2064 2077 2073 -1 2065 2048 2068 -1 2080 2052 2079 -1 2086 2077 2072 -1 2061 2065 2087 -1 2088 2076 2075 -1 2078 2071 2084 -1 2086 2072 2078 -1 2089 2086 2078 -1 2081 2077 2090 -1 2060 2066 2081 -1 2068 2083 2065 -1 2058 2061 2087 -1 2058 2087 2085 -1 2074 2085 2079 -1 2077 2086 2090 -1 2065 2083 2091 -1 2082 2060 2081 -1 2083 2082 2092 -1 2084 2076 2088 -1 2084 2093 2078 -1 2094 2082 2081 -1 2087 2065 2095 -1 2079 2096 2080 -1 2091 2083 2092 -1 2092 2082 2094 -1 2095 2065 2091 -1 2079 2097 2096 -1 2075 2070 2098 -1 2099 2088 2075 -1 2089 2078 2093 -1 2085 2087 2095 -1 2097 2079 2085 -1 2100 2093 2084 -1 2075 2098 2099 -1 2101 2096 2097 -1 2089 2102 2086 -1 2090 2086 2102 -1 2094 2081 2103 -1 2103 2081 2090 -1 2099 2104 2088 -1 2100 2084 2088 -1 2085 2095 2105 -1 2085 2105 2097 -1 2106 2094 2103 -1 2092 2094 2106 -1 2095 2091 2107 -1 2097 2108 2101 -1 2104 2100 2088 -1 2093 2100 2109 -1 2099 2098 2110 -1 2104 2099 2110 -1 2102 2089 2093 -1 2103 2090 2111 -1 2106 2112 2092 -1 2092 2113 2091 -1 2107 2091 2113 -1 2113 2092 2112 -1 2108 2097 2105 -1 2114 2101 2108 -1 2115 2101 2114 -1 2116 2102 2093 -1 2105 2095 2107 -1 2117 2115 2114 -1 2115 2117 2118 -1 2098 2119 2110 -1 2103 2111 2120 -1 2106 2103 2120 -1 2116 2093 2109 -1 2106 2121 2112 -1 2113 2112 2122 -1 2113 2123 2107 -1 2107 2123 2105 -1 2105 2124 2108 -1 2114 2125 2117 -1 2090 2102 2126 -1 2124 2114 2108 -1 2126 2111 2090 -1 2122 2112 2121 -1 2113 2122 2123 -1 2104 2110 2127 -1 2124 2105 2123 -1 2128 2129 2130 -1 2131 2132 2133 -1 2133 2134 2135 -1 2136 2137 2138 -1 2138 2137 2139 -1 2140 2141 2139 -1 2142 2143 2144 -1 2143 2142 2145 -1 2146 2147 2148 -1 2149 2150 2143 -1 2150 2149 2151 -1 2152 2106 2120 -1 2153 2143 2145 -1 2149 2143 2153 -1 2106 2152 2121 -1 2154 2149 2153 -1 2110 2119 2155 -1 2156 2157 2158 -1 2159 2160 2156 -1 2104 2127 2100 -1 2156 2160 2161 -1 2109 2100 2127 -1 2160 2162 2161 -1 2162 2160 2163 -1 2164 2165 2146 -1 2146 2148 2164 -1 2102 2116 2126 -1 2166 2167 2168 -1 2169 2164 2170 -1 2169 2170 2171 -1 2128 2172 2152 -1 2128 2152 2129 -1 2129 2173 2130 -1 2128 2130 2172 -1 2174 2175 2172 -1 2172 2130 2174 -1 2161 2170 2156 -1 2170 2161 2171 -1 2161 2162 2176 -1 2171 2161 2176 -1 2136 2177 2137 -1 2124 2178 2114 -1 2114 2178 2125 -1 2179 2144 2143 -1 2180 2181 2182 -1 2183 2182 2181 -1 2184 2185 2186 -1 2187 2184 2188 -1 2184 2141 2188 -1 2189 2117 2125 -1 2190 2191 2192 -1 2193 2191 2190 -1 2125 2178 2194 -1 2193 2190 2165 -1 2165 2190 2146 -1 2125 2194 2189 -1 2182 2183 2147 -1 2147 2183 2148 -1 2126 2191 2195 -1 2190 2182 2147 -1 2146 2190 2147 -1 2195 2111 2126 -1 2152 2120 2111 -1 2148 2158 2157 -1 2164 2148 2157 -1 2109 2196 2116 -1 2152 2172 2121 -1 2116 2196 2192 -1 2151 2197 2181 -1 2123 2122 2124 -1 2116 2192 2126 -1 2191 2126 2192 -1 2154 2151 2149 -1 2193 2195 2191 -1 2183 2181 2197 -1 2148 2183 2158 -1 2183 2197 2158 -1 2198 2193 2165 -1 2193 2152 2195 -1 2152 2193 2129 -1 2159 2158 2197 -1 2173 2193 2198 -1 2173 2129 2193 -1 2199 2173 2198 -1 2159 2156 2158 -1 2151 2154 2159 -1 2165 2164 2198 -1 2166 2159 2154 -1 2160 2159 2166 -1 2199 2164 2169 -1 2160 2166 2163 -1 2163 2166 2168 -1 2170 2164 2157 -1 2157 2156 2170 -1 2198 2164 2199 -1 2166 2154 2167 -1 2173 2199 2130 -1 2199 2174 2130 -1 2200 2174 2199 -1 2200 2199 2169 -1 2171 2200 2169 -1 2200 2171 2201 -1 2200 2201 2202 -1 2155 2203 2204 -1 2204 2203 2205 -1 2205 2206 2204 -1 2207 2206 2205 -1 2162 2136 2176 -1 2144 2179 2208 -1 2204 2206 2209 -1 2127 2110 2209 -1 2136 2163 2177 -1 2206 2207 2209 -1 2176 2136 2134 -1 2138 2134 2136 -1 2176 2201 2171 -1 2176 2133 2132 -1 2201 2176 2132 -1 2201 2132 2210 -1 2176 2134 2133 -1 2139 2137 2211 -1 2211 2137 2177 -1 2138 2135 2134 -1 2135 2138 2139 -1 2135 2141 2184 -1 2135 2139 2141 -1 2139 2211 2140 -1 2179 2143 2150 -1 2188 2141 2212 -1 2141 2140 2212 -1 2122 2121 2213 -1 2121 2172 2213 -1 2200 2175 2174 -1 2202 2175 2200 -1 2202 2201 2210 -1 2210 2132 2186 -1 2202 2210 2186 -1 2214 2185 2187 -1 2214 2186 2185 -1 2185 2184 2187 -1 2213 2214 2187 -1 2132 2131 2186 -1 2186 2131 2184 -1 2133 2135 2131 -1 2131 2135 2184 -1 2127 2209 2196 -1 2204 2110 2155 -1 2127 2196 2109 -1 2195 2152 2111 -1 2188 2212 2215 -1 2180 2196 2179 -1 2205 2208 2207 -1 2207 2208 2179 -1 2110 2204 2209 -1 2179 2150 2180 -1 2162 2163 2136 -1 2188 2216 2187 -1 2196 2209 2207 -1 2196 2180 2182 -1 2151 2181 2180 -1 2179 2196 2207 -1 2192 2196 2190 -1 2190 2196 2182 -1 2175 2213 2172 -1 2122 2213 2124 -1 2180 2150 2151 -1 2213 2175 2214 -1 2153 2217 2154 -1 2214 2175 2202 -1 2186 2214 2202 -1 2153 2218 2217 -1 2219 2145 2142 -1 2216 2124 2213 -1 2145 2219 2153 -1 2213 2187 2216 -1 2197 2151 2159 -1 2124 2216 2178 -1 2153 2219 2218 -1 2220 2221 2222 -1 2223 2222 2221 -1 2224 2225 2226 -1 2227 2228 2220 -1 2225 2224 2229 -1 2226 2225 2227 -1 2224 2230 2229 -1 2231 2222 2223 -1 2226 2227 2232 -1 2233 2232 2227 -1 2227 2220 2234 -1 2235 2229 2230 -1 2234 2233 2227 -1 2222 2234 2220 -1 2232 2224 2226 -1 2232 2233 2236 -1 2236 2233 2237 -1 2237 2233 2234 -1 2234 2222 2238 -1 2238 2222 2231 -1 2224 2232 2239 -1 2240 2235 2230 -1 2236 2239 2232 -1 2241 2230 2224 -1 2234 2238 2237 -1 2241 2224 2239 -1 2240 2230 2241 -1 2242 2235 2240 -1 2242 2240 2243 -1 2244 2241 2239 -1 2236 2237 2245 -1 2237 2238 2246 -1 2238 2231 2247 -1 2241 2248 2240 -1 2241 2244 2248 -1 2247 2231 2249 -1 2250 2251 2252 -1 2251 2250 2253 -1 2251 2253 2254 -1 2242 2243 2254 -1 2238 2247 2246 -1 2239 2236 2255 -1 2236 2245 2255 -1 2249 2256 2247 -1 2251 2254 2243 -1 2248 2243 2240 -1 2257 2250 2252 -1 2252 2258 2257 -1 2243 2252 2251 -1 2259 2243 2248 -1 2257 2258 2260 -1 2237 2246 2245 -1 2243 2259 2261 -1 2244 2262 2248 -1 2244 2239 2263 -1 2261 2258 2252 -1 2243 2261 2252 -1 2248 2264 2259 -1 2264 2248 2262 -1 2259 2264 2261 -1 2263 2239 2255 -1 2256 2246 2247 -1 2256 2249 2265 -1 2266 2260 2267 -1 2258 2268 2260 -1 2258 2261 2268 -1 2269 2270 2271 -1 2262 2244 2272 -1 2244 2263 2272 -1 2262 2273 2264 -1 2274 2273 2262 -1 2262 2272 2274 -1 2265 2246 2256 -1 2275 2266 2276 -1 2277 2265 2249 -1 2278 2279 2269 -1 2280 2278 2275 -1 2275 2276 2280 -1 2264 2281 2261 -1 2255 2245 2282 -1 2245 2246 2282 -1 2265 2283 2246 -1 2266 2267 2276 -1 2260 2268 2284 -1 2268 2261 2281 -1 2264 2273 2285 -1 2265 2277 2286 -1 2270 2269 2287 -1 2269 2279 2287 -1 2281 2264 2285 -1 2288 2273 2274 -1 2279 2278 2289 -1 2263 2255 2290 -1 2283 2282 2246 -1 2291 2270 2287 -1 2286 2292 2265 -1 2288 2285 2273 -1 2280 2289 2278 -1 2280 2276 2293 -1 2293 2276 2294 -1 2268 2281 2284 -1 2282 2290 2255 -1 2283 2265 2292 -1 2277 2295 2286 -1 2280 2293 2289 -1 2272 2263 2296 -1 2294 2276 2267 -1 2297 2281 2285 -1 2267 2260 2298 -1 2284 2298 2260 -1 2288 2299 2300 -1 2288 2274 2299 -1 2293 2301 2289 -1 2274 2272 2296 -1 2290 2296 2263 -1 2291 2302 2270 -1 2279 2289 2303 -1 2267 2298 2304 -1 2274 2296 2299 -1 2286 2305 2292 -1 2285 2288 2300 -1 2291 2287 2306 -1 2303 2289 2301 -1 2283 2292 2307 -1 2308 2286 2295 -1 2297 2284 2281 -1 2293 2294 2301 -1 2290 2282 2283 -1 2267 2304 2294 -1 2290 2283 2309 -1 2292 2305 2307 -1 2310 2311 2300 -1 2298 2284 2312 -1 2296 2290 2309 -1 2283 2307 2313 -1 2285 2300 2311 -1 2300 2299 2310 -1 2314 2305 2286 -1 2286 2308 2314 -1 2287 2315 2306 -1 2284 2297 2312 -1 2297 2285 2316 -1 2302 2291 2317 -1 2315 2287 2279 -1 2294 2318 2301 -1 2304 2318 2294 -1 2285 2311 2316 -1 2311 2310 2319 -1 2309 2283 2313 -1 2279 2303 2315 -1 2303 2301 2318 -1 2317 2291 2306 -1 2310 2299 2320 -1 2296 2320 2299 -1 2315 2321 2306 -1 2322 2323 2324 -1 2312 2297 2316 -1 2325 2315 2303 -1 2323 2322 2326 -1 2304 2327 2318 -1 2311 2319 2328 -1 2309 2320 2296 -1 2305 2314 2329 -1 2326 2330 2323 -1 2322 2331 2326 -1 2313 2307 2332 -1 2326 2333 2334 -1 2335 2317 2336 -1 2336 2317 2306 -1 2328 2316 2311 -1 2322 2324 2337 -1 2322 2337 2331 -1 2338 2330 2339 -1 2307 2305 2332 -1 2329 2314 2340 -1 2341 2339 2342 -1 2318 2327 2343 -1 2344 2304 2298 -1 2331 2333 2326 -1 2310 2320 2345 -1 2315 2346 2321 -1 2347 2348 2331 -1 2333 2331 2348 -1 2324 2323 2330 -1 2319 2310 2345 -1 2336 2306 2321 -1 2339 2341 2338 -1 2339 2330 2334 -1 2341 2342 2349 -1 2349 2350 2341 -1 2337 2324 2351 -1 2305 2329 2332 -1 2326 2334 2330 -1 2352 2331 2337 -1 2325 2303 2353 -1 2303 2318 2353 -1 2344 2298 2312 -1 2312 2316 2354 -1 2355 2356 2357 -1 2346 2315 2325 -1 2338 2341 2358 -1 2341 2350 2358 -1 2339 2359 2342 -1 2360 2324 2330 -1 2337 2351 2361 -1 2353 2318 2343 -1 2347 2331 2352 -1 2330 2338 2360 -1 2324 2362 2351 -1 2362 2324 2360 -1 2342 2363 2349 -1 2364 2309 2313 -1 2339 2334 2359 -1 2359 2333 2365 -1 2365 2333 2348 -1 2366 2332 2329 -1 2304 2344 2327 -1 2367 2368 2369 -1 2370 2371 2372 -1 2373 2371 2370 -1 2363 2342 2359 -1 2374 2350 2349 -1 2375 2320 2364 -1 2320 2309 2364 -1 2361 2352 2337 -1 2333 2359 2334 -1 2376 2348 2347 -1 2365 2348 2376 -1 2377 2378 2369 -1 2379 2335 2380 -1 2354 2316 2328 -1 2381 2368 2382 -1 2319 2345 2383 -1 2345 2320 2375 -1 2356 2355 2384 -1 2385 2325 2386 -1 2325 2353 2386 -1 2377 2369 2381 -1 2327 2387 2343 -1 2369 2368 2381 -1 2388 2364 2313 -1 2344 2312 2354 -1 2383 2328 2319 -1 2380 2335 2336 -1 2355 2389 2384 -1 2325 2390 2346 -1 2349 2363 2374 -1 2359 2365 2391 -1 2363 2359 2391 -1 2388 2313 2332 -1 2382 2368 2392 -1 2329 2340 2366 -1 2371 2393 2372 -1 2357 2394 2355 -1 2389 2355 2394 -1 2390 2325 2385 -1 2389 2395 2384 -1 2374 2363 2396 -1 2381 2382 2397 -1 2368 2367 2392 -1 2382 2398 2397 -1 2370 2372 2399 -1 2383 2400 2328 -1 2336 2321 2401 -1 2321 2346 2402 -1 2403 2402 2346 -1 2403 2346 2390 -1 2393 2371 2404 -1 2345 2375 2405 -1 2384 2406 2356 -1 2358 2350 2407 -1 2378 2377 2408 -1 2408 2409 2378 -1 2388 2332 2366 -1 2367 2378 2409 -1 2378 2367 2369 -1 2363 2391 2410 -1 2411 2408 2377 -1 2412 2327 2344 -1 2380 2413 2379 -1 2414 2405 2375 -1 2380 2336 2401 -1 2401 2321 2402 -1 2356 2415 2357 -1 2360 2416 2362 -1 2417 2358 2407 -1 2407 2350 2374 -1 2384 2418 2406 -1 2360 2419 2416 -1 2360 2338 2419 -1 2418 2384 2395 -1 2351 2362 2420 -1 2352 2376 2347 -1 2352 2361 2421 -1 2381 2411 2377 -1 2386 2353 2343 -1 2354 2328 2422 -1 2422 2328 2400 -1 2397 2398 2423 -1 2361 2351 2420 -1 2383 2345 2405 -1 2371 2373 2404 -1 2375 2364 2414 -1 2364 2388 2424 -1 2415 2394 2357 -1 2415 2356 2406 -1 2402 2425 2401 -1 2391 2365 2426 -1 2366 2340 2427 -1 2428 2392 2367 -1 2381 2397 2429 -1 2398 2382 2392 -1 2420 2362 2430 -1 2362 2416 2430 -1 2431 2432 2433 -1 2434 2367 2409 -1 2435 2436 2423 -1 2387 2327 2412 -1 2437 2404 2373 -1 2358 2417 2338 -1 2344 2354 2412 -1 2396 2407 2374 -1 2380 2401 2438 -1 2438 2401 2425 -1 2439 2440 2441 -1 2376 2426 2365 -1 2389 2394 2442 -1 2418 2443 2406 -1 2390 2444 2403 -1 2426 2410 2391 -1 2395 2389 2445 -1 2444 2390 2385 -1 2398 2392 2428 -1 2446 2426 2447 -1 2410 2426 2446 -1 2367 2434 2428 -1 2443 2448 2406 -1 2449 2366 2450 -1 2431 2433 2451 -1 2445 2389 2442 -1 2452 2449 2450 -1 2453 2451 2433 -1 2387 2412 2454 -1 2455 2456 2457 -1 2412 2354 2422 -1 2458 2452 2450 -1 2459 2460 2461 -1 2398 2462 2423 -1 2366 2458 2450 -1 2462 2435 2423 -1 2463 2461 2464 -1 2458 2366 2427 -1 2400 2463 2464 -1 2413 2380 2438 -1 2465 2414 2364 -1 2422 2400 2464 -1 2466 2467 2459 -1 2388 2449 2424 -1 2459 2467 2460 -1 2436 2373 2468 -1 2436 2435 2373 -1 2373 2435 2437 -1 2409 2408 2469 -1 2449 2388 2366 -1 2441 2393 2404 -1 2376 2352 2470 -1 2425 2402 2471 -1 2471 2402 2403 -1 2472 2444 2473 -1 2426 2376 2470 -1 2439 2441 2404 -1 2474 2475 2476 -1 2474 2477 2475 -1 2478 2404 2437 -1 2411 2479 2408 -1 2477 2474 2480 -1 2481 2381 2429 -1 2343 2482 2386 -1 2420 2430 2483 -1 2361 2420 2483 -1 2397 2484 2429 -1 2483 2421 2361 -1 2462 2398 2428 -1 2387 2482 2343 -1 2458 2478 2452 -1 2458 2427 2485 -1 2482 2387 2454 -1 2478 2458 2485 -1 2486 2487 2488 -1 2486 2489 2490 -1 2487 2486 2490 -1 2491 2487 2490 -1 2492 2493 2462 -1 2494 2478 2485 -1 2495 2472 2496 -1 2435 2462 2497 -1 2462 2493 2497 -1 2498 2472 2499 -1 2412 2422 2454 -1 2472 2498 2496 -1 2496 2500 2501 -1 2498 2500 2496 -1 2500 2498 2502 -1 2503 2474 2476 -1 2464 2460 2504 -1 2505 2459 2461 -1 2445 2506 2395 -1 2464 2461 2460 -1 2507 2456 2455 -1 2508 2500 2502 -1 2503 2438 2425 -1 2498 2509 2467 -1 2505 2461 2463 -1 2463 2510 2505 -1 2419 2338 2417 -1 2486 2511 2512 -1 2383 2510 2463 -1 2383 2463 2400 -1 2449 2497 2493 -1 2509 2504 2467 -1 2513 2423 2436 -1 2514 2515 2516 -1 2460 2467 2504 -1 2503 2425 2471 -1 2396 2363 2410 -1 2470 2352 2517 -1 2405 2510 2383 -1 2469 2408 2479 -1 2414 2465 2518 -1 2385 2473 2444 -1 2495 2444 2472 -1 2472 2473 2499 -1 2497 2519 2435 -1 2459 2520 2466 -1 2497 2449 2452 -1 2452 2519 2497 -1 2449 2493 2424 -1 2435 2519 2437 -1 2437 2519 2478 -1 2478 2519 2452 -1 2393 2399 2372 -1 2393 2441 2521 -1 2498 2467 2502 -1 2416 2419 2522 -1 2419 2417 2522 -1 2438 2476 2413 -1 2422 2504 2454 -1 2504 2422 2464 -1 2438 2503 2476 -1 2424 2493 2523 -1 2502 2467 2466 -1 2524 2525 2526 -1 2511 2486 2527 -1 2488 2527 2486 -1 2528 2431 2529 -1 2370 2399 2373 -1 2364 2424 2465 -1 2451 2529 2431 -1 2530 2505 2531 -1 2531 2505 2510 -1 2432 2453 2433 -1 2531 2514 2532 -1 2533 2477 2534 -1 2531 2510 2514 -1 2477 2480 2534 -1 2535 2534 2480 -1 2480 2503 2535 -1 2536 2508 2537 -1 2439 2404 2478 -1 2516 2532 2514 -1 2439 2478 2494 -1 2538 2457 2456 -1 2534 2512 2539 -1 2540 2532 2541 -1 2535 2489 2534 -1 2534 2489 2512 -1 2509 2499 2482 -1 2542 2457 2543 -1 2405 2518 2510 -1 2414 2518 2405 -1 2544 2545 2546 -1 2396 2410 2446 -1 2546 2547 2544 -1 2517 2352 2421 -1 2517 2548 2470 -1 2509 2498 2499 -1 2512 2489 2486 -1 2549 2395 2506 -1 2482 2504 2509 -1 2411 2481 2479 -1 2536 2501 2500 -1 2411 2381 2481 -1 2443 2418 2550 -1 2508 2536 2500 -1 2535 2503 2471 -1 2551 2428 2434 -1 2462 2552 2492 -1 2471 2403 2495 -1 2495 2403 2444 -1 2504 2482 2454 -1 2386 2473 2385 -1 2473 2386 2499 -1 2499 2386 2482 -1 2553 2554 2555 -1 2555 2556 2553 -1 2554 2553 2547 -1 2553 2526 2547 -1 2547 2526 2525 -1 2533 2526 2553 -1 2557 2553 2556 -1 2553 2557 2475 -1 2553 2475 2477 -1 2533 2553 2477 -1 2503 2480 2474 -1 2397 2423 2513 -1 2546 2545 2558 -1 2525 2544 2547 -1 2416 2559 2430 -1 2540 2530 2531 -1 2373 2399 2468 -1 2524 2560 2525 -1 2399 2393 2521 -1 2561 2521 2441 -1 2394 2415 2562 -1 2502 2563 2508 -1 2466 2520 2502 -1 2415 2406 2448 -1 2514 2510 2515 -1 2523 2518 2465 -1 2465 2424 2523 -1 2418 2395 2549 -1 2537 2564 2536 -1 2524 2565 2566 -1 2539 2565 2524 -1 2538 2567 2543 -1 2558 2543 2567 -1 2524 2526 2533 -1 2533 2539 2524 -1 2417 2407 2568 -1 2407 2396 2569 -1 2545 2544 2560 -1 2525 2560 2544 -1 2534 2539 2533 -1 2501 2490 2489 -1 2447 2426 2470 -1 2545 2560 2570 -1 2571 2545 2570 -1 2572 2394 2562 -1 2442 2394 2572 -1 2508 2563 2537 -1 2536 2490 2501 -1 2570 2560 2573 -1 2566 2565 2573 -1 2530 2520 2459 -1 2574 2491 2575 -1 2576 2577 2573 -1 2551 2462 2428 -1 2578 2579 2580 -1 2573 2565 2527 -1 2505 2530 2459 -1 2552 2462 2551 -1 2565 2539 2527 -1 2578 2567 2579 -1 2501 2495 2496 -1 2520 2530 2540 -1 2552 2581 2492 -1 2539 2512 2511 -1 2581 2582 2583 -1 2567 2578 2558 -1 2583 2584 2581 -1 2583 2585 2584 -1 2580 2546 2578 -1 2511 2527 2539 -1 2578 2546 2558 -1 2585 2516 2586 -1 2584 2585 2523 -1 2585 2586 2523 -1 2546 2554 2547 -1 2541 2587 2540 -1 2581 2584 2492 -1 2492 2584 2493 -1 2541 2532 2588 -1 2584 2523 2493 -1 2535 2471 2495 -1 2484 2397 2513 -1 2501 2489 2535 -1 2501 2535 2495 -1 2589 2575 2590 -1 2566 2560 2524 -1 2591 2592 2589 -1 2590 2593 2591 -1 2560 2566 2573 -1 2573 2527 2576 -1 2579 2567 2594 -1 2538 2594 2567 -1 2595 2596 2597 -1 2416 2522 2559 -1 2598 2596 2595 -1 2599 2537 2409 -1 2522 2417 2600 -1 2599 2564 2537 -1 2417 2601 2600 -1 2432 2431 2528 -1 2602 2432 2528 -1 2453 2432 2602 -1 2451 2603 2529 -1 2604 2574 2575 -1 2598 2605 2606 -1 2604 2575 2607 -1 2592 2591 2469 -1 2607 2575 2589 -1 2608 2577 2609 -1 2538 2543 2457 -1 2609 2577 2576 -1 2599 2409 2469 -1 2479 2610 2469 -1 2517 2421 2611 -1 2542 2455 2457 -1 2576 2527 2488 -1 2537 2612 2409 -1 2613 2610 2479 -1 2609 2576 2614 -1 2571 2543 2558 -1 2610 2613 2548 -1 2614 2615 2609 -1 2586 2518 2523 -1 2488 2614 2576 -1 2540 2537 2563 -1 2488 2487 2491 -1 2613 2479 2481 -1 2545 2571 2558 -1 2563 2520 2540 -1 2537 2540 2616 -1 2614 2574 2615 -1 2574 2488 2491 -1 2456 2507 2617 -1 2538 2456 2617 -1 2491 2590 2575 -1 2614 2488 2574 -1 2490 2590 2491 -1 2587 2616 2540 -1 2612 2618 2619 -1 2429 2620 2481 -1 2541 2618 2587 -1 2619 2621 2551 -1 2536 2590 2490 -1 2619 2618 2621 -1 2618 2582 2621 -1 2541 2582 2618 -1 2577 2571 2570 -1 2531 2532 2540 -1 2573 2577 2570 -1 2582 2541 2588 -1 2582 2588 2583 -1 2588 2585 2583 -1 2532 2516 2588 -1 2502 2520 2563 -1 2588 2516 2585 -1 2515 2586 2516 -1 2515 2510 2518 -1 2515 2518 2586 -1 2621 2552 2551 -1 2552 2621 2581 -1 2582 2581 2621 -1 2484 2513 2622 -1 2623 2550 2418 -1 2623 2624 2550 -1 2625 2626 2627 -1 2615 2574 2604 -1 2627 2626 2595 -1 2569 2568 2407 -1 2595 2605 2598 -1 2569 2396 2446 -1 2483 2628 2629 -1 2589 2590 2591 -1 2564 2593 2590 -1 2455 2542 2630 -1 2536 2564 2590 -1 2631 2629 2615 -1 2470 2548 2613 -1 2483 2430 2628 -1 2595 2626 2605 -1 2470 2613 2632 -1 2577 2626 2571 -1 2626 2577 2608 -1 2605 2626 2608 -1 2631 2421 2483 -1 2599 2593 2564 -1 2631 2607 2421 -1 2543 2625 2542 -1 2625 2630 2542 -1 2604 2631 2615 -1 2429 2484 2620 -1 2620 2484 2622 -1 2616 2612 2537 -1 2605 2608 2606 -1 2591 2593 2599 -1 2599 2469 2591 -1 2631 2604 2607 -1 2608 2609 2606 -1 2513 2436 2468 -1 2592 2469 2610 -1 2606 2609 2615 -1 2612 2434 2409 -1 2606 2633 2598 -1 2587 2618 2612 -1 2607 2611 2421 -1 2571 2625 2543 -1 2607 2589 2611 -1 2615 2633 2606 -1 2611 2589 2592 -1 2612 2619 2434 -1 2551 2434 2619 -1 2598 2633 2628 -1 2625 2571 2626 -1 2611 2592 2610 -1 2612 2616 2587 -1 2629 2628 2633 -1 2615 2629 2633 -1 2617 2579 2594 -1 2597 2596 2634 -1 2598 2634 2596 -1 2598 2628 2634 -1 2513 2468 2635 -1 2430 2636 2628 -1 2601 2417 2568 -1 2637 2638 2639 -1 2640 2641 2642 -1 2643 2637 2644 -1 2641 2637 2643 -1 2522 2645 2559 -1 2418 2549 2623 -1 2631 2483 2629 -1 2517 2610 2548 -1 2646 2647 2470 -1 2470 2632 2646 -1 2647 2646 2648 -1 2470 2647 2447 -1 2611 2610 2517 -1 2649 2650 2651 -1 2651 2652 2649 -1 2649 2653 2654 -1 2655 2656 2657 -1 2613 2481 2632 -1 2656 2507 2658 -1 2658 2657 2656 -1 2617 2659 2579 -1 2656 2660 2507 -1 2659 2617 2660 -1 2617 2594 2538 -1 2602 2528 2657 -1 2657 2658 2602 -1 2602 2658 2453 -1 2658 2455 2661 -1 2453 2658 2451 -1 2455 2658 2507 -1 2455 2630 2661 -1 2662 2661 2630 -1 2661 2662 2663 -1 2625 2662 2630 -1 2664 2665 2666 -1 2666 2663 2664 -1 2663 2662 2627 -1 2663 2627 2595 -1 2662 2625 2627 -1 2597 2663 2595 -1 2664 2663 2597 -1 2664 2597 2634 -1 2636 2664 2634 -1 2667 2668 2669 -1 2664 2636 2670 -1 2636 2634 2628 -1 2639 2644 2637 -1 2642 2641 2643 -1 2671 2670 2636 -1 2672 2673 2674 -1 2637 2641 2675 -1 2622 2674 2673 -1 2622 2513 2674 -1 2676 2677 2678 -1 2671 2636 2679 -1 2569 2640 2642 -1 2640 2569 2680 -1 2681 2682 2683 -1 2684 2655 2657 -1 2685 2686 2687 -1 2688 2655 2684 -1 2689 2684 2657 -1 2446 2447 2690 -1 2651 2680 2569 -1 2651 2569 2691 -1 2688 2684 2692 -1 2635 2399 2693 -1 2681 2692 2682 -1 2513 2635 2674 -1 2559 2694 2636 -1 2632 2695 2646 -1 2692 2696 2682 -1 2399 2635 2468 -1 2559 2636 2430 -1 2447 2647 2690 -1 2617 2507 2660 -1 2697 2696 2692 -1 2678 2677 2698 -1 2572 2562 2654 -1 2648 2699 2647 -1 2528 2689 2657 -1 2646 2695 2648 -1 2678 2679 2676 -1 2692 2684 2689 -1 2694 2700 2676 -1 2692 2689 2701 -1 2697 2692 2701 -1 2679 2694 2676 -1 2700 2694 2645 -1 2448 2443 2702 -1 2529 2689 2528 -1 2645 2694 2559 -1 2529 2603 2689 -1 2603 2661 2666 -1 2701 2689 2703 -1 2603 2451 2661 -1 2658 2661 2451 -1 2645 2704 2700 -1 2522 2600 2645 -1 2704 2645 2705 -1 2600 2705 2645 -1 2649 2706 2650 -1 2707 2701 2708 -1 2666 2661 2663 -1 2653 2649 2709 -1 2701 2703 2708 -1 2703 2603 2666 -1 2653 2572 2654 -1 2710 2711 2712 -1 2713 2712 2711 -1 2712 2713 2714 -1 2665 2715 2666 -1 2442 2572 2716 -1 2717 2715 2665 -1 2717 2665 2670 -1 2664 2670 2665 -1 2718 2719 2680 -1 2718 2680 2650 -1 2720 2719 2721 -1 2639 2638 2722 -1 2723 2721 2719 -1 2637 2675 2638 -1 2718 2650 2723 -1 2721 2723 2724 -1 2724 2723 2725 -1 2723 2706 2725 -1 2726 2675 2641 -1 2641 2640 2726 -1 2727 2707 2728 -1 2729 2730 2731 -1 2732 2728 2733 -1 2707 2708 2728 -1 2706 2723 2650 -1 2717 2670 2671 -1 2731 2730 2683 -1 2730 2681 2683 -1 2708 2703 2728 -1 2652 2709 2649 -1 2715 2728 2703 -1 2734 2735 2736 -1 2703 2666 2715 -1 2720 2735 2734 -1 2737 2738 2739 -1 2679 2678 2671 -1 2740 2741 2724 -1 2731 2742 2729 -1 2743 2744 2745 -1 2743 2745 2746 -1 2731 2683 2696 -1 2731 2696 2742 -1 2706 2747 2725 -1 2697 2742 2696 -1 2742 2697 2748 -1 2728 2715 2733 -1 2694 2679 2636 -1 2682 2696 2683 -1 2676 2700 2677 -1 2649 2654 2706 -1 2700 2698 2677 -1 2706 2654 2747 -1 2749 2747 2654 -1 2733 2715 2717 -1 2750 2713 2711 -1 2705 2600 2601 -1 2751 2750 2695 -1 2752 2717 2671 -1 2714 2753 2754 -1 2755 2601 2568 -1 2697 2707 2748 -1 2714 2713 2750 -1 2707 2697 2701 -1 2680 2726 2640 -1 2678 2756 2671 -1 2642 2568 2569 -1 2757 2653 2709 -1 2754 2758 2716 -1 2753 2758 2754 -1 2569 2446 2691 -1 2690 2691 2446 -1 2572 2653 2716 -1 2703 2689 2603 -1 2716 2653 2754 -1 2691 2759 2652 -1 2691 2652 2651 -1 2680 2651 2650 -1 2716 2758 2442 -1 2751 2753 2714 -1 2690 2759 2691 -1 2758 2753 2751 -1 2668 2667 2760 -1 2761 2758 2751 -1 2690 2647 2699 -1 2710 2699 2711 -1 2762 2695 2632 -1 2481 2762 2632 -1 2699 2648 2711 -1 2762 2481 2620 -1 2695 2711 2648 -1 2711 2695 2750 -1 2734 2719 2720 -1 2673 2762 2620 -1 2622 2673 2620 -1 2673 2672 2762 -1 2762 2672 2763 -1 2751 2762 2763 -1 2635 2672 2674 -1 2672 2635 2763 -1 2693 2763 2635 -1 2693 2399 2764 -1 2764 2399 2521 -1 2765 2766 2767 -1 2740 2768 2769 -1 2766 2769 2767 -1 2749 2770 2771 -1 2772 2749 2771 -1 2771 2770 2772 -1 2562 2415 2770 -1 2770 2415 2448 -1 2445 2773 2506 -1 2669 2773 2667 -1 2746 2745 2774 -1 2745 2765 2774 -1 2774 2765 2767 -1 2775 2756 2678 -1 2723 2719 2718 -1 2623 2776 2777 -1 2678 2698 2775 -1 2778 2775 2704 -1 2775 2698 2704 -1 2779 2780 2781 -1 2705 2778 2704 -1 2721 2724 2782 -1 2698 2700 2704 -1 2782 2724 2741 -1 2747 2724 2725 -1 2782 2741 2765 -1 2766 2765 2741 -1 2724 2747 2740 -1 2783 2784 2785 -1 2740 2766 2741 -1 2786 2784 2787 -1 2788 2789 2790 -1 2789 2788 2791 -1 2783 2789 2791 -1 2792 2783 2791 -1 2749 2740 2747 -1 2639 2791 2788 -1 2652 2759 2757 -1 2757 2709 2652 -1 2710 2757 2759 -1 2757 2710 2712 -1 2722 2638 2793 -1 2794 2793 2638 -1 2795 2793 2794 -1 2639 2788 2796 -1 2722 2791 2639 -1 2712 2754 2757 -1 2797 2798 2799 -1 2778 2705 2755 -1 2712 2714 2754 -1 2751 2714 2750 -1 2800 2801 2802 -1 2653 2757 2754 -1 2801 2732 2802 -1 2729 2742 2803 -1 2755 2642 2643 -1 2803 2742 2748 -1 2751 2763 2761 -1 2804 2802 2732 -1 2726 2736 2675 -1 2758 2761 2442 -1 2736 2726 2734 -1 2695 2762 2751 -1 2727 2801 2800 -1 2727 2732 2801 -1 2728 2732 2727 -1 2785 2784 2786 -1 2693 2761 2763 -1 2764 2761 2693 -1 2761 2764 2805 -1 2806 2732 2733 -1 2737 2736 2738 -1 2735 2738 2736 -1 2806 2733 2807 -1 2797 2808 2798 -1 2738 2735 2739 -1 2739 2735 2720 -1 2720 2744 2739 -1 2743 2739 2744 -1 2561 2764 2521 -1 2752 2733 2717 -1 2720 2721 2782 -1 2782 2744 2720 -1 2766 2740 2769 -1 2769 2768 2767 -1 2744 2782 2745 -1 2745 2782 2765 -1 2809 2810 2811 -1 2812 2809 2811 -1 2705 2601 2755 -1 2740 2749 2768 -1 2749 2654 2770 -1 2772 2768 2749 -1 2562 2770 2654 -1 2568 2642 2755 -1 2812 2806 2813 -1 2806 2807 2813 -1 2808 2748 2800 -1 2772 2448 2814 -1 2772 2770 2448 -1 2719 2734 2726 -1 2726 2680 2719 -1 2800 2748 2707 -1 2807 2752 2815 -1 2800 2707 2727 -1 2815 2816 2807 -1 2816 2815 2756 -1 2752 2807 2733 -1 2815 2752 2671 -1 2671 2756 2815 -1 2710 2759 2690 -1 2702 2814 2448 -1 2812 2813 2809 -1 2690 2699 2710 -1 2813 2807 2816 -1 2813 2816 2809 -1 2817 2809 2818 -1 2816 2778 2809 -1 2442 2761 2445 -1 2819 2773 2445 -1 2773 2549 2506 -1 2667 2773 2819 -1 2624 2623 2777 -1 2776 2549 2773 -1 2776 2623 2549 -1 2773 2669 2776 -1 2805 2764 2760 -1 2776 2669 2820 -1 2761 2819 2445 -1 2778 2816 2775 -1 2819 2805 2667 -1 2667 2805 2760 -1 2785 2821 2822 -1 2817 2818 2796 -1 2789 2785 2822 -1 2818 2809 2778 -1 2816 2756 2775 -1 2790 2789 2822 -1 2785 2789 2783 -1 2817 2796 2790 -1 2823 2803 2748 -1 2790 2796 2788 -1 2784 2783 2824 -1 2787 2784 2824 -1 2824 2783 2792 -1 2824 2825 2826 -1 2824 2792 2825 -1 2825 2827 2826 -1 2792 2828 2825 -1 2792 2791 2828 -1 2808 2823 2748 -1 2829 2830 2831 -1 2823 2808 2832 -1 2722 2828 2791 -1 2805 2819 2761 -1 2828 2722 2793 -1 2795 2828 2793 -1 2822 2821 2830 -1 2828 2795 2687 -1 2832 2808 2797 -1 2796 2818 2644 -1 2796 2644 2639 -1 2833 2781 2834 -1 2799 2833 2834 -1 2818 2755 2644 -1 2808 2800 2798 -1 2818 2778 2755 -1 2799 2798 2833 -1 2798 2802 2804 -1 2802 2798 2800 -1 2781 2833 2835 -1 2798 2804 2833 -1 2804 2835 2833 -1 2835 2804 2836 -1 2836 2804 2837 -1 2838 2821 2785 -1 2781 2836 2839 -1 2781 2835 2836 -1 2675 2794 2638 -1 2755 2643 2644 -1 2838 2785 2786 -1 2837 2840 2836 -1 2732 2841 2804 -1 2825 2687 2842 -1 2842 2687 2686 -1 2804 2841 2843 -1 2804 2843 2837 -1 2687 2795 2685 -1 2837 2843 2844 -1 2795 2794 2685 -1 2843 2841 2844 -1 2806 2841 2732 -1 2832 2797 2834 -1 2780 2832 2834 -1 2840 2839 2836 -1 2780 2834 2781 -1 2845 2839 2810 -1 2840 2810 2839 -1 2810 2840 2811 -1 2840 2837 2812 -1 2787 2824 2826 -1 2794 2675 2737 -1 2736 2737 2675 -1 2837 2844 2812 -1 2779 2781 2839 -1 2844 2841 2812 -1 2846 2779 2839 -1 2737 2743 2794 -1 2812 2811 2840 -1 2845 2846 2839 -1 2810 2847 2829 -1 2830 2829 2822 -1 2737 2739 2743 -1 2829 2847 2822 -1 2847 2790 2822 -1 2810 2809 2817 -1 2790 2847 2810 -1 2841 2806 2812 -1 2829 2848 2845 -1 2825 2828 2687 -1 2827 2825 2842 -1 2829 2831 2848 -1 2834 2797 2799 -1 2845 2810 2829 -1 2810 2817 2790 -1 2849 2850 2851 -1 2849 2852 2853 -1 2853 2852 2854 -1 2850 2849 2853 -1 2855 2856 2857 -1 2853 2858 2850 -1 2853 2859 2858 -1 2859 2853 2854 -1 2860 2857 2850 -1 2850 2858 2860 -1 2856 2855 2861 -1 2862 2863 2854 -1 2863 2862 2864 -1 2865 2863 2864 -1 2854 2863 2859 -1 2866 2867 2868 -1 2868 2869 2865 -1 2870 2866 2868 -1 2861 2855 2871 -1 2863 2872 2859 -1 2873 2872 2863 -1 2873 2863 2865 -1 2869 2874 2865 -1 2866 2875 2867 -1 2868 2867 2869 -1 2876 2869 2867 -1 2873 2865 2874 -1 2877 2857 2860 -1 2878 2860 2858 -1 2872 2858 2859 -1 2874 2869 2879 -1 2870 2880 2866 -1 2866 2880 2875 -1 2867 2875 2881 -1 2882 2880 2883 -1 2882 2883 2884 -1 2875 2880 2882 -1 2871 2855 2885 -1 2855 2857 2877 -1 2881 2876 2867 -1 2886 2869 2887 -1 2888 2875 2882 -1 2879 2869 2886 -1 2888 2882 2889 -1 2890 2888 2889 -1 2891 2873 2874 -1 2892 2884 2893 -1 2876 2887 2869 -1 2874 2894 2895 -1 2876 2881 2890 -1 2888 2881 2875 -1 2888 2890 2881 -1 2882 2884 2896 -1 2889 2897 2890 -1 2890 2897 2898 -1 2872 2878 2858 -1 2878 2872 2899 -1 2873 2899 2872 -1 2900 2877 2860 -1 2898 2887 2876 -1 2901 2891 2874 -1 2902 2901 2874 -1 2892 2893 2903 -1 2879 2894 2874 -1 2890 2898 2876 -1 2904 2905 2906 -1 2860 2878 2900 -1 2873 2891 2899 -1 2892 2903 2907 -1 2887 2898 2886 -1 2894 2879 2886 -1 2877 2885 2855 -1 2908 2886 2898 -1 2886 2908 2909 -1 2909 2908 2910 -1 2896 2884 2892 -1 2892 2911 2896 -1 2900 2912 2877 -1 2905 2904 2913 -1 2907 2903 2913 -1 2886 2909 2894 -1 2894 2909 2910 -1 2882 2914 2889 -1 2902 2874 2895 -1 2898 2897 2915 -1 2908 2898 2916 -1 2910 2908 2917 -1 2896 2911 2918 -1 2911 2907 2918 -1 2892 2907 2911 -1 2885 2877 2919 -1 2877 2912 2919 -1 2899 2900 2878 -1 2914 2882 2896 -1 2894 2920 2895 -1 2896 2918 2914 -1 2895 2920 2902 -1 2897 2889 2921 -1 2922 2889 2914 -1 2904 2906 2923 -1 2889 2922 2921 -1 2922 2914 2918 -1 2924 2925 2926 -1 2915 2897 2921 -1 2925 2924 2927 -1 2927 2928 2925 -1 2907 2929 2918 -1 2928 2930 2931 -1 2932 2933 2934 -1 2933 2932 2935 -1 2913 2936 2907 -1 2891 2937 2899 -1 2938 2902 2920 -1 2938 2901 2902 -1 2939 2924 2926 -1 2910 2920 2894 -1 2929 2907 2936 -1 2920 2910 2938 -1 2916 2898 2915 -1 2916 2915 2940 -1 2941 2922 2918 -1 2929 2941 2918 -1 2908 2916 2917 -1 2942 2925 2928 -1 2904 2936 2913 -1 2871 2885 2943 -1 2928 2931 2942 -1 2942 2931 2933 -1 2944 2885 2919 -1 2932 2934 2945 -1 2915 2921 2941 -1 2901 2946 2891 -1 2935 2932 2947 -1 2948 2941 2929 -1 2917 2916 2949 -1 2948 2929 2950 -1 2936 2904 2951 -1 2916 2940 2949 -1 2910 2917 2952 -1 2953 2931 2930 -1 2904 2923 2954 -1 2912 2900 2955 -1 2941 2921 2922 -1 2931 2953 2934 -1 2899 2956 2900 -1 2933 2931 2934 -1 2901 2938 2957 -1 2950 2929 2958 -1 2951 2904 2954 -1 2940 2915 2948 -1 2949 2940 2948 -1 2936 2959 2929 -1 2948 2915 2941 -1 2906 2960 2923 -1 2955 2900 2956 -1 2932 2945 2947 -1 2923 2960 2961 -1 2947 2962 2963 -1 2964 2956 2899 -1 2937 2964 2899 -1 2891 2946 2937 -1 2942 2933 2965 -1 2901 2966 2946 -1 2912 2967 2919 -1 2901 2957 2966 -1 2950 2958 2968 -1 2938 2910 2969 -1 2952 2917 2949 -1 2947 2963 2970 -1 2947 2970 2935 -1 2971 2953 2930 -1 2972 2936 2951 -1 2936 2972 2959 -1 2969 2910 2952 -1 2939 2926 2973 -1 2950 2974 2948 -1 2929 2959 2958 -1 2975 2925 2942 -1 2942 2965 2976 -1 2970 2963 2977 -1 2943 2885 2944 -1 2933 2935 2965 -1 2949 2948 2952 -1 2978 2959 2972 -1 2962 2947 2945 -1 2967 2912 2979 -1 2937 2980 2964 -1 2980 2937 2946 -1 2946 2966 2981 -1 2982 2935 2970 -1 2938 2969 2957 -1 2983 2969 2952 -1 2984 2948 2974 -1 2950 2985 2974 -1 2953 2971 2986 -1 2959 2978 2958 -1 2955 2979 2912 -1 2975 2942 2976 -1 2963 2962 2987 -1 2977 2963 2988 -1 2934 2953 2986 -1 2945 2934 2989 -1 2990 2991 2961 -1 2944 2919 2992 -1 2965 2935 2982 -1 2954 2961 2991 -1 2923 2961 2954 -1 2993 2919 2967 -1 2981 2980 2946 -1 2951 2954 2994 -1 2993 2967 2979 -1 2985 2950 2968 -1 2986 2971 2995 -1 2996 2945 2989 -1 2945 2996 2962 -1 2973 2926 2997 -1 2998 2979 2955 -1 2999 2998 2955 -1 2956 2999 2955 -1 3000 2943 2987 -1 2987 2943 2988 -1 2956 2964 2999 -1 2987 2988 2963 -1 2934 2986 2989 -1 2976 2965 3001 -1 2965 2982 3002 -1 2992 2919 2993 -1 2948 2984 2952 -1 2994 3003 2951 -1 3003 2972 2951 -1 2968 2958 3004 -1 2985 2968 3005 -1 2979 2998 3006 -1 2925 2997 2926 -1 2976 3007 2975 -1 2943 2944 2988 -1 3008 2988 2992 -1 2988 3008 2977 -1 3001 2965 3002 -1 2990 3009 3010 -1 2992 2993 3008 -1 2994 2954 3011 -1 2993 3012 3008 -1 2982 2970 3013 -1 2952 2984 2983 -1 2974 2985 3014 -1 3015 2999 2964 -1 3016 2997 2925 -1 2962 2996 3017 -1 2980 3015 2964 -1 3016 2925 2975 -1 2990 3010 2991 -1 2981 2966 3018 -1 2957 3019 2966 -1 2987 2962 3017 -1 2987 3017 3000 -1 2972 3003 3020 -1 2988 2944 2992 -1 2978 3004 2958 -1 2977 3021 2970 -1 2977 3008 3012 -1 3012 2993 2979 -1 3006 3012 2979 -1 3022 2997 3016 -1 2981 3015 2980 -1 3001 3007 2976 -1 3019 2957 2969 -1 2954 2991 3011 -1 2977 3012 3021 -1 3021 3013 2970 -1 3003 2994 3023 -1 3023 3020 3003 -1 2978 2972 3024 -1 3004 3025 2968 -1 3022 3026 2973 -1 3005 2968 3025 -1 2973 2997 3022 -1 3016 2975 3027 -1 3007 3027 2975 -1 3011 2991 3028 -1 3006 2998 3029 -1 3030 2998 2999 -1 2989 2995 2996 -1 3011 3023 2994 -1 3031 3002 2982 -1 3032 3004 2978 -1 3025 3004 3032 -1 2966 3019 3033 -1 2974 3034 2984 -1 2974 3014 3034 -1 3026 3035 2973 -1 2986 2995 2989 -1 3010 3009 3036 -1 3028 2991 3010 -1 2982 3013 3031 -1 3020 3024 2972 -1 3037 3036 3009 -1 3038 3011 3028 -1 3021 3012 3039 -1 3015 2981 3040 -1 3012 3006 3039 -1 3040 2981 3018 -1 3011 3038 3023 -1 3041 3006 3042 -1 3006 3029 3042 -1 3043 3018 2966 -1 3019 2969 2983 -1 3044 2983 2984 -1 2985 3005 3045 -1 3014 2985 3046 -1 3022 3016 3047 -1 3029 2998 3030 -1 3001 3048 3007 -1 3013 3021 3039 -1 3028 3010 3049 -1 3041 3039 3006 -1 3050 3016 3027 -1 3027 3007 3051 -1 2999 3052 3030 -1 3007 3048 3051 -1 3052 2999 3015 -1 3039 3041 3013 -1 3043 2966 3033 -1 3053 3028 3054 -1 3028 3053 3038 -1 2978 3024 3032 -1 3022 3055 3026 -1 3042 3029 3056 -1 3052 3015 3057 -1 3010 3036 3049 -1 3019 2983 3058 -1 3038 3059 3023 -1 2984 3034 3044 -1 3060 3023 3059 -1 3023 3060 3020 -1 3044 3058 2983 -1 3034 3014 3061 -1 3014 3046 3061 -1 3062 3024 3020 -1 3047 3055 3022 -1 3046 2985 3045 -1 3030 3063 3029 -1 3027 3051 3064 -1 3001 3002 3048 -1 3015 3040 3057 -1 3031 3013 3041 -1 3042 3031 3041 -1 3054 3028 3049 -1 3040 3018 3043 -1 3059 3038 3065 -1 3066 3042 3056 -1 3067 3033 3019 -1 3067 3019 3058 -1 3032 3024 3068 -1 3044 3034 3061 -1 3035 3026 3069 -1 3070 3005 3025 -1 3047 3016 3050 -1 3064 3050 3027 -1 3029 3063 3056 -1 3038 3053 3065 -1 3069 3026 3055 -1 3025 3032 3071 -1 3025 3071 3072 -1 3070 3045 3005 -1 3052 3063 3030 -1 3064 3051 3073 -1 3074 3075 3048 -1 3002 3074 3048 -1 3076 3036 3077 -1 3002 3031 3074 -1 3062 3020 3060 -1 3046 3045 3078 -1 3049 3036 3076 -1 3040 3043 3079 -1 3074 3031 3080 -1 3058 3044 3081 -1 3065 3053 3082 -1 3044 3061 3083 -1 3062 3068 3024 -1 3070 3025 3072 -1 3045 3070 3084 -1 3056 3063 3085 -1 3075 3051 3048 -1 3054 3049 3086 -1 3082 3053 3054 -1 3031 3042 3080 -1 3060 3059 3087 -1 3060 3068 3062 -1 3069 3055 3088 -1 3071 3032 3068 -1 3061 3046 3078 -1 3047 3050 3089 -1 3073 3090 3064 -1 3052 3091 3063 -1 3052 3057 3092 -1 3057 3040 3079 -1 3082 3054 3086 -1 3059 3065 3087 -1 3067 3058 3081 -1 3068 3060 3093 -1 3081 3044 3083 -1 3045 3084 3094 -1 3095 3050 3064 -1 3085 3063 3091 -1 3090 3095 3064 -1 3082 3096 3065 -1 3074 3080 3097 -1 3042 3066 3080 -1 3093 3060 3087 -1 3098 3055 3047 -1 3095 3090 3099 -1 3049 3076 3086 -1 3082 3086 3100 -1 3043 3033 3101 -1 3093 3087 3102 -1 3067 3081 3103 -1 3068 3104 3071 -1 3078 3045 3094 -1 3105 3066 3056 -1 3073 3051 3106 -1 3092 3057 3107 -1 3057 3079 3107 -1 3079 3043 3108 -1 3033 3067 3101 -1 3065 3096 3087 -1 3109 3093 3102 -1 3081 3083 3110 -1 3068 3093 3109 -1 3103 3081 3110 -1 3071 3104 3072 -1 3050 3095 3089 -1 3099 3090 3111 -1 3075 3106 3051 -1 3083 3061 3112 -1 3061 3078 3112 -1 3104 3068 3109 -1 3070 3072 3113 -1 3114 3084 3070 -1 3085 3091 3115 -1 3116 3056 3085 -1 3117 3115 3091 -1 3116 3105 3056 -1 3090 3073 3111 -1 3106 3111 3073 -1 3092 3091 3052 -1 3108 3118 3079 -1 3067 3103 3119 -1 3043 3120 3108 -1 3067 3119 3101 -1 3096 3082 3121 -1 3113 3072 3104 -1 3088 3055 3098 -1 3076 3077 3122 -1 3086 3076 3100 -1 3106 3075 3123 -1 3120 3043 3101 -1 3124 3075 3074 -1 3097 3124 3074 -1 3121 3082 3100 -1 3119 3103 3125 -1 3103 3110 3126 -1 3078 3094 3112 -1 3098 3047 3089 -1 3085 3115 3117 -1 3116 3085 3117 -1 3092 3117 3091 -1 3092 3107 3127 -1 3107 3079 3128 -1 3119 3129 3101 -1 3125 3103 3130 -1 3130 3103 3126 -1 3131 3110 3083 -1 3114 3070 3113 -1 3084 3114 3132 -1 3094 3084 3132 -1 3076 3122 3133 -1 3134 3076 3133 -1 3116 3117 3135 -1 3099 3136 3137 -1 3117 3092 3127 -1 3076 3134 3100 -1 3138 3111 3106 -1 3138 3106 3139 -1 3097 3080 3140 -1 3080 3066 3141 -1 3096 3142 3087 -1 3126 3110 3131 -1 3109 3143 3104 -1 3144 3095 3099 -1 3089 3095 3144 -1 3129 3119 3145 -1 3145 3119 3125 -1 3136 3099 3146 -1 3099 3111 3146 -1 3123 3075 3147 -1 3130 3148 3125 -1 3096 3121 3142 -1 3141 3066 3105 -1 3136 3149 3137 -1 3150 3149 3151 -1 3136 3151 3149 -1 3128 3079 3118 -1 3126 3131 3152 -1 3152 3131 3153 -1 3139 3106 3123 -1 3154 3142 3121 -1 3083 3153 3131 -1 3083 3112 3155 -1 3094 3156 3112 -1 3109 3102 3157 -1 3141 3140 3080 -1 3113 3104 3143 -1 3105 3116 3158 -1 3127 3135 3117 -1 3111 3138 3159 -1 3108 3120 3160 -1 3120 3101 3129 -1 3161 3148 3130 -1 3130 3152 3161 -1 3098 3089 3162 -1 3126 3152 3130 -1 3147 3075 3124 -1 3112 3156 3163 -1 3155 3112 3163 -1 3156 3094 3132 -1 3100 3164 3121 -1 3165 3102 3087 -1 3143 3109 3157 -1 3151 3136 3146 -1 3111 3166 3146 -1 3160 3120 3129 -1 3162 3089 3144 -1 3167 3152 3153 -1 3153 3083 3155 -1 3121 3164 3154 -1 3168 3113 3143 -1 3114 3113 3168 -1 3144 3099 3137 -1 3141 3105 3169 -1 3158 3169 3105 -1 3133 3122 3170 -1 3149 3150 3171 -1 3134 3133 3172 -1 3118 3108 3173 -1 3145 3125 3174 -1 3174 3125 3148 -1 3165 3142 3175 -1 3087 3142 3165 -1 3157 3102 3176 -1 3155 3163 3177 -1 3178 3148 3161 -1 3152 3179 3161 -1 3116 3135 3180 -1 3172 3133 3170 -1 3158 3116 3180 -1 3111 3159 3166 -1 3134 3164 3100 -1 3139 3123 3181 -1 3182 3154 3164 -1 3147 3183 3123 -1 3154 3175 3142 -1 3165 3176 3102 -1 3173 3184 3118 -1 3168 3143 3157 -1 3173 3108 3160 -1 3160 3129 3185 -1 3167 3179 3152 -1 3178 3161 3179 -1 3156 3132 3186 -1 3187 3137 3149 -1 3144 3137 3188 -1 3135 3127 3189 -1 3159 3138 3139 -1 3127 3107 3189 -1 3172 3170 3190 -1 3191 3189 3107 -1 3107 3128 3191 -1 3134 3172 3164 -1 3097 3140 3192 -1 3124 3097 3192 -1 3132 3114 3186 -1 3174 3148 3178 -1 3153 3155 3193 -1 3193 3155 3177 -1 3187 3149 3171 -1 3184 3128 3118 -1 3194 3156 3186 -1 3195 3177 3163 -1 3135 3189 3180 -1 3159 3139 3196 -1 3154 3182 3175 -1 3150 3151 3171 -1 3123 3183 3181 -1 3197 3147 3198 -1 3186 3114 3168 -1 3129 3145 3199 -1 3145 3174 3199 -1 3188 3137 3187 -1 3191 3128 3184 -1 3190 3200 3172 -1 3147 3124 3198 -1 3141 3169 3140 -1 3185 3173 3160 -1 3199 3201 3129 -1 3195 3163 3156 -1 3153 3193 3202 -1 3193 3177 3203 -1 3194 3186 3204 -1 3151 3146 3205 -1 3164 3172 3200 -1 3139 3181 3196 -1 3147 3197 3183 -1 3176 3204 3157 -1 3195 3156 3194 -1 3168 3157 3204 -1 3144 3188 3206 -1 3168 3204 3186 -1 3171 3151 3205 -1 3180 3189 3207 -1 3184 3208 3191 -1 3182 3164 3200 -1 3209 3182 3200 -1 3169 3158 3210 -1 3175 3182 3209 -1 3187 3171 3211 -1 3124 3192 3198 -1 3140 3169 3192 -1 3165 3175 3212 -1 3176 3165 3212 -1 3177 3195 3213 -1 3167 3153 3202 -1 3212 3175 3214 -1 3188 3187 3206 -1 3185 3129 3201 -1 3176 3212 3215 -1 3194 3204 3216 -1 3174 3178 3217 -1 3202 3218 3167 -1 3177 3213 3203 -1 3178 3179 3219 -1 3200 3190 3220 -1 3175 3209 3214 -1 3207 3189 3191 -1 3221 3197 3198 -1 3208 3207 3191 -1 3162 3144 3206 -1 3222 3215 3212 -1 3146 3166 3205 -1 3204 3176 3215 -1 3199 3174 3217 -1 3217 3178 3219 -1 3213 3195 3223 -1 3193 3218 3202 -1 3218 3193 3203 -1 3166 3159 3224 -1 3200 3220 3225 -1 3226 3184 3173 -1 3209 3200 3227 -1 3192 3169 3228 -1 3201 3199 3229 -1 3218 3230 3167 -1 3167 3230 3179 -1 3203 3213 3231 -1 3179 3230 3219 -1 3216 3195 3194 -1 3181 3183 3232 -1 3227 3200 3225 -1 3210 3158 3180 -1 3214 3209 3233 -1 3198 3192 3228 -1 3212 3214 3234 -1 3199 3217 3235 -1 3236 3162 3206 -1 3218 3203 3231 -1 3215 3216 3204 -1 3195 3216 3237 -1 3208 3184 3226 -1 3159 3196 3238 -1 3198 3228 3221 -1 3213 3239 3231 -1 3187 3240 3206 -1 3224 3159 3238 -1 3207 3241 3180 -1 3224 3205 3166 -1 3199 3235 3229 -1 3235 3217 3219 -1 3242 3227 3225 -1 3227 3233 3209 -1 3243 3230 3218 -1 3231 3243 3218 -1 3195 3237 3223 -1 3239 3213 3223 -1 3211 3244 3187 -1 3205 3245 3171 -1 3246 3238 3196 -1 3226 3173 3247 -1 3196 3181 3246 -1 3171 3245 3211 -1 3173 3185 3248 -1 3201 3248 3185 -1 3169 3210 3228 -1 3234 3222 3212 -1 3180 3249 3210 -1 3249 3180 3241 -1 3220 3250 3225 -1 3232 3246 3181 -1 3228 3251 3221 -1 3230 3252 3219 -1 3234 3214 3233 -1 3252 3230 3243 -1 3222 3253 3215 -1 3253 3216 3215 -1 3253 3237 3216 -1 3241 3207 3254 -1 3236 3206 3255 -1 3208 3226 3247 -1 3255 3206 3240 -1 3240 3187 3244 -1 3248 3201 3229 -1 3219 3256 3235 -1 3231 3239 3257 -1 3258 3253 3222 -1 3207 3208 3254 -1 3236 3255 3259 -1 3248 3260 3173 -1 3261 3224 3262 -1 3261 3245 3205 -1 3229 3235 3256 -1 3205 3224 3261 -1 3263 3252 3264 -1 3252 3243 3264 -1 3265 3211 3266 -1 3245 3266 3211 -1 3257 3239 3223 -1 3253 3267 3237 -1 3254 3208 3247 -1 3228 3210 3268 -1 3247 3173 3260 -1 3248 3229 3269 -1 3269 3229 3256 -1 3219 3252 3256 -1 3243 3231 3270 -1 3270 3231 3257 -1 3223 3237 3267 -1 3234 3258 3222 -1 3183 3197 3271 -1 3221 3271 3197 -1 3265 3266 3272 -1 3272 3266 3273 -1 3255 3274 3259 -1 3262 3224 3238 -1 3275 3227 3276 -1 3233 3227 3275 -1 3277 3261 3262 -1 3260 3248 3269 -1 3256 3252 3278 -1 3263 3278 3252 -1 3264 3243 3279 -1 3257 3223 3280 -1 3244 3211 3265 -1 3281 3282 3253 -1 3240 3244 3283 -1 3267 3253 3282 -1 3249 3241 3284 -1 3227 3242 3276 -1 3254 3247 3285 -1 3286 3285 3260 -1 3285 3247 3260 -1 3223 3267 3280 -1 3283 3244 3265 -1 3251 3228 3268 -1 3255 3240 3287 -1 3225 3250 3288 -1 3225 3288 3242 -1 3238 3246 3289 -1 3238 3290 3262 -1 3291 3254 3292 -1 3210 3249 3268 -1 3293 3272 3273 -1 3290 3238 3289 -1 3288 3250 3294 -1 3232 3183 3271 -1 3246 3232 3289 -1 3279 3243 3295 -1 3283 3265 3296 -1 3274 3255 3287 -1 3267 3282 3297 -1 3268 3249 3284 -1 3245 3261 3298 -1 3254 3285 3292 -1 3272 3293 3299 -1 3233 3275 3300 -1 3221 3251 3271 -1 3234 3300 3258 -1 3286 3260 3269 -1 3243 3270 3295 -1 3301 3293 3273 -1 3258 3281 3253 -1 3282 3281 3302 -1 3241 3303 3284 -1 3266 3304 3273 -1 3241 3254 3291 -1 3288 3294 3305 -1 3269 3256 3306 -1 3256 3278 3306 -1 3263 3264 3279 -1 3265 3272 3307 -1 3234 3233 3300 -1 3280 3267 3297 -1 3287 3240 3283 -1 3289 3232 3290 -1 3303 3241 3308 -1 3306 3309 3269 -1 3309 3286 3269 -1 3278 3263 3310 -1 3288 3311 3242 -1 3276 3242 3311 -1 3272 3299 3307 -1 3300 3275 3276 -1 3266 3245 3298 -1 3290 3232 3312 -1 3271 3312 3232 -1 3313 3271 3251 -1 3296 3265 3307 -1 3301 3273 3304 -1 3314 3315 3316 -1 3284 3317 3268 -1 3291 3308 3241 -1 3277 3298 3261 -1 3294 3318 3305 -1 3310 3263 3279 -1 3270 3257 3295 -1 3312 3277 3262 -1 3262 3290 3312 -1 3258 3300 3319 -1 3281 3258 3302 -1 3268 3320 3251 -1 3282 3302 3321 -1 3292 3285 3322 -1 3278 3323 3306 -1 3310 3323 3278 -1 3304 3266 3298 -1 3324 3325 3299 -1 3299 3293 3324 -1 3305 3311 3288 -1 3326 3276 3327 -1 3276 3326 3300 -1 3302 3258 3319 -1 3307 3299 3328 -1 3284 3303 3329 -1 3317 3284 3329 -1 3291 3292 3308 -1 3285 3286 3322 -1 3286 3309 3322 -1 3271 3330 3312 -1 3330 3271 3331 -1 3331 3271 3313 -1 3320 3313 3251 -1 3320 3268 3317 -1 3295 3257 3332 -1 3280 3332 3257 -1 3276 3311 3327 -1 3297 3282 3321 -1 3333 3287 3283 -1 3277 3312 3330 -1 3309 3334 3335 -1 3323 3310 3336 -1 3310 3279 3336 -1 3336 3279 3295 -1 3296 3333 3283 -1 3293 3301 3337 -1 3326 3319 3300 -1 3319 3338 3302 -1 3321 3302 3338 -1 3321 3339 3297 -1 3340 3329 3303 -1 3341 3313 3342 -1 3313 3320 3342 -1 3315 3343 3344 -1 3345 3295 3332 -1 3328 3333 3296 -1 3328 3296 3307 -1 3327 3346 3326 -1 3319 3326 3346 -1 3347 3304 3298 -1 3277 3330 3298 -1 3348 3338 3319 -1 3331 3313 3341 -1 3324 3349 3325 -1 3324 3293 3337 -1 3342 3320 3317 -1 3337 3301 3350 -1 3304 3350 3301 -1 3348 3351 3338 -1 3352 3353 3354 -1 3338 3355 3321 -1 3318 3356 3305 -1 3356 3311 3305 -1 3303 3308 3340 -1 3335 3322 3309 -1 3309 3323 3334 -1 3323 3309 3306 -1 3295 3357 3336 -1 3357 3295 3345 -1 3339 3345 3332 -1 3297 3339 3280 -1 3339 3332 3280 -1 3358 3330 3359 -1 3319 3346 3348 -1 3360 3361 3362 -1 3363 3342 3317 -1 3316 3315 3344 -1 3354 3353 3364 -1 3365 3364 3353 -1 3366 3365 3367 -1 3368 3369 3352 -1 3368 3352 3354 -1 3355 3338 3351 -1 3352 3370 3371 -1 3372 3365 3353 -1 3353 3352 3371 -1 3339 3321 3355 -1 3355 3373 3339 -1 3340 3308 3374 -1 3292 3374 3308 -1 3311 3356 3375 -1 3376 3292 3322 -1 3298 3330 3358 -1 3359 3330 3331 -1 3343 3377 3344 -1 3378 3379 3380 -1 3349 3324 3381 -1 3379 3378 3382 -1 3382 3383 3379 -1 3368 3384 3350 -1 3368 3354 3385 -1 3354 3364 3385 -1 3350 3304 3369 -1 3369 3304 3347 -1 3369 3368 3350 -1 3360 3362 3386 -1 3387 3388 3389 -1 3365 3388 3364 -1 3363 3390 3342 -1 3389 3388 3366 -1 3361 3390 3363 -1 3365 3366 3388 -1 3373 3355 3391 -1 3361 3363 3340 -1 3329 3340 3363 -1 3317 3329 3363 -1 3392 3373 3391 -1 3367 3365 3372 -1 3371 3372 3353 -1 3379 3371 3370 -1 3386 3362 3393 -1 3394 3366 3367 -1 3395 3366 3394 -1 3395 3394 3396 -1 3361 3340 3362 -1 3394 3367 3396 -1 3362 3340 3374 -1 3356 3318 3397 -1 3311 3375 3327 -1 3322 3398 3376 -1 3374 3292 3376 -1 3398 3322 3335 -1 3335 3334 3399 -1 3373 3345 3339 -1 3381 3324 3337 -1 3400 3401 3381 -1 3337 3400 3381 -1 3402 3400 3337 -1 3350 3402 3337 -1 3384 3402 3350 -1 3316 3344 3403 -1 3384 3368 3385 -1 3404 3316 3403 -1 3352 3369 3370 -1 3369 3347 3405 -1 3369 3405 3370 -1 3406 3407 3408 -1 3407 3406 3389 -1 3409 3410 3411 -1 3410 3409 3412 -1 3412 3409 3413 -1 3414 3415 3416 -1 3417 3389 3366 -1 3395 3409 3417 -1 3417 3366 3395 -1 3418 3419 3420 -1 3418 3420 3421 -1 3379 3372 3371 -1 3421 3422 3418 -1 3409 3395 3423 -1 3396 3423 3395 -1 3372 3379 3383 -1 3396 3360 3424 -1 3346 3327 3425 -1 3424 3360 3386 -1 3298 3426 3347 -1 3426 3298 3358 -1 3359 3426 3358 -1 3405 3426 3359 -1 3370 3405 3380 -1 3370 3380 3379 -1 3405 3359 3380 -1 3427 3380 3359 -1 3427 3359 3331 -1 3341 3390 3427 -1 3427 3331 3341 -1 3351 3428 3429 -1 3429 3391 3351 -1 3383 3382 3360 -1 3348 3428 3351 -1 3351 3391 3355 -1 3374 3393 3362 -1 3430 3431 3432 -1 3430 3393 3374 -1 3376 3430 3374 -1 3431 3430 3376 -1 3398 3433 3376 -1 3434 3433 3398 -1 3334 3435 3436 -1 3323 3435 3334 -1 3435 3323 3336 -1 3336 3357 3435 -1 3437 3399 3436 -1 3438 3439 3440 -1 3400 3440 3439 -1 3441 3437 3442 -1 3437 3436 3442 -1 3402 3440 3400 -1 3406 3384 3387 -1 3425 3443 3346 -1 3346 3443 3348 -1 3428 3348 3444 -1 3445 3446 3447 -1 3448 3449 3408 -1 3407 3448 3408 -1 3450 3451 3446 -1 3451 3450 3452 -1 3451 3452 3453 -1 3392 3345 3373 -1 3407 3410 3448 -1 3407 3389 3417 -1 3417 3411 3407 -1 3407 3411 3410 -1 3454 3455 3456 -1 3457 3455 3454 -1 3411 3417 3409 -1 3432 3393 3430 -1 3458 3445 3459 -1 3431 3421 3432 -1 3452 3413 3460 -1 3431 3433 3421 -1 3461 3415 3414 -1 3462 3410 3412 -1 3433 3431 3376 -1 3414 3463 3461 -1 3462 3412 3464 -1 3465 3434 3398 -1 3465 3398 3466 -1 3335 3466 3398 -1 3467 3463 3420 -1 3419 3467 3420 -1 3413 3452 3450 -1 3466 3335 3399 -1 3387 3364 3388 -1 3406 3387 3389 -1 3334 3436 3399 -1 3416 3386 3468 -1 3386 3393 3468 -1 3436 3435 3442 -1 3414 3468 3420 -1 3468 3414 3416 -1 3372 3396 3367 -1 3420 3468 3421 -1 3423 3413 3409 -1 3421 3468 3432 -1 3392 3469 3357 -1 3460 3423 3461 -1 3467 3419 3470 -1 3423 3396 3415 -1 3424 3415 3396 -1 3423 3415 3461 -1 3396 3372 3383 -1 3471 3457 3470 -1 3396 3383 3360 -1 3415 3424 3416 -1 3419 3418 3422 -1 3416 3424 3386 -1 3347 3426 3405 -1 3378 3380 3427 -1 3390 3378 3427 -1 3378 3390 3382 -1 3390 3341 3342 -1 3382 3361 3360 -1 3382 3390 3361 -1 3457 3471 3472 -1 3433 3422 3421 -1 3471 3422 3465 -1 3422 3433 3434 -1 3473 3474 3475 -1 3476 3477 3478 -1 3476 3475 3479 -1 3475 3474 3479 -1 3480 3474 3481 -1 3482 3474 3480 -1 3483 3484 3485 -1 3486 3487 3488 -1 3488 3487 3489 -1 3490 3491 3492 -1 3493 3494 3495 -1 3488 3489 3496 -1 3497 3498 3499 -1 3495 3494 3485 -1 3499 3500 3497 -1 3501 3500 3502 -1 3497 3500 3501 -1 3502 3503 3501 -1 3466 3490 3492 -1 3504 3491 3490 -1 3505 3506 3507 -1 3399 3490 3466 -1 3399 3504 3490 -1 3483 3508 3509 -1 3508 3437 3510 -1 3508 3504 3437 -1 3504 3399 3437 -1 3506 3511 3512 -1 3513 3514 3515 -1 3516 3517 3377 -1 3487 3518 3458 -1 3487 3458 3459 -1 3459 3445 3447 -1 3447 3519 3459 -1 3520 3519 3447 -1 3439 3401 3400 -1 3521 3401 3439 -1 3519 3520 3522 -1 3356 3397 3523 -1 3408 3449 3524 -1 3525 3408 3524 -1 3526 3375 3356 -1 3520 3453 3454 -1 3453 3467 3454 -1 3375 3425 3327 -1 3527 3528 3529 -1 3444 3348 3443 -1 3406 3408 3525 -1 3456 3530 3454 -1 3456 3455 3531 -1 3440 3402 3525 -1 3444 3429 3428 -1 3525 3402 3384 -1 3525 3384 3406 -1 3452 3460 3453 -1 3532 3533 3392 -1 3420 3463 3414 -1 3429 3392 3391 -1 3469 3392 3533 -1 3393 3432 3468 -1 3385 3387 3384 -1 3454 3470 3457 -1 3449 3505 3503 -1 3524 3449 3503 -1 3448 3534 3449 -1 3469 3442 3357 -1 3448 3410 3462 -1 3442 3435 3357 -1 3345 3392 3357 -1 3412 3413 3464 -1 3464 3413 3450 -1 3387 3385 3364 -1 3413 3423 3460 -1 3455 3457 3472 -1 3493 3455 3472 -1 3535 3536 3537 -1 3499 3535 3500 -1 3470 3419 3422 -1 3535 3537 3500 -1 3500 3537 3502 -1 3537 3536 3502 -1 3470 3422 3471 -1 3492 3472 3471 -1 3465 3492 3471 -1 3434 3465 3422 -1 3528 3538 3514 -1 3514 3539 3478 -1 3540 3541 3475 -1 3541 3473 3475 -1 3474 3473 3481 -1 3495 3542 3493 -1 3542 3495 3481 -1 3543 3478 3477 -1 3477 3476 3544 -1 3476 3479 3544 -1 3482 3544 3479 -1 3482 3479 3474 -1 3484 3480 3481 -1 3481 3495 3484 -1 3484 3495 3485 -1 3545 3546 3480 -1 3484 3545 3480 -1 3344 3377 3547 -1 3493 3472 3494 -1 3344 3547 3548 -1 3403 3344 3548 -1 3549 3517 3550 -1 3494 3472 3551 -1 3550 3518 3549 -1 3486 3548 3549 -1 3472 3492 3491 -1 3472 3491 3551 -1 3486 3488 3548 -1 3552 3548 3488 -1 3551 3485 3494 -1 3488 3496 3552 -1 3553 3554 3496 -1 3555 3553 3496 -1 3466 3492 3465 -1 3556 3554 3513 -1 3554 3553 3513 -1 3504 3551 3491 -1 3485 3508 3483 -1 3485 3504 3508 -1 3484 3483 3509 -1 3509 3508 3510 -1 3532 3509 3510 -1 3437 3441 3510 -1 3557 3558 3559 -1 3513 3515 3560 -1 3515 3514 3478 -1 3561 3562 3563 -1 3543 3564 3565 -1 3566 3567 3512 -1 3497 3501 3507 -1 3568 3546 3545 -1 3569 3546 3568 -1 3569 3568 3444 -1 3489 3487 3519 -1 3532 3568 3509 -1 3489 3519 3522 -1 3568 3429 3444 -1 3451 3447 3446 -1 3451 3453 3447 -1 3568 3532 3429 -1 3512 3507 3506 -1 3512 3511 3566 -1 3501 3503 3507 -1 3510 3441 3532 -1 3532 3441 3533 -1 3553 3555 3529 -1 3555 3527 3529 -1 3489 3522 3530 -1 3533 3441 3469 -1 3429 3532 3392 -1 3530 3522 3520 -1 3454 3530 3520 -1 3455 3493 3531 -1 3463 3460 3461 -1 3453 3460 3463 -1 3463 3467 3453 -1 3454 3467 3470 -1 3566 3511 3516 -1 3570 3511 3506 -1 3550 3517 3516 -1 3516 3511 3550 -1 3511 3518 3550 -1 3571 3401 3521 -1 3401 3571 3349 -1 3524 3438 3440 -1 3524 3440 3525 -1 3536 3524 3502 -1 3503 3502 3524 -1 3381 3401 3349 -1 3534 3505 3449 -1 3505 3507 3503 -1 3534 3448 3462 -1 3506 3534 3570 -1 3570 3534 3572 -1 3572 3446 3570 -1 3570 3446 3445 -1 3534 3462 3572 -1 3462 3464 3572 -1 3572 3464 3450 -1 3450 3446 3572 -1 3529 3528 3514 -1 3539 3514 3538 -1 3538 3541 3539 -1 3540 3539 3541 -1 3539 3540 3478 -1 3541 3542 3481 -1 3531 3493 3542 -1 3481 3473 3541 -1 3478 3540 3476 -1 3477 3544 3573 -1 3540 3475 3476 -1 3547 3517 3549 -1 3574 3575 3482 -1 3548 3547 3549 -1 3480 3546 3482 -1 3482 3546 3574 -1 3549 3518 3486 -1 3518 3487 3486 -1 3509 3545 3484 -1 3576 3554 3556 -1 3485 3551 3504 -1 3576 3552 3554 -1 3497 3512 3498 -1 3496 3554 3552 -1 3512 3497 3507 -1 3517 3547 3377 -1 3513 3529 3514 -1 3513 3553 3529 -1 3511 3570 3518 -1 3442 3469 3441 -1 3534 3506 3505 -1 3518 3570 3458 -1 3570 3445 3458 -1 3561 3577 3562 -1 3578 3526 3561 -1 3523 3526 3356 -1 3579 3575 3580 -1 3575 3574 3580 -1 3581 3557 3564 -1 3559 3558 3556 -1 3425 3375 3526 -1 3425 3580 3443 -1 3515 3559 3560 -1 3569 3574 3546 -1 3545 3509 3568 -1 3478 3543 3565 -1 3443 3580 3569 -1 3444 3443 3569 -1 3543 3563 3564 -1 3543 3477 3563 -1 3563 3477 3573 -1 3487 3459 3519 -1 3447 3453 3520 -1 3496 3489 3555 -1 3555 3489 3582 -1 3582 3527 3555 -1 3530 3456 3582 -1 3531 3538 3456 -1 3542 3541 3538 -1 3538 3531 3542 -1 3403 3548 3552 -1 3482 3573 3544 -1 3403 3576 3404 -1 3403 3552 3576 -1 3573 3482 3575 -1 3573 3575 3579 -1 3556 3513 3560 -1 3577 3561 3523 -1 3526 3523 3561 -1 3573 3579 3578 -1 3564 3557 3559 -1 3578 3579 3526 -1 3560 3559 3556 -1 3569 3580 3574 -1 3478 3559 3515 -1 3565 3559 3478 -1 3425 3579 3580 -1 3565 3564 3559 -1 3561 3563 3578 -1 3578 3563 3573 -1 3530 3582 3489 -1 3527 3582 3456 -1 3528 3527 3538 -1 3527 3456 3538 -1 3526 3579 3425 -1 3583 3584 3585 -1 3584 3583 3586 -1 3587 3588 3589 -1 3589 3588 3590 -1 3589 3590 3591 -1 3592 3593 3594 -1 3587 3595 3596 -1 3597 3598 3599 -1 3600 3597 3599 -1 3599 3601 3600 -1 3602 3600 3601 -1 3600 3602 3585 -1 3602 3603 3585 -1 3583 3585 3603 -1 3604 3599 3598 -1 3586 3583 3605 -1 3599 3604 3606 -1 3599 3606 3601 -1 3595 3607 3596 -1 3593 3592 3608 -1 3604 3598 3609 -1 3601 3606 3610 -1 3607 3586 3605 -1 3590 3611 3591 -1 3594 3591 3611 -1 3604 3610 3606 -1 3612 3601 3610 -1 3603 3602 3613 -1 3594 3611 3592 -1 3614 3592 3611 -1 3592 3614 3608 -1 3615 3604 3609 -1 3612 3602 3601 -1 3583 3616 3605 -1 3616 3583 3603 -1 3611 3590 3617 -1 3611 3618 3614 -1 3610 3604 3619 -1 3613 3602 3620 -1 3616 3603 3613 -1 3588 3587 3621 -1 3605 3596 3607 -1 3617 3590 3621 -1 3590 3588 3621 -1 3612 3610 3619 -1 3587 3596 3622 -1 3623 3602 3612 -1 3624 3625 3605 -1 3596 3605 3625 -1 3622 3596 3625 -1 3604 3615 3626 -1 3619 3604 3626 -1 3587 3622 3621 -1 3623 3612 3619 -1 3613 3620 3627 -1 3624 3605 3616 -1 3628 3611 3617 -1 3622 3625 3629 -1 3630 3629 3625 -1 3618 3611 3628 -1 3623 3619 3631 -1 3624 3616 3632 -1 3630 3625 3624 -1 3613 3633 3616 -1 3622 3634 3621 -1 3617 3621 3634 -1 3617 3634 3628 -1 3623 3620 3602 -1 3630 3624 3635 -1 3634 3622 3629 -1 3626 3636 3637 -1 3638 3620 3623 -1 3635 3624 3632 -1 3613 3627 3633 -1 3619 3626 3637 -1 3639 3628 3634 -1 3637 3636 3640 -1 3637 3631 3619 -1 3627 3641 3633 -1 3632 3616 3633 -1 3639 3634 3642 -1 3634 3629 3643 -1 3644 3629 3630 -1 3643 3629 3644 -1 3638 3627 3620 -1 3645 3634 3646 -1 3646 3634 3643 -1 3642 3634 3645 -1 3640 3647 3637 -1 3637 3648 3631 -1 3649 3623 3631 -1 3638 3623 3649 -1 3650 3646 3643 -1 3650 3643 3644 -1 3627 3651 3641 -1 3649 3631 3648 -1 3638 3649 3652 -1 3644 3630 3653 -1 3630 3635 3653 -1 3650 3644 3653 -1 3627 3638 3651 -1 3647 3648 3637 -1 3654 3635 3632 -1 3655 3632 3633 -1 3646 3650 3656 -1 3652 3651 3638 -1 3647 3640 3657 -1 3655 3633 3641 -1 3653 3635 3654 -1 3632 3655 3658 -1 3658 3654 3632 -1 3642 3645 3659 -1 3650 3660 3656 -1 3651 3661 3641 -1 3656 3659 3646 -1 3653 3662 3650 -1 3663 3653 3654 -1 3662 3660 3650 -1 3664 3657 3640 -1 3655 3641 3661 -1 3649 3648 3665 -1 3645 3646 3659 -1 3662 3653 3663 -1 3663 3654 3666 -1 3665 3652 3649 -1 3654 3658 3666 -1 3659 3656 3667 -1 3657 3664 3668 -1 3647 3657 3669 -1 3659 3670 3642 -1 3671 3663 3666 -1 3663 3671 3662 -1 3669 3657 3672 -1 3660 3673 3656 -1 3674 3662 3671 -1 3674 3660 3662 -1 3655 3661 3675 -1 3658 3655 3675 -1 3647 3669 3676 -1 3647 3676 3648 -1 3666 3658 3677 -1 3666 3678 3671 -1 3651 3652 3679 -1 3661 3651 3679 -1 3680 3657 3668 -1 3675 3677 3658 -1 3677 3678 3666 -1 3659 3667 3670 -1 3665 3681 3652 -1 3674 3673 3660 -1 3671 3682 3674 -1 3657 3680 3683 -1 3676 3669 3684 -1 3665 3648 3685 -1 3667 3656 3673 -1 3678 3682 3671 -1 3675 3661 3686 -1 3676 3685 3648 -1 3687 3652 3681 -1 3652 3687 3679 -1 3661 3679 3686 -1 3672 3657 3683 -1 3665 3685 3681 -1 3684 3669 3672 -1 3685 3676 3688 -1 3677 3675 3689 -1 3686 3679 3690 -1 3667 3673 3691 -1 3670 3667 3691 -1 3686 3689 3675 -1 3692 3670 3691 -1 3684 3693 3676 -1 3674 3682 3694 -1 3690 3679 3687 -1 3678 3677 3682 -1 3691 3673 3674 -1 3695 3683 3696 -1 3672 3683 3695 -1 3687 3681 3697 -1 3689 3686 3690 -1 3682 3677 3689 -1 3691 3674 3698 -1 3684 3672 3695 -1 3685 3697 3681 -1 3688 3697 3685 -1 3680 3699 3683 -1 3694 3682 3700 -1 3697 3690 3687 -1 3699 3696 3683 -1 3689 3690 3701 -1 3694 3698 3674 -1 3695 3693 3684 -1 3702 3692 3691 -1 3688 3676 3693 -1 3688 3703 3697 -1 3699 3704 3705 -1 3701 3700 3689 -1 3682 3689 3700 -1 3688 3693 3706 -1 3690 3697 3707 -1 3693 3695 3708 -1 3709 3688 3706 -1 3710 3694 3711 -1 3698 3694 3710 -1 3711 3694 3712 -1 3713 3714 3698 -1 3691 3698 3714 -1 3702 3691 3714 -1 3715 3702 3714 -1 3703 3688 3709 -1 3697 3703 3716 -1 3707 3697 3716 -1 3717 3690 3707 -1 3700 3712 3694 -1 3696 3718 3695 -1 3700 3701 3719 -1 3719 3720 3700 -1 3705 3704 3721 -1 3699 3705 3722 -1 3699 3722 3696 -1 3701 3690 3717 -1 3718 3696 3722 -1 3713 3698 3710 -1 3693 3708 3706 -1 3709 3706 3723 -1 3715 3714 3724 -1 3725 3702 3715 -1 3714 3713 3710 -1 3714 3710 3711 -1 3722 3705 3721 -1 3717 3719 3701 -1 3708 3723 3706 -1 3724 3714 3711 -1 3726 3727 3721 -1 3695 3718 3708 -1 3711 3712 3728 -1 3720 3712 3700 -1 3723 3729 3709 -1 3715 3724 3730 -1 3730 3725 3715 -1 3703 3709 3731 -1 3707 3716 3703 -1 3727 3726 3732 -1 3720 3719 3733 -1 3725 3730 3734 -1 3735 3721 3727 -1 3724 3711 3728 -1 3722 3721 3735 -1 3735 3736 3722 -1 3718 3722 3736 -1 3723 3708 3737 -1 3728 3712 3720 -1 3737 3729 3723 -1 3709 3729 3731 -1 3730 3724 3728 -1 3703 3731 3707 -1 3738 3707 3731 -1 3727 3732 3739 -1 3737 3708 3718 -1 3717 3707 3738 -1 3719 3717 3738 -1 3738 3733 3719 -1 3740 3728 3720 -1 3735 3727 3739 -1 3729 3737 3741 -1 3728 3742 3743 -1 3730 3728 3743 -1 3718 3736 3744 -1 3737 3718 3744 -1 3745 3746 3747 -1 3746 3748 3747 -1 3740 3733 3749 -1 3720 3733 3740 -1 3732 3750 3739 -1 3739 3750 3735 -1 3749 3733 3738 -1 3750 3751 3735 -1 3736 3735 3751 -1 3744 3736 3751 -1 3728 3740 3742 -1 3752 3734 3730 -1 3745 3747 3753 -1 3754 3746 3755 -1 3748 3746 3754 -1 3732 3756 3757 -1 3741 3758 3729 -1 3749 3738 3731 -1 3741 3737 3744 -1 3729 3759 3731 -1 3759 3760 3731 -1 3742 3761 3743 -1 3750 3732 3757 -1 3758 3759 3729 -1 3762 3763 3764 -1 3745 3765 3762 -1 3750 3766 3751 -1 3745 3753 3765 -1 3748 3753 3747 -1 3746 3745 3755 -1 3767 3752 3730 -1 3730 3743 3767 -1 3760 3749 3731 -1 3764 3768 3769 -1 3764 3763 3768 -1 3757 3756 3770 -1 3763 3762 3765 -1 3766 3750 3757 -1 3748 3771 3753 -1 3767 3743 3761 -1 3769 3768 3772 -1 3760 3773 3749 -1 3765 3753 3774 -1 3741 3744 3775 -1 3775 3758 3741 -1 3776 3777 3759 -1 3778 3761 3742 -1 3760 3759 3777 -1 3742 3740 3779 -1 3740 3749 3779 -1 3769 3772 3780 -1 3757 3770 3781 -1 3745 3762 3782 -1 3758 3776 3759 -1 3768 3763 3783 -1 3784 3751 3766 -1 3744 3751 3784 -1 3785 3786 3787 -1 3775 3788 3758 -1 3748 3754 3771 -1 3778 3742 3789 -1 3764 3769 3780 -1 3761 3778 3790 -1 3773 3760 3791 -1 3779 3749 3773 -1 3781 3770 3792 -1 3793 3757 3781 -1 3794 3757 3793 -1 3766 3757 3794 -1 3776 3758 3795 -1 3796 3787 3797 -1 3762 3764 3798 -1 3782 3762 3798 -1 3774 3753 3771 -1 3799 3778 3789 -1 3742 3779 3789 -1 3767 3761 3800 -1 3772 3768 3783 -1 3801 3802 3803 -1 3804 3760 3777 -1 3791 3760 3804 -1 3773 3805 3779 -1 3806 3772 3807 -1 3783 3807 3772 -1 3780 3772 3808 -1 3809 3793 3781 -1 3787 3786 3797 -1 3785 3787 3796 -1 3775 3744 3784 -1 3783 3763 3810 -1 3755 3745 3782 -1 3790 3800 3761 -1 3752 3767 3811 -1 3801 3803 3812 -1 3813 3814 3815 -1 3813 3792 3814 -1 3792 3813 3781 -1 3816 3785 3796 -1 3794 3793 3817 -1 3818 3766 3794 -1 3754 3819 3771 -1 3779 3820 3789 -1 3813 3821 3781 -1 3809 3781 3821 -1 3793 3809 3817 -1 3788 3795 3758 -1 3777 3822 3804 -1 3803 3802 3823 -1 3765 3810 3763 -1 3815 3824 3813 -1 3813 3824 3821 -1 3825 3826 3827 -1 3799 3789 3828 -1 3828 3789 3820 -1 3767 3829 3811 -1 3830 3797 3786 -1 3797 3831 3796 -1 3831 3816 3796 -1 3832 3833 3834 -1 3832 3835 3833 -1 3817 3818 3794 -1 3784 3766 3836 -1 3836 3837 3775 -1 3807 3783 3838 -1 3784 3836 3775 -1 3839 3776 3795 -1 3777 3776 3839 -1 3840 3810 3765 -1 3799 3790 3778 -1 3805 3841 3779 -1 3800 3829 3767 -1 3823 3802 3842 -1 3843 3801 3812 -1 3830 3786 3785 -1 3831 3797 3844 -1 3816 3831 3845 -1 3788 3775 3837 -1 3827 3846 3847 -1 3827 3826 3846 -1 3773 3791 3805 -1 3848 3772 3806 -1 3808 3772 3848 -1 3839 3822 3777 -1 3765 3774 3849 -1 3771 3819 3850 -1 3830 3785 3851 -1 3785 3816 3852 -1 3819 3754 3853 -1 3854 3855 3856 -1 3824 3815 3857 -1 3853 3854 3819 -1 3858 3821 3824 -1 3859 3835 3832 -1 3841 3820 3779 -1 3835 3860 3833 -1 3821 3861 3862 -1 3862 3809 3821 -1 3809 3862 3817 -1 3863 3834 3833 -1 3836 3766 3818 -1 3827 3864 3825 -1 3865 3788 3837 -1 3826 3825 3866 -1 3867 3827 3847 -1 3783 3810 3838 -1 3844 3797 3868 -1 3831 3844 3845 -1 3869 3824 3857 -1 3869 3858 3824 -1 3861 3821 3858 -1 3870 3871 3832 -1 3812 3803 3823 -1 3819 3872 3850 -1 3810 3840 3873 -1 3798 3874 3782 -1 3755 3782 3874 -1 3870 3832 3834 -1 3819 3854 3872 -1 3853 3855 3854 -1 3875 3854 3856 -1 3856 3876 3877 -1 3860 3835 3878 -1 3863 3833 3879 -1 3869 3857 3880 -1 3765 3849 3840 -1 3795 3788 3865 -1 3881 3799 3882 -1 3883 3884 3885 -1 3822 3839 3886 -1 3887 3888 3889 -1 3771 3850 3774 -1 3890 3853 3754 -1 3800 3790 3891 -1 3785 3852 3851 -1 3856 3855 3876 -1 3797 3830 3868 -1 3856 3877 3875 -1 3827 3867 3864 -1 3892 3862 3861 -1 3893 3867 3847 -1 3817 3862 3894 -1 3829 3800 3891 -1 3817 3894 3818 -1 3806 3807 3895 -1 3829 3896 3811 -1 3895 3807 3838 -1 3897 3871 3870 -1 3832 3871 3898 -1 3804 3899 3791 -1 3859 3832 3898 -1 3805 3791 3899 -1 3878 3835 3859 -1 3863 3879 3900 -1 3901 3863 3900 -1 3902 3903 3859 -1 3843 3904 3905 -1 3836 3818 3894 -1 3894 3906 3836 -1 3907 3908 3909 -1 3910 3869 3880 -1 3911 3912 3913 -1 3914 3869 3910 -1 3850 3872 3915 -1 3838 3810 3873 -1 3858 3869 3914 -1 3916 3858 3914 -1 3917 3799 3881 -1 3790 3799 3917 -1 3858 3918 3861 -1 3919 3884 3883 -1 3754 3755 3890 -1 3920 3921 3922 -1 3755 3874 3923 -1 3890 3755 3923 -1 3885 3884 3924 -1 3884 3919 3925 -1 3926 3872 3854 -1 3925 3924 3884 -1 3891 3896 3829 -1 3875 3877 3927 -1 3877 3881 3927 -1 3928 3929 3930 -1 3876 3931 3877 -1 3932 3933 3812 -1 3823 3932 3812 -1 3932 3823 3934 -1 3935 3936 3889 -1 3870 3937 3897 -1 3802 3801 3938 -1 3939 3940 3941 -1 3889 3888 3913 -1 3942 3943 3944 -1 3945 3940 3946 -1 3871 3947 3898 -1 3948 3949 3950 -1 3951 3947 3952 -1 3948 3951 3949 -1 3864 3867 3953 -1 3902 3951 3948 -1 3894 3862 3954 -1 3846 3826 3866 -1 3955 3846 3866 -1 3956 3957 3958 -1 3959 3960 3961 -1 3962 3963 3964 -1 3965 3963 3962 -1 3879 3833 3966 -1 3966 3900 3879 -1 3945 3847 3846 -1 3945 3846 3967 -1 3968 3846 3955 -1 3967 3846 3968 -1 3969 3863 3901 -1 3838 3970 3895 -1 3806 3971 3848 -1 3972 3808 3848 -1 3942 3944 3973 -1 3974 3975 3976 -1 3977 3978 3979 -1 3944 3943 3980 -1 3949 3951 3952 -1 3978 3977 3981 -1 3982 3983 3984 -1 3985 3977 3979 -1 3986 3987 3988 -1 3977 3985 3989 -1 3990 3991 3957 -1 3992 3985 3979 -1 3993 3990 3994 -1 3873 3995 3996 -1 3840 3995 3873 -1 3997 3998 3999 -1 3947 3951 4000 -1 3992 3989 3985 -1 4001 3999 3998 -1 3940 3945 3967 -1 3995 4002 4003 -1 3992 4004 4005 -1 4005 4004 4006 -1 4007 4008 3990 -1 3994 3990 4008 -1 3904 4009 3905 -1 4010 3948 3950 -1 3895 4007 3941 -1 4011 3905 4009 -1 3948 4010 3902 -1 4011 3908 3907 -1 3816 4012 3852 -1 4013 3905 4011 -1 4014 3905 4013 -1 3816 3845 4015 -1 4013 4011 3907 -1 3862 3892 3954 -1 4016 4017 3900 -1 3909 3908 4018 -1 4019 4020 4017 -1 4021 4022 4023 -1 4023 4022 3994 -1 3906 3894 3954 -1 3907 3909 4024 -1 3909 4002 3849 -1 4025 4026 3961 -1 3849 4024 3909 -1 3849 3774 4027 -1 4007 3895 3970 -1 3837 3836 4028 -1 3865 3837 4028 -1 4008 4029 4023 -1 4029 3984 4023 -1 4030 4025 3961 -1 3873 4029 3970 -1 4031 4019 4032 -1 4033 4019 4031 -1 4034 4035 4036 -1 3961 3960 4030 -1 4037 4038 4039 -1 4040 4041 4042 -1 4043 3955 3866 -1 4044 4041 4040 -1 3968 3806 3967 -1 3774 3850 4027 -1 3850 3915 4027 -1 3968 3971 3806 -1 3895 3967 3806 -1 3897 4045 3871 -1 3871 4045 3947 -1 4046 4047 4048 -1 4045 3952 3947 -1 4049 4050 4013 -1 4000 3859 3898 -1 3833 3860 3966 -1 4051 4052 4053 -1 4054 4032 4055 -1 3881 3877 3931 -1 3966 3860 4056 -1 3853 3890 4057 -1 4058 4031 4059 -1 4060 4053 4052 -1 3882 3799 3828 -1 4038 4061 4039 -1 3820 4062 3828 -1 3910 3880 4063 -1 4064 4065 4066 -1 4067 4068 4069 -1 3805 4070 3841 -1 4071 4067 4069 -1 3896 3891 4072 -1 4073 3903 3902 -1 3918 3858 3916 -1 3822 3899 3804 -1 4074 4075 4076 -1 3903 4077 4078 -1 4075 4079 4076 -1 4080 3922 4075 -1 4075 3922 3921 -1 4079 3921 3928 -1 4081 3922 4080 -1 4082 4083 4030 -1 4081 4084 3920 -1 4073 4030 4083 -1 4085 4086 4084 -1 4087 4079 3928 -1 3928 3921 3929 -1 3928 3930 4087 -1 4083 4082 4088 -1 4082 4089 4088 -1 3929 4090 3930 -1 3981 4085 4084 -1 4085 3977 4091 -1 4085 4091 4092 -1 3989 4091 3977 -1 4091 3989 3932 -1 4073 4083 3912 -1 4091 3934 4092 -1 4091 3932 3934 -1 3823 3842 3934 -1 4005 4093 3933 -1 3933 4094 3812 -1 4094 3843 3812 -1 4094 4093 3904 -1 3904 4093 4006 -1 4006 4095 3904 -1 4094 3904 3843 -1 4083 4088 3912 -1 4096 4097 4098 -1 3842 3802 4099 -1 4099 3802 3938 -1 3801 3843 3938 -1 4077 4100 4078 -1 4101 4100 4077 -1 4100 4101 4102 -1 3912 3911 4101 -1 3940 3939 3946 -1 3945 3893 3847 -1 3946 3893 3945 -1 3911 3913 4103 -1 4104 4105 4106 -1 3961 4026 3959 -1 3883 4106 4105 -1 4104 4106 4107 -1 4108 4107 4106 -1 4106 3883 4108 -1 4108 3883 3885 -1 4109 4110 3925 -1 4111 4112 4113 -1 4114 4115 4116 -1 4117 4118 4114 -1 4089 4082 3960 -1 4089 3960 3935 -1 3935 4108 3936 -1 3936 4108 4119 -1 4089 3889 4088 -1 3935 3889 4089 -1 3924 4120 3885 -1 3885 4120 4119 -1 4119 4120 4121 -1 3925 4120 3924 -1 4122 4121 4123 -1 4121 4122 4124 -1 4125 3887 3889 -1 4126 3887 4125 -1 3888 4074 3913 -1 3887 4127 3888 -1 4080 3888 4127 -1 3887 4126 4127 -1 4126 4081 4127 -1 4126 4128 4081 -1 4115 4114 4129 -1 4122 4130 4124 -1 4130 4131 4132 -1 4129 4114 4118 -1 4129 4118 4133 -1 4134 4135 4136 -1 4095 4006 3983 -1 3973 3944 4135 -1 4006 3984 3983 -1 4095 3983 4009 -1 4095 4009 3904 -1 4132 3965 4137 -1 4138 4135 3944 -1 4137 3979 4132 -1 3992 3979 4137 -1 4138 3944 3980 -1 4004 3992 4137 -1 3980 4139 4140 -1 4009 3983 4018 -1 3983 3982 4018 -1 4137 3962 4004 -1 4005 3989 3992 -1 4134 4136 4141 -1 4142 4143 4144 -1 4003 3982 3984 -1 4003 3996 3995 -1 3949 3952 4145 -1 3950 4145 4045 -1 3996 4029 3873 -1 3949 4145 3950 -1 3901 4146 3969 -1 3950 4143 4147 -1 4146 3901 4148 -1 4149 3986 3988 -1 4010 3950 4147 -1 3982 4003 4018 -1 4150 4149 3988 -1 3958 3974 3976 -1 4020 3901 3900 -1 4149 4150 4151 -1 4136 4135 4152 -1 3995 3840 4002 -1 4135 4138 4152 -1 4000 3951 3902 -1 4152 4138 4140 -1 4153 4140 4139 -1 4009 3908 4011 -1 4154 4020 4019 -1 4009 4018 3908 -1 4017 4020 3900 -1 4151 3998 3997 -1 4155 4147 4143 -1 3991 3958 3957 -1 4025 4147 4155 -1 4156 3999 4001 -1 4010 4147 4025 -1 4156 4001 4157 -1 3964 3991 4158 -1 4159 4014 4013 -1 4155 4026 4025 -1 3962 3964 4158 -1 4154 4019 4033 -1 3993 3962 4158 -1 4139 4160 4153 -1 4161 4038 4037 -1 4162 4153 4160 -1 4153 4162 4163 -1 3849 4002 3840 -1 4158 3991 3990 -1 4010 4025 4030 -1 4164 4033 4058 -1 4058 4033 4031 -1 4027 4024 3849 -1 4061 4164 4058 -1 4158 3990 3993 -1 3907 4024 4165 -1 4016 4166 4167 -1 4048 4167 4166 -1 4166 4046 4048 -1 4014 4159 4168 -1 4169 4168 4159 -1 4166 3966 4056 -1 4050 4169 4159 -1 4167 4048 4170 -1 4017 4032 4019 -1 3957 3941 3990 -1 4016 3966 4166 -1 3900 3966 4016 -1 4171 4169 4172 -1 3859 4000 3902 -1 4055 4032 4170 -1 4047 4103 4173 -1 3967 3941 3940 -1 4078 3859 3903 -1 4047 4174 4048 -1 4153 4163 4175 -1 4078 4056 3878 -1 4077 3903 4073 -1 4176 4177 4178 -1 3912 4077 4073 -1 3990 3941 4007 -1 4179 4174 4053 -1 4051 4053 4174 -1 4060 4179 4053 -1 4173 4076 4051 -1 4030 3960 4082 -1 4172 4180 4181 -1 4182 4183 4184 -1 4032 4054 4031 -1 3895 3941 3967 -1 4021 4004 3962 -1 3892 3861 4185 -1 4054 4055 4179 -1 3986 3892 4185 -1 4179 4186 4054 -1 4056 3860 3878 -1 4078 4100 4187 -1 4031 4054 4188 -1 3912 4101 4077 -1 4050 4159 4013 -1 3986 4149 4189 -1 4059 4031 4190 -1 3986 4189 4191 -1 4187 4166 4056 -1 4031 4188 4190 -1 4191 3892 3986 -1 4165 4049 4013 -1 4102 4047 4046 -1 3892 3906 3954 -1 4192 4186 4060 -1 4193 4049 4165 -1 4004 4021 4006 -1 4180 4172 4169 -1 4050 4180 4169 -1 4194 4151 3997 -1 4052 4192 4060 -1 4101 3911 4102 -1 4102 3911 4103 -1 3999 4194 3997 -1 4006 4021 4023 -1 4195 4194 4196 -1 4068 4192 4069 -1 3875 3926 3854 -1 4069 4192 4197 -1 4198 4028 3906 -1 4144 4199 4142 -1 3906 4028 3836 -1 4008 4007 3970 -1 4200 3844 3868 -1 4039 4201 4037 -1 4008 4023 3994 -1 4200 3845 3844 -1 4143 4142 4155 -1 3852 4202 3851 -1 3852 4012 4202 -1 4203 4204 4205 -1 4058 4063 4061 -1 4142 4206 4207 -1 4208 4142 4199 -1 4142 4208 4206 -1 4209 4210 4211 -1 4204 4203 3865 -1 4201 4212 3880 -1 4209 3882 4213 -1 4015 4214 4208 -1 3880 4212 4063 -1 4015 4012 3816 -1 4215 4044 4216 -1 4217 4034 4157 -1 4157 4034 4036 -1 4063 4058 4059 -1 4218 4034 4217 -1 3845 4200 4015 -1 3828 4062 4213 -1 4216 4213 4062 -1 4190 4068 4219 -1 3984 4029 3996 -1 4035 4034 4218 -1 4214 4206 4208 -1 3828 4213 3882 -1 4220 4221 4222 -1 4183 4223 4184 -1 3914 3910 4220 -1 4224 4026 4155 -1 4044 4040 4225 -1 4222 3914 4220 -1 4223 4044 4225 -1 4155 4142 4207 -1 4207 4224 4155 -1 4105 4224 4207 -1 4190 4188 4068 -1 4041 4226 4042 -1 4068 4221 4219 -1 4057 3855 3853 -1 4044 4215 4041 -1 4064 4227 4065 -1 4228 4057 3890 -1 4067 4221 4068 -1 4228 3890 3923 -1 3873 3970 3838 -1 4104 4224 4105 -1 4105 4207 3883 -1 4066 4229 4064 -1 4230 4035 4231 -1 4026 4104 3959 -1 3855 4057 3876 -1 3876 4057 4232 -1 3916 4222 4233 -1 4222 4234 4233 -1 3968 3955 4235 -1 4107 3960 3959 -1 4070 3820 3841 -1 4234 4067 4236 -1 4071 4236 4067 -1 4104 4107 3959 -1 3955 4043 4235 -1 4234 4236 4237 -1 3917 3881 4238 -1 4232 3931 3876 -1 3790 3917 3891 -1 3919 3883 4207 -1 4238 4232 4239 -1 4238 3931 4232 -1 4237 4233 4234 -1 4207 4206 4109 -1 4240 3822 3886 -1 4109 3919 4207 -1 3917 4238 4239 -1 3919 4109 3925 -1 4111 4241 4242 -1 4243 4244 4242 -1 3899 3822 4245 -1 4076 4173 4074 -1 4074 4080 4075 -1 4246 4242 4241 -1 4247 4052 4076 -1 4246 4243 4242 -1 4079 4075 3921 -1 4248 4206 4214 -1 4249 4113 4112 -1 4250 3921 3920 -1 4084 4250 3920 -1 3897 4251 4045 -1 4242 4214 4112 -1 4250 4084 4086 -1 4248 4214 4242 -1 3929 4250 4090 -1 4045 4145 3952 -1 4112 4111 4242 -1 4247 4076 4079 -1 3947 4000 3898 -1 4248 4242 4244 -1 4052 4247 4197 -1 4247 4079 4087 -1 4248 4109 4206 -1 4117 4244 4252 -1 4243 4252 4244 -1 4116 4109 4248 -1 4109 4116 4110 -1 4197 4087 4069 -1 3950 4045 4253 -1 4248 4117 4114 -1 4116 4248 4114 -1 4253 4144 4143 -1 3950 4253 4143 -1 3973 4254 4087 -1 4243 3956 4252 -1 4110 4123 3925 -1 4110 4116 4123 -1 4248 4244 4117 -1 3956 3976 3975 -1 4090 4097 3942 -1 4090 3942 3930 -1 3976 3956 3958 -1 3973 3930 3942 -1 4246 4255 4243 -1 4117 4252 3975 -1 4243 4255 4256 -1 4243 4256 3956 -1 4257 3848 3971 -1 3956 4256 3946 -1 4118 4117 3974 -1 4255 3953 3867 -1 4255 3867 4256 -1 3981 3977 4085 -1 4108 3935 3960 -1 3946 4256 3893 -1 4256 3867 3893 -1 4257 4258 3848 -1 3946 3939 3956 -1 3956 3939 3957 -1 3941 3957 3939 -1 4092 4086 4085 -1 4086 4098 4097 -1 3848 4258 3972 -1 4125 3889 3936 -1 3936 4119 4259 -1 3885 4119 4108 -1 4120 3925 4123 -1 4123 4121 4120 -1 3932 3989 3933 -1 4094 3933 4093 -1 4005 4006 4093 -1 4119 4121 4124 -1 3889 3913 4088 -1 3913 3912 4088 -1 4097 4090 4250 -1 4080 4074 3888 -1 4125 4259 4126 -1 4259 4119 4124 -1 4098 3934 4096 -1 4096 3934 3842 -1 4259 4128 4126 -1 3943 3942 4097 -1 3943 4097 4260 -1 4261 3943 4260 -1 4081 3920 3922 -1 4096 4260 4097 -1 4096 3842 4260 -1 4081 4128 3981 -1 4260 4262 4162 -1 4081 3981 4084 -1 3981 4128 3978 -1 4116 4115 4123 -1 3905 4014 3843 -1 3938 4262 4099 -1 4129 4123 4115 -1 4262 3938 4168 -1 4254 4069 4087 -1 4122 4123 4130 -1 4130 4123 4131 -1 4123 4129 4131 -1 4129 4133 4131 -1 4118 3974 4133 -1 4133 3974 3963 -1 4131 4133 3965 -1 3963 3965 4133 -1 4131 3965 4132 -1 4124 3978 4128 -1 3979 3978 4124 -1 4023 3984 4006 -1 4097 4250 4086 -1 4035 4205 4036 -1 3936 4259 4125 -1 4035 4230 4205 -1 4087 4197 4247 -1 3996 4003 3984 -1 4225 4176 4184 -1 4225 4184 4223 -1 4251 3897 3937 -1 4042 4225 4040 -1 4003 4002 4018 -1 4263 4264 4265 -1 4215 4226 4041 -1 3866 4266 4043 -1 4230 4267 4203 -1 4231 4267 4230 -1 4165 4013 3907 -1 4045 4251 4265 -1 4240 4267 4231 -1 4231 4035 4268 -1 4018 4002 3909 -1 4263 4269 4264 -1 4268 4240 4231 -1 3795 4267 3839 -1 4081 4080 4127 -1 4144 4264 4270 -1 4086 4092 4098 -1 4253 4264 4144 -1 4098 4092 3934 -1 3964 3963 3974 -1 4259 4124 4128 -1 3991 3974 3958 -1 4165 4024 4027 -1 3964 3974 3991 -1 4253 4045 4265 -1 3872 4165 4027 -1 3872 4027 3915 -1 4271 4268 4226 -1 4268 4271 4240 -1 3842 4099 4260 -1 3962 3993 4022 -1 4215 4065 4227 -1 4226 4215 4271 -1 4215 4227 4271 -1 4199 4144 4270 -1 3962 4022 4021 -1 3843 4014 3938 -1 4022 3993 3994 -1 4271 4227 4272 -1 4099 4262 4260 -1 4240 4272 3822 -1 4245 3822 4272 -1 4008 3970 4029 -1 3902 4010 4073 -1 4254 4071 4069 -1 4130 4132 4124 -1 3874 4273 3923 -1 3971 3968 4235 -1 4236 4071 4134 -1 4078 3878 3859 -1 3971 4235 4274 -1 4134 4275 4135 -1 4254 3973 4275 -1 4275 3973 4135 -1 4073 4010 4030 -1 4261 3980 3943 -1 3956 3975 4252 -1 4056 4078 4187 -1 3980 4140 4138 -1 3980 4160 4139 -1 4134 4141 4237 -1 4152 4276 4136 -1 4141 4136 4150 -1 4166 4187 4046 -1 4046 4187 4100 -1 4102 4046 4100 -1 4210 4223 4183 -1 4223 4210 4209 -1 4165 3926 4193 -1 4209 4044 4223 -1 4124 4132 3979 -1 4209 4211 3882 -1 4102 4103 4047 -1 4050 4277 4180 -1 4209 4216 4044 -1 4152 3998 4276 -1 4049 4193 4050 -1 4050 4193 4277 -1 4103 3913 4074 -1 4216 4065 4215 -1 4074 4173 4103 -1 4216 4209 4213 -1 4278 3998 4152 -1 4277 4193 4279 -1 4151 4150 4276 -1 4151 4276 3998 -1 4278 4175 4001 -1 4278 4001 3998 -1 3926 4165 3872 -1 4260 4162 4261 -1 3926 3875 4279 -1 4171 4162 4262 -1 4199 4012 4208 -1 4066 4065 4062 -1 4012 4015 4208 -1 4181 4180 4280 -1 4066 4062 4229 -1 4064 4272 4227 -1 4163 4162 4171 -1 4180 4281 4280 -1 3965 3962 4137 -1 4229 4245 4064 -1 4180 4277 4281 -1 4229 3899 4245 -1 4262 4168 4171 -1 4210 4280 4281 -1 4015 4249 4214 -1 3938 4014 4168 -1 4183 4280 4210 -1 4229 4070 3899 -1 4070 3805 3899 -1 4277 4282 4281 -1 4163 4171 4172 -1 4168 4169 4171 -1 4211 4281 4282 -1 4210 4281 4211 -1 4026 4224 4104 -1 4279 3875 3927 -1 4108 3960 4107 -1 3917 4239 4072 -1 3933 3989 4005 -1 4277 4279 4282 -1 4175 4140 4153 -1 4072 4239 4283 -1 4072 4283 4284 -1 4175 4163 4178 -1 3881 4282 3927 -1 3917 4072 3891 -1 4177 4157 4175 -1 4282 3882 4211 -1 3882 4282 3881 -1 4001 4175 4157 -1 4175 4178 4177 -1 3931 4238 3881 -1 4176 4217 4177 -1 4072 4285 3896 -1 4286 4228 3923 -1 4163 4182 4178 -1 4163 4172 4182 -1 4232 4057 4287 -1 4057 4228 4288 -1 4172 4181 4182 -1 4178 4182 4184 -1 4112 4214 4249 -1 4176 4178 4184 -1 3901 4154 4148 -1 3901 4020 4154 -1 4182 4181 4183 -1 4183 4181 4280 -1 4170 4017 4016 -1 4149 4151 4195 -1 4195 4189 4149 -1 3974 4117 3975 -1 3906 4191 4198 -1 3892 4191 3906 -1 4195 4289 4189 -1 4239 4232 4287 -1 4290 4189 4289 -1 4191 4189 4290 -1 4151 4194 4195 -1 4291 4200 3868 -1 4200 4291 4292 -1 4156 4194 3999 -1 4194 4156 4196 -1 4196 4156 4036 -1 4195 4196 4289 -1 4154 4033 4164 -1 4287 4293 4239 -1 4012 4199 4202 -1 4293 4294 4239 -1 4196 4036 4205 -1 4239 4294 4283 -1 4164 4038 4161 -1 4015 4200 4249 -1 4028 4290 4204 -1 4290 4028 4198 -1 4203 4205 4230 -1 4164 4061 4038 -1 3865 4028 4204 -1 3795 3865 4203 -1 4267 3795 4203 -1 4170 4016 4167 -1 4157 4036 4156 -1 4218 4217 4042 -1 4200 4292 4249 -1 4017 4170 4032 -1 4174 4170 4048 -1 4174 4047 4173 -1 4051 4174 4173 -1 4055 4174 4179 -1 4188 4054 4186 -1 4179 4060 4186 -1 4188 4192 4068 -1 4192 4052 4197 -1 4201 4039 4212 -1 4212 4061 4063 -1 4212 4039 4061 -1 4219 3910 4059 -1 4220 3910 4219 -1 4220 4219 4221 -1 4067 4222 4221 -1 4067 4234 4222 -1 4237 4236 4134 -1 3914 4222 3916 -1 3916 4233 3918 -1 4237 3918 4233 -1 3987 3861 3918 -1 3861 3987 4185 -1 3987 3986 4185 -1 4051 4076 4052 -1 3921 4250 3929 -1 4042 4176 4225 -1 4087 3930 3973 -1 4176 4042 4217 -1 4218 4042 4226 -1 4218 4226 4035 -1 4154 4164 4161 -1 4275 4071 4254 -1 3839 4267 3886 -1 4267 4240 3886 -1 4264 4269 4270 -1 4071 4275 4134 -1 4253 4265 4264 -1 4035 4226 4268 -1 4273 4286 3923 -1 3980 4261 4160 -1 4055 4170 4174 -1 4237 4141 3988 -1 4295 3851 4270 -1 4271 4272 4240 -1 3988 4141 4150 -1 4276 4150 4136 -1 4202 4270 3851 -1 4065 4216 4062 -1 4152 4140 4278 -1 4270 4269 4295 -1 4186 4192 4188 -1 4278 4140 4175 -1 4193 3926 4279 -1 4160 4261 4162 -1 4229 4062 4070 -1 4272 4064 4245 -1 4062 3820 4070 -1 4279 3927 4282 -1 4063 4059 3910 -1 4057 4288 4287 -1 4059 4190 4219 -1 4290 4198 4191 -1 4205 4289 4196 -1 4290 4289 4204 -1 4204 4289 4205 -1 4177 4217 4157 -1 3918 4237 3987 -1 4270 4202 4199 -1 3988 3987 4237 -1 4072 4284 4285 -1 4296 4297 4298 -1 4297 4299 4298 -1 4300 4299 4297 -1 4301 4302 4303 -1 4301 4303 4304 -1 4305 4306 4307 -1 4299 4308 4298 -1 4308 4299 4305 -1 4300 4297 4309 -1 4297 4296 4302 -1 4303 4310 4311 -1 4304 4303 4311 -1 4309 4297 4302 -1 4309 4302 4301 -1 4312 4313 4314 -1 4313 4306 4315 -1 4316 4315 4306 -1 4306 4313 4307 -1 4308 4317 4298 -1 4308 4305 4307 -1 4302 4296 4318 -1 4310 4303 4318 -1 4318 4303 4302 -1 4315 4314 4313 -1 4313 4308 4307 -1 4319 4310 4320 -1 4308 4313 4321 -1 4308 4321 4317 -1 4317 4322 4298 -1 4323 4296 4298 -1 4296 4323 4324 -1 4324 4318 4296 -1 4311 4310 4319 -1 4298 4322 4325 -1 4298 4325 4323 -1 4326 4324 4323 -1 4327 4310 4324 -1 4324 4310 4318 -1 4314 4328 4329 -1 4313 4312 4321 -1 4326 4323 4325 -1 4330 4326 4331 -1 4327 4326 4330 -1 4324 4326 4327 -1 4332 4320 4327 -1 4310 4327 4320 -1 4321 4312 4317 -1 4328 4314 4333 -1 4329 4328 4334 -1 4316 4335 4315 -1 4312 4314 4329 -1 4325 4322 4336 -1 4325 4331 4326 -1 4312 4334 4317 -1 4317 4334 4322 -1 4325 4337 4331 -1 4332 4327 4330 -1 4329 4334 4312 -1 4314 4338 4333 -1 4335 4339 4340 -1 4338 4314 4340 -1 4335 4340 4315 -1 4315 4340 4314 -1 4337 4325 4336 -1 4341 4342 4332 -1 4332 4330 4341 -1 4331 4337 4330 -1 4333 4343 4344 -1 4333 4345 4328 -1 4328 4345 4334 -1 4340 4339 4338 -1 4336 4322 4346 -1 4346 4322 4334 -1 4347 4336 4346 -1 4344 4347 4346 -1 4334 4344 4346 -1 4348 4337 4336 -1 4330 4337 4341 -1 4339 4349 4350 -1 4351 4349 4352 -1 4352 4349 4339 -1 4339 4350 4338 -1 4333 4353 4343 -1 4333 4338 4353 -1 4345 4333 4344 -1 4345 4344 4334 -1 4348 4336 4354 -1 4348 4355 4337 -1 4355 4341 4337 -1 4341 4355 4342 -1 4356 4353 4357 -1 4357 4353 4350 -1 4353 4338 4350 -1 4347 4354 4336 -1 4343 4347 4344 -1 4347 4358 4354 -1 4355 4348 4342 -1 4351 4359 4349 -1 4353 4356 4347 -1 4347 4343 4353 -1 4360 4358 4356 -1 4347 4356 4358 -1 4358 4361 4354 -1 4348 4362 4342 -1 4361 4348 4354 -1 4362 4361 4363 -1 4348 4361 4362 -1 4349 4359 4364 -1 4364 4350 4349 -1 4357 4364 4365 -1 4350 4364 4357 -1 4359 4351 4366 -1 4367 4356 4357 -1 4356 4367 4360 -1 4361 4368 4363 -1 4369 4359 4366 -1 4360 4368 4361 -1 4358 4360 4361 -1 4359 4369 4370 -1 4365 4367 4357 -1 4371 4360 4367 -1 4368 4372 4363 -1 4363 4372 4362 -1 4370 4373 4359 -1 4362 4372 4374 -1 4365 4364 4375 -1 4367 4365 4375 -1 4342 4362 4376 -1 4377 4364 4359 -1 4364 4377 4375 -1 4373 4370 4378 -1 4368 4360 4371 -1 4377 4359 4373 -1 4376 4362 4379 -1 4367 4375 4371 -1 4371 4380 4368 -1 4368 4380 4372 -1 4378 4381 4373 -1 4362 4374 4379 -1 4371 4375 4382 -1 4376 4379 4383 -1 4384 4371 4382 -1 4374 4372 4380 -1 4385 4375 4377 -1 4382 4375 4385 -1 4380 4371 4384 -1 4379 4374 4386 -1 4377 4373 4387 -1 4388 4376 4383 -1 4373 4381 4387 -1 4383 4379 4389 -1 4380 4390 4374 -1 4387 4385 4377 -1 4388 4383 4389 -1 4391 4382 4385 -1 4382 4391 4384 -1 4380 4384 4392 -1 4390 4380 4392 -1 4389 4379 4386 -1 4392 4384 4393 -1 4374 4390 4394 -1 4386 4374 4394 -1 4389 4386 4395 -1 4385 4387 4396 -1 4387 4397 4396 -1 4390 4392 4398 -1 4394 4399 4386 -1 4386 4399 4395 -1 4400 4385 4396 -1 4391 4385 4400 -1 4384 4391 4401 -1 4393 4384 4401 -1 4398 4402 4390 -1 4390 4402 4394 -1 4398 4392 4393 -1 4395 4399 4403 -1 4404 4393 4401 -1 4398 4393 4404 -1 4402 4405 4394 -1 4396 4397 4406 -1 4400 4407 4391 -1 4401 4391 4407 -1 4408 4398 4404 -1 4402 4398 4408 -1 4399 4394 4405 -1 4403 4399 4409 -1 4410 4396 4406 -1 4406 4397 4411 -1 4396 4410 4400 -1 4409 4399 4405 -1 4400 4412 4407 -1 4405 4402 4408 -1 4405 4413 4409 -1 4414 4406 4411 -1 4406 4414 4410 -1 4401 4415 4404 -1 4416 4405 4408 -1 4405 4416 4413 -1 4400 4410 4417 -1 4412 4400 4417 -1 4415 4401 4407 -1 4415 4418 4404 -1 4404 4418 4408 -1 4414 4411 4419 -1 4410 4414 4417 -1 4420 4416 4418 -1 4416 4408 4418 -1 4412 4417 4421 -1 4414 4419 4422 -1 4407 4412 4423 -1 4423 4415 4407 -1 4418 4415 4424 -1 4418 4424 4420 -1 4416 4420 4425 -1 4413 4416 4425 -1 4426 4413 4425 -1 4412 4421 4423 -1 4425 4420 4427 -1 4422 4419 4428 -1 4423 4421 4429 -1 4430 4415 4423 -1 4427 4420 4424 -1 4417 4414 4431 -1 4424 4415 4430 -1 4421 4417 4429 -1 4432 4427 4424 -1 4429 4430 4423 -1 4424 4430 4432 -1 4427 4426 4425 -1 4433 4426 4427 -1 4434 4435 4436 -1 4437 4438 4439 -1 4439 4434 4437 -1 4439 4440 4434 -1 4441 4442 4443 -1 4444 4445 4446 -1 4447 4448 4449 -1 4449 4450 4447 -1 4450 4449 4451 -1 4452 4450 4453 -1 4454 4455 4444 -1 4455 4456 4444 -1 4445 4444 4457 -1 4458 4434 4436 -1 4439 4438 4459 -1 4435 4434 4460 -1 4439 4459 4461 -1 4462 4439 4461 -1 4456 4437 4463 -1 4456 4463 4464 -1 4444 4456 4464 -1 4458 4437 4434 -1 4449 4448 4465 -1 4466 4449 4465 -1 4465 4467 4468 -1 4469 4466 4470 -1 4466 4471 4470 -1 4470 4471 4472 -1 4465 4468 4466 -1 4471 4466 4468 -1 4466 4451 4449 -1 4473 4459 4474 -1 4459 4473 4475 -1 4453 4475 4452 -1 4450 4451 4453 -1 4459 4475 4453 -1 4459 4453 4461 -1 4461 4453 4451 -1 4476 4455 4454 -1 4456 4455 4477 -1 4442 4478 4454 -1 4444 4442 4454 -1 4474 4459 4438 -1 4478 4442 4441 -1 4479 4441 4443 -1 4480 4441 4479 -1 4446 4479 4443 -1 4442 4446 4443 -1 4446 4442 4444 -1 4448 4467 4465 -1 4481 4470 4472 -1 4466 4469 4451 -1 4481 4451 4469 -1 4481 4461 4451 -1 4470 4481 4469 -1 4477 4455 4482 -1 4454 4478 4476 -1 4441 4483 4478 -1 4479 4446 4445 -1 4474 4477 4473 -1 4456 4477 4484 -1 4477 4474 4484 -1 4474 4438 4484 -1 4444 4464 4457 -1 4461 4481 4462 -1 4472 4462 4481 -1 4457 4485 4486 -1 4458 4436 4486 -1 4484 4437 4456 -1 4457 4486 4436 -1 4438 4437 4484 -1 4434 4440 4460 -1 4463 4437 4458 -1 4458 4485 4463 -1 4464 4463 4485 -1 4458 4486 4485 -1 4440 4439 4462 -1 4472 4440 4462 -1 4477 4482 4473 -1 4478 4483 4476 -1 4485 4457 4464 -1 4487 4488 4489 -1 4490 4491 4492 -1 4488 4493 4494 -1 4495 4496 4497 -1 4490 4497 4496 -1 4487 4498 4488 -1 4490 4499 4500 -1 4501 4487 4502 -1 4501 4498 4487 -1 4501 4502 4503 -1 4487 4489 4504 -1 4505 4501 4503 -1 4506 4501 4507 -1 4496 4506 4507 -1 4496 4507 4491 -1 4507 4501 4505 -1 4507 4492 4491 -1 4491 4490 4496 -1 4508 4509 4493 -1 4493 4488 4508 -1 4498 4508 4488 -1 4510 4511 4512 -1 4513 4498 4501 -1 4500 4499 4514 -1 4501 4506 4513 -1 4487 4504 4502 -1 4512 4511 4515 -1 4508 4516 4509 -1 4508 4517 4518 -1 4510 4509 4516 -1 4517 4508 4519 -1 4498 4519 4508 -1 4511 4510 4520 -1 4509 4510 4512 -1 4521 4506 4496 -1 4518 4516 4508 -1 4517 4522 4518 -1 4523 4494 4493 -1 4524 4519 4498 -1 4525 4524 4498 -1 4513 4506 4526 -1 4521 4526 4506 -1 4495 4521 4496 -1 4495 4527 4528 -1 4495 4497 4529 -1 4497 4490 4530 -1 4493 4509 4512 -1 4517 4519 4531 -1 4532 4533 4534 -1 4525 4498 4513 -1 4513 4526 4525 -1 4535 4536 4525 -1 4525 4526 4535 -1 4521 4535 4526 -1 4520 4510 4537 -1 4495 4529 4527 -1 4490 4500 4530 -1 4516 4537 4510 -1 4514 4538 4500 -1 4539 4512 4515 -1 4522 4517 4531 -1 4493 4512 4523 -1 4524 4525 4540 -1 4536 4540 4525 -1 4541 4535 4542 -1 4542 4535 4521 -1 4542 4521 4528 -1 4528 4521 4495 -1 4528 4527 4543 -1 4497 4530 4529 -1 4537 4532 4520 -1 4544 4524 4545 -1 4524 4544 4519 -1 4536 4546 4540 -1 4541 4536 4535 -1 4534 4533 4547 -1 4527 4529 4548 -1 4530 4500 4549 -1 4550 4551 4522 -1 4551 4552 4518 -1 4518 4553 4516 -1 4544 4550 4522 -1 4544 4522 4531 -1 4531 4519 4544 -1 4544 4545 4550 -1 4545 4524 4540 -1 4554 4555 4556 -1 4556 4555 4550 -1 4556 4550 4546 -1 4546 4557 4556 -1 4556 4557 4554 -1 4555 4558 4551 -1 4550 4555 4551 -1 4529 4530 4549 -1 4518 4552 4553 -1 4518 4522 4551 -1 4559 4560 4561 -1 4560 4559 4562 -1 4560 4552 4558 -1 4551 4558 4552 -1 4532 4537 4563 -1 4537 4516 4553 -1 4561 4558 4564 -1 4558 4561 4560 -1 4565 4564 4558 -1 4563 4559 4566 -1 4537 4559 4563 -1 4562 4559 4537 -1 4567 4568 4555 -1 4552 4560 4562 -1 4552 4562 4553 -1 4553 4562 4537 -1 4546 4550 4545 -1 4546 4545 4540 -1 4555 4554 4567 -1 4541 4557 4546 -1 4541 4546 4536 -1 4541 4542 4569 -1 4568 4570 4571 -1 4572 4570 4568 -1 4539 4523 4512 -1 4567 4573 4568 -1 4549 4548 4529 -1 4571 4565 4558 -1 4555 4571 4558 -1 4568 4571 4555 -1 4532 4566 4533 -1 4563 4566 4532 -1 4542 4528 4574 -1 4528 4575 4574 -1 4543 4575 4528 -1 4527 4548 4543 -1 4573 4572 4568 -1 4534 4547 4576 -1 4564 4577 4561 -1 4561 4577 4559 -1 4566 4578 4533 -1 4567 4579 4573 -1 4577 4564 4580 -1 4581 4567 4554 -1 4564 4582 4580 -1 4576 4583 4534 -1 4557 4541 4569 -1 4569 4542 4584 -1 4542 4574 4584 -1 4585 4575 4543 -1 4559 4577 4578 -1 4559 4578 4566 -1 4533 4578 4547 -1 4571 4586 4565 -1 4587 4577 4580 -1 4582 4564 4565 -1 4578 4577 4588 -1 4585 4543 4548 -1 4589 4590 4565 -1 4591 4570 4592 -1 4565 4586 4589 -1 4571 4570 4586 -1 4572 4592 4570 -1 4576 4547 4578 -1 4572 4593 4592 -1 4579 4572 4573 -1 4579 4567 4594 -1 4581 4594 4567 -1 4554 4557 4581 -1 4595 4590 4589 -1 4591 4595 4596 -1 4596 4589 4586 -1 4591 4596 4570 -1 4586 4570 4596 -1 4591 4592 4593 -1 4588 4577 4587 -1 4593 4572 4579 -1 4597 4587 4580 -1 4576 4578 4598 -1 4597 4580 4599 -1 4590 4599 4582 -1 4582 4599 4580 -1 4557 4569 4600 -1 4569 4584 4600 -1 4590 4582 4565 -1 4574 4575 4601 -1 4593 4602 4591 -1 4589 4596 4595 -1 4595 4591 4603 -1 4599 4590 4604 -1 4574 4601 4584 -1 4598 4578 4605 -1 4588 4605 4578 -1 4603 4591 4606 -1 4591 4602 4606 -1 4595 4607 4590 -1 4581 4557 4608 -1 4600 4608 4557 -1 4599 4604 4609 -1 4610 4601 4575 -1 4607 4604 4590 -1 4611 4597 4599 -1 4603 4612 4607 -1 4612 4603 4613 -1 4603 4607 4595 -1 4579 4602 4593 -1 4581 4614 4594 -1 4607 4612 4615 -1 4616 4617 4613 -1 4607 4615 4609 -1 4607 4609 4604 -1 4616 4613 4603 -1 4603 4606 4616 -1 4602 4616 4606 -1 4579 4618 4602 -1 4601 4619 4584 -1 4588 4620 4605 -1 4588 4587 4620 -1 4581 4608 4614 -1 4621 4600 4584 -1 4575 4585 4610 -1 4612 4622 4615 -1 4587 4623 4620 -1 4597 4623 4587 -1 4597 4611 4623 -1 4624 4618 4579 -1 4579 4594 4624 -1 4594 4614 4624 -1 4605 4625 4598 -1 4622 4612 4626 -1 4612 4627 4626 -1 4605 4620 4628 -1 4613 4627 4612 -1 4611 4599 4609 -1 4629 4617 4616 -1 4602 4629 4616 -1 4600 4621 4608 -1 4584 4619 4621 -1 4619 4601 4610 -1 4605 4628 4630 -1 4617 4626 4627 -1 4613 4617 4627 -1 4617 4629 4631 -1 4611 4609 4632 -1 4620 4623 4633 -1 4608 4634 4614 -1 4621 4635 4608 -1 4630 4625 4605 -1 4620 4636 4628 -1 4631 4626 4617 -1 4619 4635 4621 -1 4637 4626 4631 -1 4638 4609 4615 -1 4618 4639 4629 -1 4629 4602 4618 -1 4623 4611 4633 -1 4633 4636 4620 -1 4632 4609 4640 -1 4618 4624 4641 -1 4624 4614 4634 -1 4622 4626 4637 -1 4609 4638 4640 -1 4624 4634 4641 -1 4634 4608 4635 -1 4635 4619 4642 -1 4638 4615 4622 -1 4631 4629 4639 -1 4636 4633 4643 -1 4644 4633 4632 -1 4633 4611 4632 -1 4645 4630 4628 -1 4645 4628 4646 -1 4618 4647 4639 -1 4619 4648 4642 -1 4622 4637 4638 -1 4647 4618 4641 -1 4634 4635 4649 -1 4643 4633 4644 -1 4649 4635 4642 -1 4634 4650 4641 -1 4650 4634 4649 -1 4651 4652 4653 -1 4654 4651 4655 -1 4656 4657 4658 -1 4652 4659 4653 -1 4660 4658 4657 -1 4653 4655 4651 -1 4658 4660 4661 -1 4662 4663 4664 -1 4659 4665 4666 -1 4667 4662 4664 -1 4653 4659 4666 -1 4656 4658 4668 -1 4663 4669 4664 -1 4663 4654 4670 -1 4654 4655 4670 -1 4669 4663 4671 -1 4661 4667 4672 -1 4653 4673 4655 -1 4653 4666 4674 -1 4675 4676 4677 -1 4670 4671 4663 -1 4670 4655 4678 -1 4664 4669 4679 -1 4673 4653 4674 -1 4667 4664 4672 -1 4675 4665 4676 -1 4677 4680 4681 -1 4669 4671 4682 -1 4668 4658 4683 -1 4658 4661 4684 -1 4672 4679 4685 -1 4664 4679 4672 -1 4655 4673 4678 -1 4683 4658 4686 -1 4661 4672 4684 -1 4666 4665 4675 -1 4687 4679 4669 -1 4673 4688 4678 -1 4673 4674 4689 -1 4674 4666 4689 -1 4658 4684 4686 -1 4672 4685 4684 -1 4679 4687 4685 -1 4678 4688 4670 -1 4680 4690 4681 -1 4691 4690 4680 -1 4687 4669 4682 -1 4670 4692 4671 -1 4693 4670 4688 -1 4666 4694 4689 -1 4675 4694 4666 -1 4675 4677 4695 -1 4685 4696 4684 -1 4677 4681 4697 -1 4684 4696 4698 -1 4698 4686 4684 -1 4688 4673 4689 -1 4699 4696 4685 -1 4689 4694 4700 -1 4701 4671 4692 -1 4670 4693 4692 -1 4671 4701 4682 -1 4685 4687 4699 -1 4702 4683 4686 -1 4675 4695 4694 -1 4697 4695 4677 -1 4690 4691 4703 -1 4696 4699 4704 -1 4702 4686 4698 -1 4687 4682 4701 -1 4681 4705 4697 -1 4688 4689 4700 -1 4700 4706 4688 -1 4707 4704 4699 -1 4705 4681 4690 -1 4698 4696 4704 -1 4691 4708 4703 -1 4695 4697 4709 -1 4701 4692 4710 -1 4688 4706 4693 -1 4697 4711 4709 -1 4699 4687 4712 -1 4705 4711 4697 -1 4705 4713 4711 -1 4705 4690 4713 -1 4695 4709 4714 -1 4713 4690 4715 -1 4690 4703 4715 -1 4712 4687 4701 -1 4706 4716 4693 -1 4700 4694 4717 -1 4695 4717 4694 -1 4699 4712 4718 -1 4715 4703 4719 -1 4703 4708 4719 -1 4701 4710 4720 -1 4716 4710 4692 -1 4692 4693 4716 -1 4717 4706 4700 -1 4711 4713 4721 -1 4713 4715 4721 -1 4708 4722 4719 -1 4712 4701 4720 -1 4707 4699 4718 -1 4704 4723 4698 -1 4706 4717 4724 -1 4706 4725 4716 -1 4717 4695 4714 -1 4707 4723 4704 -1 4725 4710 4716 -1 4714 4709 4726 -1 4727 4711 4721 -1 4719 4722 4728 -1 4712 4729 4718 -1 4698 4723 4730 -1 4724 4717 4731 -1 4706 4724 4725 -1 4714 4732 4717 -1 4711 4727 4709 -1 4718 4733 4707 -1 4733 4718 4729 -1 4702 4698 4730 -1 4717 4732 4731 -1 4710 4734 4720 -1 4732 4714 4735 -1 4726 4709 4727 -1 4715 4719 4736 -1 4719 4728 4736 -1 4729 4712 4737 -1 4733 4738 4707 -1 4737 4712 4734 -1 4712 4720 4734 -1 4735 4714 4726 -1 4721 4715 4739 -1 4739 4715 4736 -1 4725 4734 4710 -1 4723 4740 4730 -1 4736 4728 4741 -1 4724 4742 4725 -1 4743 4726 4727 -1 4721 4739 4727 -1 4731 4732 4744 -1 4732 4735 4745 -1 4745 4746 4747 -1 4746 4726 4748 -1 4748 4726 4743 -1 4707 4738 4723 -1 4734 4725 4742 -1 4739 4736 4749 -1 4736 4741 4749 -1 4749 4741 4750 -1 4724 4731 4744 -1 4745 4747 4744 -1 4744 4732 4745 -1 4733 4729 4751 -1 4737 4752 4729 -1 4745 4735 4746 -1 4740 4723 4753 -1 4726 4746 4735 -1 4753 4723 4738 -1 4743 4727 4754 -1 4724 4755 4742 -1 4724 4744 4755 -1 4756 4744 4747 -1 4752 4751 4729 -1 4739 4754 4727 -1 4734 4742 4757 -1 4757 4758 4734 -1 4737 4734 4758 -1 4755 4744 4759 -1 4747 4746 4760 -1 4756 4759 4744 -1 4746 4748 4760 -1 4748 4743 4761 -1 4742 4762 4757 -1 4755 4762 4742 -1 4762 4755 4759 -1 4760 4748 4763 -1 4754 4739 4749 -1 4738 4733 4751 -1 4758 4752 4737 -1 4759 4756 4760 -1 4756 4747 4760 -1 4759 4760 4764 -1 4760 4763 4765 -1 4763 4748 4761 -1 4749 4766 4754 -1 4749 4750 4767 -1 4764 4760 4765 -1 4740 4753 4768 -1 4754 4761 4743 -1 4751 4769 4738 -1 4751 4770 4769 -1 4771 4751 4752 -1 4764 4772 4759 -1 4758 4757 4773 -1 4766 4761 4754 -1 4751 4771 4770 -1 4772 4762 4759 -1 4758 4771 4752 -1 4771 4758 4773 -1 4768 4753 4774 -1 4766 4775 4761 -1 4766 4749 4767 -1 4753 4738 4769 -1 4773 4757 4776 -1 4757 4762 4776 -1 4765 4763 4777 -1 4778 4763 4761 -1 4753 4769 4774 -1 4776 4762 4779 -1 4779 4762 4772 -1 4764 4765 4780 -1 4778 4777 4763 -1 4781 4775 4766 -1 4766 4767 4781 -1 4773 4782 4771 -1 4780 4772 4764 -1 4777 4780 4765 -1 4773 4783 4782 -1 4774 4769 4784 -1 4776 4783 4773 -1 4770 4784 4769 -1 4770 4771 4785 -1 4779 4772 4786 -1 4771 4782 4785 -1 4780 4786 4772 -1 4775 4781 4787 -1 4784 4770 4785 -1 4776 4779 4788 -1 4778 4761 4787 -1 4775 4787 4761 -1 4783 4776 4788 -1 4788 4779 4786 -1 4777 4778 4789 -1 4787 4781 4790 -1 4781 4791 4790 -1 4792 4790 4791 -1 4774 4784 4793 -1 4780 4777 4794 -1 4777 4789 4794 -1 4778 4787 4789 -1 4789 4787 4795 -1 4795 4787 4790 -1 4792 4796 4790 -1 4797 4786 4798 -1 4786 4780 4794 -1 4799 4783 4788 -1 4800 4801 4796 -1 4786 4797 4788 -1 4790 4796 4801 -1 4796 4802 4800 -1 4794 4789 4803 -1 4793 4784 4804 -1 4784 4785 4804 -1 4785 4782 4805 -1 4788 4797 4799 -1 4794 4798 4786 -1 4795 4803 4789 -1 4795 4790 4801 -1 4793 4804 4806 -1 4807 4804 4785 -1 4799 4797 4808 -1 4803 4809 4794 -1 4795 4810 4803 -1 4807 4785 4805 -1 4810 4795 4801 -1 4783 4805 4782 -1 4811 4801 4800 -1 4812 4803 4813 -1 4813 4803 4810 -1 4810 4801 4811 -1 4805 4783 4799 -1 4809 4803 4812 -1 4814 4809 4815 -1 4809 4798 4794 -1 4815 4809 4816 -1 4817 4818 4819 -1 4805 4799 4820 -1 4798 4809 4814 -1 4821 4814 4815 -1 4817 4804 4807 -1 4818 4817 4807 -1 4812 4816 4809 -1 4811 4822 4810 -1 4823 4824 4825 -1 4826 4806 4804 -1 4818 4825 4819 -1 4819 4825 4827 -1 4797 4798 4808 -1 4827 4825 4824 -1 4808 4798 4814 -1 4826 4804 4817 -1 4828 4807 4805 -1 4818 4807 4828 -1 4816 4812 4829 -1 4813 4829 4812 -1 4825 4821 4823 -1 4820 4799 4808 -1 4825 4830 4821 -1 4821 4815 4831 -1 4816 4831 4815 -1 4818 4828 4825 -1 4810 4822 4813 -1 4830 4814 4821 -1 4816 4829 4831 -1 4820 4828 4805 -1 4823 4832 4824 -1 4828 4830 4825 -1 4830 4808 4814 -1 4832 4821 4831 -1 4821 4832 4823 -1 4820 4830 4828 -1 4830 4820 4808 -1 4829 4813 4833 -1 4831 4829 4834 -1 4834 4829 4833 -1 4832 4831 4835 -1 4834 4835 4831 -1 4836 4837 4838 -1 4837 4839 4838 -1 4838 4839 4840 -1 4836 4841 4837 -1 4839 4842 4840 -1 4842 4839 4843 -1 4838 4844 4836 -1 4840 4845 4838 -1 4840 4842 4843 -1 4846 4838 4845 -1 4838 4846 4847 -1 4844 4838 4847 -1 4843 4848 4840 -1 4840 4848 4845 -1 4849 4848 4843 -1 4846 4845 4850 -1 4845 4848 4850 -1 4846 4851 4847 -1 4851 4846 4852 -1 4846 4850 4852 -1 4850 4848 4853 -1 4852 4850 4853 -1 4854 4852 4855 -1 4851 4852 4854 -1 4853 4848 4849 -1 4852 4853 4855 -1 4853 4849 4856 -1 4854 4855 4857 -1 4858 4856 4849 -1 4856 4858 4859 -1 4855 4853 4856 -1 4858 4860 4861 -1 4861 4860 4862 -1 4863 4864 4865 -1 4865 4866 4863 -1 4863 4866 4867 -1 4866 4868 4867 -1 4854 4857 4869 -1 4859 4861 4870 -1 4871 4870 4872 -1 4859 4858 4861 -1 4870 4861 4862 -1 4864 4873 4865 -1 4872 4870 4862 -1 4862 4873 4872 -1 4874 4862 4868 -1 4865 4874 4866 -1 4855 4871 4857 -1 4857 4871 4875 -1 4863 4876 4877 -1 4877 4864 4863 -1 4875 4878 4879 -1 4863 4880 4881 -1 4882 4879 4878 -1 4882 4878 4876 -1 4877 4876 4878 -1 4855 4856 4871 -1 4859 4871 4856 -1 4863 4867 4880 -1 4871 4859 4870 -1 4875 4871 4872 -1 4875 4872 4873 -1 4877 4878 4873 -1 4865 4873 4874 -1 4864 4877 4873 -1 4862 4874 4873 -1 4874 4868 4866 -1 4875 4869 4857 -1 4883 4882 4876 -1 4869 4875 4879 -1 4869 4879 4882 -1 4875 4873 4878 -1 4881 4884 4876 -1 4876 4863 4881 -1 4885 4886 4887 -1 4888 4887 4889 -1 4886 4885 4890 -1 4888 4889 4891 -1 4888 4892 4887 -1 4887 4893 4894 -1 4885 4887 4894 -1 4894 4895 4885 -1 4890 4895 4896 -1 4890 4885 4895 -1 4897 4898 4899 -1 4900 4897 4899 -1 4891 4899 4888 -1 4901 4893 4902 -1 4892 4902 4893 -1 4887 4892 4893 -1 4903 4895 4894 -1 4888 4899 4892 -1 4903 4896 4895 -1 4901 4902 4904 -1 4905 4898 4906 -1 4907 4894 4893 -1 4898 4905 4908 -1 4898 4908 4909 -1 4904 4909 4908 -1 4892 4909 4902 -1 4909 4899 4898 -1 4910 4897 4900 -1 4908 4911 4912 -1 4905 4911 4908 -1 4897 4906 4898 -1 4892 4899 4909 -1 4913 4907 4893 -1 4909 4904 4902 -1 4910 4906 4897 -1 4908 4912 4914 -1 4904 4908 4914 -1 4894 4907 4903 -1 4915 4916 4917 -1 4918 4901 4919 -1 4913 4893 4901 -1 4916 4915 4906 -1 4920 4912 4921 -1 4912 4920 4919 -1 4922 4923 4917 -1 4916 4922 4917 -1 4917 4924 4915 -1 4905 4906 4915 -1 4919 4901 4904 -1 4921 4912 4925 -1 4918 4919 4926 -1 4919 4920 4926 -1 4927 4928 4923 -1 4925 4912 4911 -1 4914 4919 4904 -1 4905 4915 4924 -1 4924 4911 4905 -1 4912 4919 4914 -1 4923 4922 4927 -1 4923 4929 4930 -1 4917 4923 4930 -1 4924 4917 4930 -1 4925 4911 4930 -1 4911 4924 4930 -1 4923 4928 4929 -1 4929 4925 4930 -1 4925 4929 4931 -1 4926 4920 4932 -1 4927 4933 4928 -1 4929 4928 4933 -1 4925 4931 4921 -1 4934 4921 4931 -1 4921 4935 4920 -1 4920 4935 4932 -1 4936 4929 4933 -1 4936 4931 4929 -1 4935 4921 4934 -1 4936 4937 4931 -1 4934 4931 4937 -1 4938 4934 4937 -1 4933 4939 4936 -1 4937 4936 4940 -1 4937 4941 4938 -1 4936 4939 4940 -1 4941 4937 4940 -1 4942 4943 4938 -1 4938 4941 4942 -1 4939 4944 4940 -1 4941 4940 4945 -1 4942 4941 4945 -1 4940 4944 4945 -1 4942 4946 4943 -1 4944 4939 4947 -1 4948 4946 4942 -1 4945 4949 4942 -1 4949 4948 4942 -1 4949 4950 4948 -1 4951 4944 4947 -1 4945 4944 4951 -1 4951 4952 4945 -1 4946 4948 4953 -1 4949 4945 4952 -1 4952 4951 4954 -1 4952 4955 4949 -1 4950 4953 4948 -1 4949 4955 4950 -1 4952 4954 4956 -1 4950 4957 4953 -1 4956 4955 4952 -1 4950 4955 4957 -1 4956 4958 4955 -1 4959 4957 4958 -1 4957 4955 4958 -1 4956 4960 4958 -1 4958 4960 4961 -1 4962 4959 4958 -1 4962 4958 4961 -1 4963 4964 4965 -1 4966 4967 4968 -1 4968 4964 4963 -1 4969 4963 4965 -1 4970 4966 4968 -1 4971 4966 4972 -1 4973 4971 4972 -1 4974 4975 4976 -1 4965 4976 4975 -1 4969 4965 4975 -1 4969 4977 4963 -1 4963 4977 4968 -1 4970 4968 4977 -1 4972 4966 4970 -1 4973 4972 4978 -1 4969 4975 4979 -1 4980 4974 4981 -1 4977 4969 4979 -1 4975 4974 4980 -1 4978 4972 4982 -1 4970 4977 4983 -1 4982 4984 4978 -1 4980 4981 4985 -1 4986 4983 4977 -1 4972 4970 4987 -1 4988 4972 4987 -1 4972 4988 4982 -1 4986 4977 4979 -1 4985 4989 4980 -1 4970 4983 4987 -1 4990 4975 4980 -1 4979 4975 4990 -1 4983 4986 4991 -1 4986 4979 4990 -1 4987 4983 4992 -1 4993 4983 4991 -1 4991 4986 4994 -1 4992 4983 4993 -1 4995 4989 4985 -1 4984 4982 4996 -1 4997 4980 4989 -1 4996 4982 4988 -1 4990 4980 4998 -1 4989 4995 4999 -1 5000 4991 4994 -1 4994 4986 4990 -1 4989 4999 5001 -1 4997 4989 5002 -1 4994 4990 5000 -1 5002 4989 5001 -1 4988 4987 5003 -1 4996 4988 5003 -1 4993 4991 5004 -1 4993 5004 4992 -1 5004 4991 5000 -1 4998 4980 4997 -1 5005 4990 4998 -1 5001 4999 5006 -1 5002 5007 4997 -1 4998 4997 5007 -1 4987 4992 5003 -1 4984 4996 5008 -1 5000 4990 5005 -1 5001 5006 5009 -1 5003 4992 5010 -1 5011 4998 5007 -1 5006 5012 5009 -1 5004 5000 5013 -1 4992 5004 5013 -1 5014 4992 5013 -1 5015 5000 5005 -1 5010 4992 5014 -1 5002 5001 5016 -1 5007 5002 5017 -1 5009 5018 5016 -1 5001 5009 5016 -1 5005 4998 5011 -1 4996 5003 5019 -1 5008 4996 5019 -1 5017 5002 5016 -1 5013 5000 5015 -1 5016 5018 5020 -1 5013 5015 5021 -1 5019 5003 5010 -1 5007 5017 5022 -1 5014 5013 5021 -1 5008 5019 5023 -1 5007 5022 5011 -1 5017 5024 5022 -1 5021 5015 5025 -1 5015 5005 5025 -1 5024 5017 5016 -1 5026 5010 5014 -1 5014 5021 5026 -1 5016 5020 5024 -1 5020 5027 5024 -1 5027 5020 5028 -1 5029 5005 5011 -1 5005 5029 5025 -1 5022 5024 5030 -1 5026 5021 5031 -1 5019 5010 5023 -1 5032 5008 5023 -1 5011 5022 5030 -1 5027 5028 5033 -1 5023 5010 5034 -1 5010 5026 5034 -1 5029 5011 5030 -1 5027 5033 5035 -1 5025 5029 5036 -1 5031 5021 5025 -1 5036 5037 5025 -1 5029 5030 5038 -1 5039 5024 5027 -1 5039 5030 5024 -1 5027 5035 5039 -1 5038 5036 5029 -1 5025 5037 5031 -1 5026 5031 5040 -1 5040 5034 5026 -1 5032 5023 5041 -1 5040 5042 5034 -1 5040 5043 5042 -1 5030 5039 5038 -1 5023 5034 5041 -1 5041 5034 5042 -1 5041 5044 5032 -1 5041 5042 5045 -1 5042 5043 5045 -1 5037 5036 5046 -1 5040 5047 5043 -1 5038 5039 5048 -1 5036 5038 5046 -1 5040 5031 5037 -1 5045 5043 5049 -1 5044 5041 5045 -1 5044 5045 5050 -1 5038 5051 5046 -1 5049 5043 5047 -1 5045 5049 5050 -1 5038 5048 5051 -1 5048 5052 5051 -1 5040 5037 5053 -1 5054 5052 5048 -1 5047 5040 5053 -1 5047 5055 5049 -1 5050 5056 5044 -1 5057 5046 5051 -1 5051 5052 5057 -1 5046 5053 5037 -1 5046 5057 5058 -1 5059 5058 5057 -1 5057 5060 5059 -1 5057 5052 5060 -1 5059 5060 5061 -1 5062 5047 5053 -1 5062 5063 5047 -1 5047 5063 5055 -1 5049 5055 5064 -1 5050 5049 5065 -1 5050 5065 5066 -1 5065 5049 5064 -1 5056 5050 5067 -1 5046 5058 5068 -1 5069 5062 5068 -1 5060 5070 5061 -1 5069 5058 5059 -1 5068 5058 5069 -1 5062 5069 5063 -1 5061 5071 5059 -1 5072 5069 5059 -1 5071 5072 5059 -1 5066 5073 5050 -1 5068 5062 5053 -1 5053 5046 5068 -1 5063 5069 5072 -1 5072 5055 5063 -1 5055 5072 5064 -1 5065 5064 5066 -1 5061 5070 5074 -1 5075 5076 5077 -1 5076 5075 5078 -1 5076 5078 5079 -1 5077 5076 5080 -1 5077 5080 5081 -1 5076 5079 5082 -1 5080 5083 5081 -1 5076 5082 5080 -1 5079 5084 5082 -1 5080 5082 5085 -1 5083 5080 5085 -1 5085 5082 5084 -1 5084 5079 5086 -1 5087 5088 5089 -1 5083 5085 5090 -1 5085 5091 5090 -1 5089 5088 5092 -1 5093 5085 5084 -1 5094 5095 5089 -1 5088 5087 5096 -1 5092 5088 5097 -1 5085 5093 5091 -1 5095 5087 5089 -1 5093 5098 5091 -1 5098 5093 5099 -1 5100 5096 5101 -1 5091 5102 5090 -1 5096 5087 5101 -1 5099 5095 5094 -1 5099 5094 5103 -1 5089 5092 5094 -1 5104 5084 5086 -1 5084 5104 5095 -1 5095 5099 5084 -1 5084 5099 5093 -1 5105 5091 5098 -1 5098 5099 5106 -1 5103 5094 5092 -1 5101 5107 5100 -1 5108 5102 5105 -1 5102 5091 5105 -1 5107 5101 5104 -1 5104 5101 5087 -1 5104 5087 5095 -1 5106 5099 5103 -1 5098 5106 5105 -1 5109 5108 5105 -1 5109 5105 5110 -1 5103 5092 5111 -1 5112 5113 5114 -1 5092 5097 5112 -1 5097 5113 5112 -1 5106 5110 5105 -1 5111 5092 5112 -1 5115 5108 5109 -1 5103 5110 5106 -1 5110 5103 5111 -1 5112 5114 5116 -1 5115 5109 5117 -1 5112 5118 5111 -1 5117 5109 5119 -1 5119 5109 5120 -1 5110 5111 5121 -1 5109 5110 5120 -1 5118 5112 5116 -1 5119 5122 5123 -1 5121 5120 5110 -1 5118 5121 5111 -1 5116 5114 5124 -1 5117 5119 5123 -1 5125 5123 5126 -1 5127 5128 5129 -1 5128 5118 5129 -1 5119 5120 5122 -1 5121 5122 5120 -1 5122 5121 5128 -1 5121 5118 5128 -1 5118 5116 5130 -1 5131 5116 5124 -1 5116 5131 5130 -1 5123 5122 5126 -1 5126 5128 5127 -1 5122 5128 5126 -1 5125 5126 5132 -1 5126 5127 5133 -1 5132 5126 5133 -1 5127 5134 5133 -1 5132 5133 5135 -1 5134 5135 5133 -1 5135 5134 5136 -1 5137 5138 5139 -1 5137 5140 5138 -1 5141 5137 5139 -1 5142 5140 5137 -1 5137 5143 5142 -1 5137 5141 5143 -1 5144 5140 5145 -1 5140 5142 5145 -1 5143 5141 5146 -1 5145 5142 5147 -1 5142 5143 5147 -1 5143 5146 5147 -1 5145 5148 5144 -1 5145 5149 5148 -1 5149 5145 5147 -1 5149 5147 5146 -1 5150 5144 5151 -1 5149 5152 5148 -1 5153 5149 5146 -1 5151 5144 5154 -1 5148 5154 5144 -1 5155 5153 5146 -1 5153 5155 5156 -1 5148 5152 5154 -1 5156 5157 5153 -1 5151 5154 5158 -1 5149 5153 5159 -1 5153 5157 5160 -1 5161 5160 5157 -1 5152 5149 5159 -1 5150 5151 5162 -1 5163 5154 5152 -1 5152 5159 5163 -1 5164 5150 5162 -1 5160 5161 5165 -1 5154 5163 5158 -1 5153 5160 5159 -1 5151 5158 5162 -1 5158 5163 5166 -1 5167 5160 5165 -1 5168 5167 5165 -1 5164 5169 5170 -1 5164 5162 5169 -1 5166 5163 5171 -1 5171 5163 5172 -1 5163 5159 5172 -1 5160 5172 5159 -1 5160 5167 5173 -1 5162 5158 5166 -1 5172 5160 5173 -1 5174 5167 5168 -1 5168 5175 5174 -1 5174 5176 5167 -1 5172 5173 5177 -1 5173 5167 5176 -1 5175 5168 5178 -1 5179 5170 5169 -1 5175 5180 5174 -1 5181 5162 5166 -1 5171 5172 5177 -1 5177 5173 5176 -1 5169 5162 5181 -1 5166 5171 5182 -1 5177 5176 5183 -1 5174 5184 5176 -1 5174 5180 5184 -1 5171 5177 5185 -1 5176 5184 5183 -1 5169 5186 5179 -1 5186 5169 5187 -1 5181 5187 5169 -1 5185 5177 5183 -1 5181 5166 5188 -1 5171 5185 5182 -1 5183 5189 5185 -1 5188 5166 5182 -1 5189 5190 5191 -1 5192 5189 5184 -1 5184 5189 5183 -1 5193 5192 5184 -1 5193 5184 5180 -1 5189 5191 5185 -1 5185 5191 5194 -1 5186 5195 5179 -1 5187 5181 5196 -1 5185 5194 5182 -1 5197 5192 5193 -1 5188 5182 5198 -1 5199 5182 5194 -1 5186 5187 5196 -1 5196 5181 5188 -1 5182 5199 5198 -1 5196 5200 5186 -1 5188 5198 5196 -1 5196 5198 5201 -1 5199 5201 5198 -1 5200 5196 5201 -1 5202 5203 5204 -1 5205 5202 5204 -1 5204 5203 5206 -1 5206 5203 5207 -1 5208 5205 5204 -1 5208 5204 5209 -1 5204 5206 5209 -1 5207 5210 5206 -1 5206 5211 5209 -1 5212 5208 5209 -1 5206 5210 5211 -1 5213 5212 5209 -1 5214 5209 5211 -1 5209 5214 5213 -1 5213 5215 5212 -1 5214 5211 5216 -1 5213 5214 5217 -1 5211 5210 5218 -1 5217 5214 5219 -1 5219 5214 5216 -1 5218 5216 5211 -1 5218 5210 5220 -1 5213 5217 5215 -1 5218 5220 5221 -1 5216 5222 5219 -1 5222 5216 5218 -1 5221 5220 5223 -1 5224 5217 5225 -1 5217 5219 5225 -1 5219 5222 5225 -1 5218 5221 5222 -1 5221 5226 5222 -1 5227 5224 5225 -1 5228 5225 5222 -1 5222 5226 5228 -1 5226 5221 5223 -1 5227 5225 5229 -1 5225 5228 5229 -1 5226 5223 5230 -1 5227 5229 5231 -1 5228 5226 5230 -1 5229 5232 5231 -1 5229 5228 5230 -1 5227 5231 5233 -1 5230 5232 5229 -1 5232 5230 5234 -1 5234 5230 5235 -1 5231 5232 5236 -1 5236 5232 5237 -1 5232 5234 5237 -1 5234 5235 5237 -1 5231 5236 5238 -1 5238 5233 5231 -1 5236 5237 5239 -1 5238 5236 5239 -1 5238 5239 5240 -1 5240 5239 5241 -1 5242 5240 5241 -1 5242 5241 5243 -1 5244 5245 5246 -1 5245 5247 5248 -1 5249 5250 5246 -1 5245 5251 5246 -1 5244 5246 5250 -1 5246 5251 5249 -1 5250 5249 5252 -1 5248 5251 5245 -1 5253 5249 5251 -1 5248 5254 5251 -1 5248 5247 5255 -1 5256 5251 5254 -1 5254 5248 5255 -1 5255 5257 5254 -1 5251 5256 5258 -1 5251 5258 5253 -1 5257 5256 5254 -1 5259 5260 5261 -1 5262 5263 5264 -1 5265 5266 5262 -1 5263 5262 5266 -1 5259 5261 5267 -1 5268 5267 5261 -1 5269 5270 5271 -1 5260 5269 5271 -1 5259 5269 5260 -1 5267 5268 5265 -1 5267 5265 5272 -1 5262 5273 5265 -1 5267 5274 5259 -1 5272 5274 5267 -1 5272 5265 5273 -1 5271 5270 5275 -1 5276 5262 5264 -1 5272 5273 5277 -1 5262 5278 5273 -1 5278 5262 5276 -1 5274 5269 5259 -1 5269 5279 5270 -1 5277 5273 5278 -1 5275 5270 5280 -1 5278 5281 5282 -1 5276 5281 5278 -1 5269 5274 5279 -1 5270 5279 5280 -1 5274 5272 5277 -1 5283 5277 5278 -1 5278 5282 5283 -1 5274 5284 5279 -1 5277 5285 5274 -1 5280 5279 5284 -1 5286 5283 5282 -1 5284 5274 5285 -1 5283 5285 5277 -1 5287 5283 5286 -1 5280 5284 5288 -1 5289 5285 5290 -1 5285 5289 5284 -1 5287 5291 5283 -1 5288 5284 5289 -1 5283 5290 5285 -1 5292 5289 5290 -1 5291 5290 5283 -1 5293 5289 5292 -1 5288 5289 5293 -1 5294 5288 5293 -1 5291 5287 5295 -1 5293 5296 5294 -1 5293 5292 5297 -1 5292 5290 5298 -1 5291 5298 5290 -1 5299 5292 5298 -1 5295 5287 5300 -1 5300 5287 5301 -1 5296 5293 5297 -1 5297 5292 5299 -1 5300 5301 5302 -1 5291 5295 5303 -1 5296 5297 5304 -1 5298 5291 5303 -1 5305 5296 5304 -1 5295 5300 5306 -1 5303 5307 5298 -1 5295 5306 5308 -1 5307 5299 5298 -1 5303 5295 5308 -1 5299 5304 5297 -1 5304 5299 5309 -1 5305 5304 5310 -1 5299 5307 5309 -1 5311 5300 5302 -1 5311 5306 5300 -1 5307 5303 5312 -1 5310 5304 5313 -1 5314 5311 5315 -1 5311 5302 5315 -1 5306 5311 5308 -1 5304 5309 5313 -1 5309 5307 5312 -1 5312 5303 5308 -1 5308 5311 5314 -1 5309 5316 5317 -1 5310 5313 5318 -1 5312 5319 5309 -1 5310 5318 5320 -1 5313 5309 5317 -1 5318 5313 5317 -1 5314 5315 5321 -1 5308 5314 5322 -1 5316 5309 5319 -1 5321 5322 5314 -1 5312 5308 5323 -1 5323 5308 5324 -1 5308 5322 5324 -1 5318 5317 5325 -1 5320 5318 5326 -1 5317 5327 5325 -1 5326 5318 5325 -1 5323 5319 5312 -1 5324 5322 5328 -1 5317 5316 5327 -1 5325 5327 5329 -1 5321 5330 5322 -1 5316 5319 5331 -1 5327 5316 5329 -1 5331 5319 5323 -1 5323 5324 5332 -1 5316 5331 5333 -1 5325 5329 5334 -1 5316 5333 5329 -1 5334 5329 5333 -1 5332 5324 5328 -1 5331 5323 5335 -1 5323 5332 5335 -1 5334 5333 5336 -1 5332 5328 5337 -1 5338 5336 5333 -1 5333 5331 5339 -1 5339 5331 5335 -1 5337 5328 5340 -1 5338 5333 5339 -1 5332 5337 5341 -1 5332 5341 5335 -1 5339 5335 5342 -1 5338 5339 5343 -1 5343 5339 5344 -1 5339 5342 5344 -1 5345 5346 5347 -1 5347 5346 5348 -1 5349 5345 5350 -1 5345 5347 5350 -1 5350 5347 5348 -1 5351 5352 5353 -1 5350 5348 5354 -1 5355 5351 5353 -1 5356 5357 5350 -1 5357 5356 5352 -1 5350 5354 5356 -1 5358 5359 5360 -1 5352 5356 5361 -1 5356 5354 5361 -1 5362 5355 5353 -1 5363 5364 5365 -1 5353 5352 5361 -1 5361 5354 5364 -1 5363 5365 5366 -1 5355 5367 5358 -1 5367 5362 5353 -1 5368 5353 5361 -1 5361 5364 5369 -1 5367 5355 5362 -1 5368 5361 5369 -1 5358 5370 5359 -1 5367 5353 5368 -1 5371 5368 5369 -1 5369 5364 5363 -1 5371 5369 5372 -1 5369 5363 5372 -1 5373 5358 5367 -1 5367 5368 5373 -1 5373 5370 5358 -1 5371 5373 5368 -1 5371 5374 5373 -1 5372 5374 5371 -1 5373 5374 5370 -1 5375 5376 5377 -1 5376 5378 5379 -1 5378 5376 5380 -1 5380 5381 5378 -1 5377 5376 5379 -1 5382 5375 5377 -1 5377 5379 5383 -1 5384 5379 5378 -1 5378 5381 5385 -1 5386 5377 5383 -1 5383 5379 5387 -1 5382 5377 5386 -1 5378 5388 5384 -1 5388 5378 5385 -1 5387 5379 5389 -1 5387 5389 5390 -1 5379 5384 5389 -1 5391 5386 5383 -1 5389 5384 5392 -1 5393 5388 5385 -1 5390 5389 5394 -1 5382 5386 5395 -1 5396 5387 5390 -1 5383 5387 5396 -1 5395 5397 5382 -1 5392 5384 5388 -1 5383 5396 5391 -1 5394 5389 5392 -1 5398 5395 5399 -1 5392 5388 5400 -1 5396 5394 5401 -1 5394 5396 5390 -1 5391 5402 5386 -1 5391 5403 5402 -1 5395 5386 5402 -1 5388 5393 5400 -1 5391 5404 5403 -1 5393 5405 5406 -1 5407 5395 5402 -1 5400 5393 5406 -1 5408 5406 5405 -1 5399 5395 5407 -1 5404 5391 5396 -1 5403 5409 5402 -1 5409 5407 5402 -1 5392 5400 5410 -1 5411 5399 5407 -1 5394 5392 5412 -1 5410 5400 5413 -1 5409 5403 5404 -1 5401 5404 5396 -1 5409 5404 5414 -1 5404 5401 5415 -1 5401 5394 5412 -1 5412 5392 5410 -1 5400 5406 5413 -1 5415 5416 5417 -1 5415 5414 5404 -1 5415 5401 5418 -1 5418 5401 5419 -1 5401 5412 5419 -1 5417 5414 5415 -1 5416 5415 5420 -1 5421 5414 5417 -1 5409 5414 5421 -1 5406 5408 5422 -1 5409 5421 5423 -1 5407 5409 5423 -1 5420 5415 5418 -1 5407 5423 5411 -1 5419 5412 5424 -1 5412 5410 5425 -1 5418 5419 5426 -1 5426 5419 5424 -1 5413 5406 5422 -1 5420 5418 5426 -1 5424 5412 5425 -1 5427 5428 5429 -1 5429 5430 5427 -1 5431 5430 5432 -1 5433 5434 5435 -1 5434 5431 5432 -1 5436 5437 5428 -1 5432 5430 5438 -1 5439 5433 5435 -1 5435 5440 5439 -1 5429 5428 5437 -1 5441 5437 5436 -1 5438 5430 5429 -1 5442 5440 5435 -1 5434 5432 5435 -1 5438 5429 5443 -1 5444 5442 5435 -1 5445 5441 5446 -1 5447 5440 5442 -1 5432 5444 5435 -1 5444 5432 5438 -1 5429 5437 5445 -1 5437 5441 5445 -1 5443 5429 5445 -1 5447 5442 5448 -1 5438 5443 5449 -1 5438 5449 5444 -1 5444 5449 5450 -1 5451 5443 5445 -1 5449 5451 5452 -1 5449 5443 5451 -1 5446 5451 5445 -1 5450 5449 5452 -1 5451 5446 5453 -1 5452 5451 5453 -1 5446 5454 5453 -1 5455 5452 5453 -1 5453 5454 5456 -1 5456 5455 5453 -1 5457 5458 5459 -1 5458 5460 5459 -1 5457 5459 5461 -1 5459 5460 5462 -1 5457 5463 5464 -1 5461 5465 5457 -1 5461 5459 5465 -1 5459 5462 5465 -1 5463 5457 5466 -1 5467 5466 5457 -1 5467 5457 5465 -1 5468 5463 5469 -1 5468 5469 5470 -1 5466 5469 5463 -1 5470 5469 5471 -1 5469 5466 5472 -1 5470 5471 5473 -1 5471 5469 5472 -1 5474 5473 5475 -1 5476 5466 5467 -1 5473 5471 5477 -1 5476 5472 5466 -1 5475 5478 5474 -1 5479 5474 5478 -1 5480 5475 5473 -1 5472 5477 5471 -1 5481 5476 5467 -1 5473 5477 5480 -1 5477 5472 5481 -1 5476 5481 5472 -1 5481 5480 5477 -1 5478 5475 5482 -1 5475 5480 5482 -1 5480 5481 5483 -1 5484 5485 5479 -1 5486 5485 5484 -1 5482 5480 5483 -1 5487 5482 5483 -1 5479 5478 5484 -1 5482 5484 5478 -1 5487 5488 5482 -1 5488 5484 5482 -1 5487 5489 5488 -1 5490 5491 5492 -1 5492 5491 5493 -1 5491 5494 5493 -1 5495 5493 5494 -1 5494 5496 5495 -1 5493 5495 5497 -1 5498 5492 5493 -1 5499 5498 5493 -1 5496 5500 5501 -1 5500 5502 5501 -1 5503 5495 5496 -1 5497 5499 5493 -1 5497 5504 5499 -1 5495 5503 5497 -1 5497 5505 5504 -1 5503 5496 5501 -1 5497 5503 5505 -1 5503 5501 5506 -1 5507 5505 5503 -1 5501 5502 5508 -1 5506 5507 5503 -1 5498 5499 5509 -1 5499 5504 5510 -1 5510 5504 5511 -1 5499 5510 5512 -1 5513 5505 5507 -1 5504 5505 5511 -1 5501 5508 5506 -1 5514 5506 5508 -1 5506 5514 5515 -1 5515 5514 5516 -1 5505 5513 5511 -1 5509 5499 5512 -1 5517 5516 5514 -1 5517 5518 5519 -1 5506 5515 5507 -1 5516 5520 5515 -1 5516 5517 5519 -1 5521 5513 5522 -1 5513 5521 5511 -1 5512 5523 5509 -1 5507 5515 5520 -1 5524 5513 5507 -1 5516 5525 5520 -1 5525 5516 5519 -1 5519 5518 5526 -1 5527 5518 5517 -1 5528 5526 5518 -1 5528 5518 5527 -1 5512 5510 5529 -1 5530 5524 5507 -1 5507 5520 5530 -1 5525 5530 5520 -1 5524 5530 5531 -1 5522 5524 5531 -1 5529 5510 5532 -1 5510 5511 5532 -1 5525 5531 5530 -1 5513 5524 5522 -1 5532 5511 5521 -1 5533 5522 5534 -1 5532 5521 5535 -1 5522 5536 5534 -1 5537 5535 5521 -1 5521 5522 5533 -1 5533 5537 5521 -1 5525 5519 5526 -1 5525 5526 5531 -1 5531 5526 5536 -1 5528 5527 5538 -1 5534 5539 5533 -1 5512 5540 5523 -1 5512 5529 5540 -1 5532 5541 5529 -1 5541 5532 5542 -1 5542 5532 5535 -1 5535 5543 5542 -1 5536 5522 5531 -1 5537 5533 5539 -1 5529 5541 5544 -1 5542 5543 5545 -1 5546 5547 5548 -1 5549 5540 5548 -1 5548 5540 5529 -1 5546 5548 5544 -1 5541 5550 5544 -1 5544 5548 5529 -1 5541 5542 5545 -1 5548 5547 5549 -1 5541 5551 5550 -1 5544 5550 5546 -1 5551 5552 5553 -1 5552 5551 5545 -1 5545 5551 5541 -1 5554 5555 5556 -1 5557 5556 5555 -1 5555 5554 5558 -1 5554 5559 5558 -1 5560 5558 5559 -1 5561 5562 5563 -1 5564 5563 5562 -1 5563 5565 5561 -1 5566 5561 5565 -1 5567 5565 5563 -1 5563 5564 5567 -1 5567 5568 5565 -1 5569 5570 5571 -1 5572 5570 5573 -1 5571 5570 5572 -1 5572 5573 5574 -1 5575 5576 5577 -1 5577 5578 5575 -1 5575 5578 5579 -1 5580 5575 5579 -1 5581 5575 5580 -1 5579 5578 5582 -1 5579 5583 5580 -1 5584 5583 5579 -1 5585 5579 5582 -1 5584 5586 5583 -1 5587 5586 5584 -1 5585 5582 5588 -1 5589 5590 5591 -1 5591 5590 5592 -1 5591 5593 5589 -1 5592 5594 5591 -1 5595 5591 5596 -1 5593 5591 5595 -1 5591 5597 5596 -1 5595 5596 5598 -1 5598 5599 5595 -1 5598 5596 5600 -1 5601 5602 5603 -1 5602 5601 5604 -1 5603 5602 5605 -1 5602 5604 5606 -1 5605 5602 5606 -1 5601 5607 5604 -1 5604 5607 5606 -1 5607 5601 5608 -1 5606 5607 5609 -1 5609 5607 5610 -1 5611 5609 5610 -1 5612 5613 5614 -1 5612 5614 5615 -1 5616 5617 5613 -1 5617 5616 5618 -1 5614 5613 5617 -1 5619 5620 5621 -1 5615 5614 5622 -1 5620 5619 5614 -1 5620 5614 5617 -1 5617 5623 5620 -1 5621 5620 5623 -1 5617 5618 5624 -1 5625 5621 5623 -1 5617 5624 5626 -1 5619 5627 5614 -1 5625 5623 5628 -1 5629 5625 5628 -1 5617 5628 5623 -1 5617 5626 5628 -1 5630 5631 5632 -1 5632 5631 5633 -1 5630 5632 5634 -1 5635 5630 5634 -1 5636 5637 5638 -1 5637 5639 5640 -1 5641 5640 5639 -1 5637 5640 5638 -1 5642 5636 5638 -1 5642 5643 5636 -1 5638 5640 5644 -1" coordIndex="0 1 2 -1 1 3 2 -1 4 5 6 -1 7 8 6 -1 2 9 0 -1 10 7 6 -1 8 11 6 -1 12 13 14 -1 15 16 17 -1 18 13 19 -1 20 7 10 -1 13 18 21 -1 22 23 24 -1 25 8 7 -1 21 18 26 -1 1 20 10 -1 27 28 29 -1 20 25 7 -1 27 30 31 -1 32 22 29 -1 2 33 9 -1 31 34 35 -1 14 21 36 -1 36 21 37 -1 1 0 38 -1 39 32 40 -1 15 36 37 -1 41 8 42 -1 36 43 44 -1 36 45 43 -1 15 45 36 -1 34 44 43 -1 45 4 43 -1 4 11 43 -1 35 34 46 -1 46 34 43 -1 43 11 46 -1 4 45 5 -1 6 11 4 -1 35 46 47 -1 41 48 49 -1 17 50 5 -1 6 5 51 -1 51 10 6 -1 1 51 3 -1 52 53 54 -1 12 19 13 -1 55 56 57 -1 58 52 19 -1 12 59 19 -1 14 30 12 -1 18 19 52 -1 40 29 28 -1 12 60 59 -1 10 51 1 -1 61 60 12 -1 16 56 17 -1 61 12 24 -1 13 21 14 -1 18 52 62 -1 17 56 63 -1 33 2 3 -1 18 62 26 -1 17 63 64 -1 64 50 17 -1 59 60 65 -1 40 28 66 -1 9 67 0 -1 68 0 67 -1 36 44 14 -1 69 64 63 -1 69 70 64 -1 38 0 68 -1 23 61 24 -1 30 27 24 -1 42 71 41 -1 35 47 28 -1 72 73 54 -1 8 25 42 -1 24 27 22 -1 70 69 74 -1 29 22 27 -1 26 62 73 -1 28 27 35 -1 30 14 44 -1 16 37 26 -1 26 37 21 -1 30 44 31 -1 75 76 77 -1 26 73 78 -1 78 16 26 -1 76 79 77 -1 80 70 74 -1 44 34 31 -1 77 79 81 -1 31 35 27 -1 78 56 16 -1 82 76 75 -1 76 82 83 -1 66 28 47 -1 37 16 15 -1 45 15 17 -1 46 84 47 -1 32 85 22 -1 86 85 32 -1 84 66 47 -1 86 32 39 -1 48 46 11 -1 48 11 49 -1 87 46 48 -1 84 46 87 -1 11 8 49 -1 49 8 41 -1 41 71 48 -1 84 87 88 -1 17 5 45 -1 50 3 51 -1 89 90 91 -1 92 72 54 -1 93 94 95 -1 62 54 73 -1 24 12 30 -1 50 64 96 -1 91 97 89 -1 96 64 33 -1 64 70 33 -1 73 72 98 -1 39 40 99 -1 95 100 101 -1 102 103 104 -1 57 73 98 -1 89 101 100 -1 101 89 58 -1 69 105 106 -1 107 94 93 -1 57 78 73 -1 59 101 58 -1 22 83 23 -1 108 75 109 -1 74 69 106 -1 83 22 85 -1 110 101 59 -1 111 112 113 -1 75 77 113 -1 59 58 19 -1 114 103 115 -1 83 85 76 -1 85 116 76 -1 65 93 110 -1 107 93 65 -1 76 116 79 -1 86 79 116 -1 99 40 66 -1 116 85 86 -1 65 60 114 -1 117 114 60 -1 57 56 78 -1 97 52 58 -1 106 80 74 -1 23 60 61 -1 118 55 119 -1 118 119 105 -1 105 69 118 -1 56 55 118 -1 32 29 40 -1 120 70 80 -1 114 82 121 -1 53 122 92 -1 33 70 120 -1 82 114 117 -1 33 120 9 -1 75 121 82 -1 63 118 69 -1 54 62 52 -1 56 118 63 -1 88 66 84 -1 117 60 23 -1 117 23 83 -1 117 83 82 -1 65 110 59 -1 87 48 71 -1 3 96 33 -1 50 96 3 -1 5 50 51 -1 123 106 105 -1 89 97 58 -1 124 123 105 -1 103 102 115 -1 81 113 77 -1 81 125 113 -1 98 72 55 -1 98 55 57 -1 126 127 102 -1 20 1 38 -1 94 128 95 -1 86 81 79 -1 104 126 102 -1 95 128 129 -1 100 95 129 -1 99 66 88 -1 126 104 108 -1 104 103 121 -1 86 39 130 -1 128 94 131 -1 55 132 119 -1 133 132 55 -1 104 75 108 -1 94 107 134 -1 135 124 119 -1 136 137 138 -1 75 104 121 -1 124 135 139 -1 55 72 138 -1 119 124 105 -1 110 93 95 -1 53 140 122 -1 141 142 143 -1 144 141 145 -1 145 141 143 -1 146 102 127 -1 53 52 97 -1 147 90 89 -1 127 126 142 -1 145 143 148 -1 89 100 147 -1 92 54 53 -1 146 149 102 -1 143 108 109 -1 112 148 109 -1 149 134 102 -1 148 112 150 -1 75 113 109 -1 112 109 113 -1 115 134 107 -1 114 115 107 -1 121 103 114 -1 114 107 65 -1 151 152 153 -1 130 39 154 -1 99 154 39 -1 133 155 156 -1 144 157 141 -1 140 158 153 -1 159 160 161 -1 140 162 158 -1 87 71 163 -1 164 87 163 -1 165 166 167 -1 168 159 161 -1 53 162 140 -1 55 138 133 -1 148 150 145 -1 25 20 169 -1 150 170 145 -1 119 132 135 -1 170 150 112 -1 171 172 173 -1 67 120 174 -1 9 120 67 -1 140 175 122 -1 122 175 136 -1 136 175 137 -1 144 145 170 -1 38 169 20 -1 162 172 158 -1 90 172 162 -1 138 137 155 -1 170 112 111 -1 129 128 165 -1 155 133 138 -1 138 72 136 -1 91 162 53 -1 97 91 53 -1 168 176 177 -1 92 122 136 -1 72 92 136 -1 100 129 147 -1 128 131 178 -1 176 127 142 -1 176 168 146 -1 101 110 95 -1 167 90 129 -1 173 90 167 -1 90 147 129 -1 90 173 172 -1 90 162 91 -1 146 168 179 -1 127 176 146 -1 143 142 126 -1 143 126 108 -1 149 180 134 -1 146 180 149 -1 134 115 102 -1 181 81 130 -1 182 183 184 -1 183 185 184 -1 143 109 148 -1 186 187 188 -1 189 190 191 -1 181 130 154 -1 180 178 131 -1 192 156 193 -1 134 180 131 -1 194 188 187 -1 134 131 94 -1 195 190 196 -1 187 197 194 -1 156 192 133 -1 192 132 133 -1 71 198 163 -1 199 87 164 -1 88 87 199 -1 152 151 200 -1 201 202 160 -1 203 167 166 -1 176 142 187 -1 160 202 204 -1 192 193 205 -1 204 202 206 -1 135 192 205 -1 132 192 135 -1 207 111 125 -1 153 208 151 -1 165 196 166 -1 111 113 125 -1 197 187 142 -1 170 111 207 -1 174 209 67 -1 210 67 209 -1 171 203 211 -1 81 86 130 -1 167 203 171 -1 125 81 212 -1 152 213 153 -1 38 68 214 -1 214 169 38 -1 204 161 160 -1 215 141 157 -1 216 139 135 -1 71 42 198 -1 167 129 165 -1 172 217 218 -1 161 204 219 -1 171 217 172 -1 168 161 179 -1 146 179 180 -1 179 161 219 -1 190 195 220 -1 172 218 158 -1 153 175 140 -1 221 220 195 -1 153 213 175 -1 219 204 221 -1 195 178 221 -1 175 213 137 -1 165 222 196 -1 222 165 128 -1 178 195 222 -1 128 178 222 -1 219 178 180 -1 219 221 178 -1 219 180 179 -1 200 223 224 -1 200 213 152 -1 213 200 224 -1 224 155 137 -1 224 137 213 -1 169 225 25 -1 144 170 226 -1 183 182 227 -1 220 228 190 -1 191 190 228 -1 229 183 230 -1 183 229 185 -1 231 232 233 -1 232 231 201 -1 223 234 224 -1 230 235 233 -1 42 25 225 -1 190 236 196 -1 196 236 166 -1 233 232 230 -1 234 155 224 -1 155 234 156 -1 159 168 177 -1 185 159 177 -1 237 238 202 -1 212 81 239 -1 184 185 240 -1 229 230 241 -1 187 186 242 -1 202 238 206 -1 232 241 230 -1 206 238 221 -1 81 181 239 -1 160 243 201 -1 243 160 241 -1 160 159 241 -1 242 176 187 -1 204 206 221 -1 244 151 208 -1 215 197 142 -1 154 99 245 -1 245 88 246 -1 99 88 245 -1 199 246 88 -1 247 238 237 -1 248 197 215 -1 158 208 153 -1 196 222 195 -1 191 249 189 -1 250 248 215 -1 142 141 215 -1 205 216 135 -1 250 215 157 -1 203 251 252 -1 203 252 211 -1 250 253 248 -1 203 166 254 -1 250 157 144 -1 171 173 167 -1 255 218 256 -1 200 257 223 -1 258 230 227 -1 207 226 170 -1 236 190 189 -1 189 254 236 -1 218 255 244 -1 255 259 244 -1 233 260 231 -1 236 254 166 -1 244 158 218 -1 211 217 171 -1 261 201 231 -1 228 221 238 -1 201 261 202 -1 207 125 212 -1 183 227 230 -1 228 220 221 -1 184 240 242 -1 186 184 242 -1 201 243 232 -1 241 232 243 -1 185 177 240 -1 177 176 240 -1 229 241 159 -1 211 252 256 -1 181 262 239 -1 242 240 176 -1 181 154 263 -1 217 211 264 -1 256 265 255 -1 266 267 268 -1 197 269 194 -1 269 248 270 -1 197 248 269 -1 271 247 237 -1 164 272 199 -1 273 267 266 -1 244 259 151 -1 274 151 259 -1 191 247 275 -1 244 208 158 -1 228 238 247 -1 151 274 257 -1 249 276 189 -1 265 256 252 -1 198 42 225 -1 277 278 279 -1 265 280 255 -1 261 277 279 -1 281 274 259 -1 282 283 284 -1 255 285 286 -1 287 282 288 -1 289 290 291 -1 255 286 259 -1 268 292 266 -1 250 144 293 -1 144 226 293 -1 289 258 266 -1 247 271 275 -1 294 226 207 -1 233 235 295 -1 258 227 266 -1 227 182 266 -1 271 237 296 -1 235 230 297 -1 230 258 297 -1 273 266 182 -1 261 237 202 -1 207 212 298 -1 231 260 277 -1 191 228 247 -1 299 212 239 -1 260 233 295 -1 262 181 300 -1 231 277 261 -1 263 300 181 -1 301 299 239 -1 186 188 302 -1 303 302 188 -1 189 276 254 -1 283 246 199 -1 194 303 188 -1 283 199 272 -1 185 229 159 -1 272 284 283 -1 254 276 251 -1 203 254 251 -1 164 163 304 -1 251 305 252 -1 256 264 211 -1 218 264 256 -1 217 264 218 -1 257 200 151 -1 67 210 68 -1 305 265 252 -1 282 284 306 -1 282 306 288 -1 266 292 307 -1 278 277 308 -1 302 267 273 -1 273 186 302 -1 237 279 309 -1 184 273 182 -1 184 186 273 -1 279 278 309 -1 310 271 296 -1 259 286 281 -1 311 271 310 -1 312 226 294 -1 306 313 288 -1 311 275 271 -1 313 314 315 -1 316 296 237 -1 298 212 299 -1 309 316 237 -1 239 262 301 -1 237 261 279 -1 314 317 315 -1 318 288 315 -1 315 288 313 -1 249 311 319 -1 249 191 275 -1 263 154 245 -1 320 321 322 -1 295 235 291 -1 249 319 276 -1 320 323 317 -1 164 304 272 -1 323 320 322 -1 324 251 276 -1 289 266 307 -1 289 291 235 -1 272 325 326 -1 327 317 323 -1 225 169 328 -1 323 329 327 -1 235 297 289 -1 258 289 297 -1 277 260 308 -1 330 290 331 -1 319 324 276 -1 319 332 333 -1 290 330 291 -1 331 290 334 -1 335 286 285 -1 163 198 336 -1 315 327 337 -1 284 272 326 -1 322 321 338 -1 68 210 214 -1 324 339 305 -1 251 324 305 -1 340 341 342 -1 325 272 304 -1 325 304 343 -1 344 340 342 -1 317 327 315 -1 345 296 316 -1 320 346 321 -1 280 285 255 -1 309 344 342 -1 283 282 347 -1 278 344 309 -1 282 287 347 -1 278 348 344 -1 348 278 308 -1 287 288 318 -1 306 314 313 -1 312 293 226 -1 319 311 332 -1 291 330 349 -1 311 249 275 -1 294 207 298 -1 260 349 308 -1 260 291 349 -1 260 295 291 -1 299 350 298 -1 351 317 314 -1 262 352 301 -1 262 300 352 -1 318 315 353 -1 337 353 315 -1 350 299 354 -1 301 354 299 -1 354 301 352 -1 355 330 331 -1 245 246 356 -1 246 283 357 -1 334 358 331 -1 317 351 320 -1 304 163 336 -1 337 327 359 -1 169 214 328 -1 333 324 319 -1 360 327 329 -1 324 333 339 -1 343 304 336 -1 326 325 343 -1 306 284 326 -1 306 326 351 -1 361 330 355 -1 361 348 330 -1 307 292 362 -1 348 349 330 -1 346 320 363 -1 360 329 364 -1 357 283 347 -1 365 293 312 -1 306 351 314 -1 346 338 321 -1 342 341 345 -1 342 345 316 -1 342 316 309 -1 289 307 366 -1 367 343 368 -1 343 367 363 -1 326 343 363 -1 351 326 363 -1 358 369 331 -1 331 369 355 -1 363 367 346 -1 363 320 351 -1 346 367 370 -1 357 347 371 -1 246 357 356 -1 328 372 225 -1 360 359 327 -1 373 361 355 -1 373 374 361 -1 344 348 361 -1 349 348 308 -1 340 344 375 -1 198 225 336 -1 336 225 368 -1 368 343 336 -1 370 367 368 -1 312 294 376 -1 298 350 377 -1 377 294 298 -1 287 318 378 -1 352 300 379 -1 380 300 263 -1 381 337 359 -1 263 245 356 -1 357 382 356 -1 371 382 357 -1 374 375 361 -1 383 340 375 -1 361 375 344 -1 384 370 368 -1 370 385 346 -1 371 347 386 -1 386 347 287 -1 381 353 337 -1 387 365 312 -1 359 360 364 -1 377 350 388 -1 354 352 389 -1 368 225 372 -1 384 368 372 -1 386 287 390 -1 287 378 390 -1 353 378 318 -1 362 391 307 -1 373 355 369 -1 359 364 392 -1 392 364 393 -1 380 379 300 -1 263 356 394 -1 376 387 312 -1 377 376 294 -1 388 350 354 -1 395 354 389 -1 379 389 352 -1 381 359 392 -1 356 382 396 -1 371 397 382 -1 391 366 307 -1 395 388 354 -1 394 356 396 -1 397 396 382 -1 372 328 398 -1 379 380 399 -1 210 400 214 -1 214 400 328 -1 370 384 401 -1 385 370 401 -1 376 377 402 -1 377 388 402 -1 403 404 405 -1 403 397 371 -1 403 371 386 -1 369 406 373 -1 407 405 404 -1 407 404 408 -1 409 408 404 -1 403 386 390 -1 390 404 403 -1 390 409 404 -1 409 390 378 -1 353 381 410 -1 392 410 381 -1 405 397 403 -1 362 366 391 -1 407 411 405 -1 394 380 263 -1 384 372 412 -1 387 376 413 -1 413 376 402 -1 414 385 415 -1 395 389 416 -1 389 379 399 -1 407 408 417 -1 378 418 409 -1 353 418 378 -1 419 396 397 -1 420 392 393 -1 421 407 417 -1 328 422 398 -1 408 409 417 -1 423 387 424 -1 413 424 387 -1 418 353 410 -1 419 405 411 -1 419 397 405 -1 425 417 409 -1 388 395 402 -1 425 409 418 -1 418 426 425 -1 427 416 419 -1 419 411 427 -1 428 411 407 -1 407 421 428 -1 420 393 429 -1 328 400 422 -1 396 399 380 -1 394 396 380 -1 430 384 412 -1 413 431 424 -1 414 415 432 -1 389 433 416 -1 418 410 426 -1 434 435 427 -1 389 399 433 -1 392 420 436 -1 427 435 416 -1 437 419 416 -1 438 427 411 -1 419 437 396 -1 392 436 410 -1 438 434 427 -1 396 437 399 -1 411 428 438 -1 438 428 439 -1 402 440 413 -1 435 395 416 -1 385 401 415 -1 435 434 441 -1 421 417 442 -1 433 437 416 -1 443 442 417 -1 443 417 425 -1 441 434 444 -1 445 446 410 -1 444 434 438 -1 436 420 447 -1 433 399 437 -1 440 431 413 -1 372 398 412 -1 441 440 402 -1 400 448 422 -1 402 435 441 -1 395 435 402 -1 401 384 430 -1 441 449 440 -1 449 441 444 -1 442 450 421 -1 443 425 426 -1 451 440 449 -1 442 443 452 -1 446 426 410 -1 445 410 436 -1 444 438 453 -1 439 428 450 -1 450 428 421 -1 426 446 443 -1 452 454 442 -1 449 444 455 -1 453 438 456 -1 439 450 457 -1 450 442 458 -1 458 442 454 -1 449 459 451 -1 449 460 459 -1 449 455 460 -1 455 444 460 -1 453 460 444 -1 429 461 420 -1 456 462 453 -1 439 456 438 -1 450 458 457 -1 463 398 422 -1 422 448 463 -1 443 446 452 -1 459 460 464 -1 447 420 461 -1 462 460 453 -1 412 398 463 -1 463 430 412 -1 446 445 465 -1 466 451 459 -1 460 462 464 -1 439 457 467 -1 430 463 448 -1 430 448 401 -1 452 468 454 -1 446 469 452 -1 465 469 446 -1 436 470 445 -1 439 467 456 -1 454 471 458 -1 401 448 472 -1 415 401 472 -1 468 473 454 -1 471 457 458 -1 473 471 454 -1 452 469 468 -1 445 470 465 -1 470 436 447 -1 467 457 471 -1 465 474 469 -1 456 475 462 -1 476 468 469 -1 474 465 470 -1 470 447 477 -1 475 464 462 -1 456 467 478 -1 469 474 479 -1 474 470 477 -1 459 464 480 -1 475 456 478 -1 473 481 471 -1 473 468 482 -1 476 482 468 -1 469 479 476 -1 477 447 483 -1 447 461 483 -1 483 461 484 -1 480 464 485 -1 467 471 486 -1 486 471 481 -1 482 481 473 -1 477 487 474 -1 485 464 475 -1 488 475 478 -1 486 489 467 -1 482 476 490 -1 491 483 484 -1 492 491 484 -1 475 488 485 -1 488 478 493 -1 479 474 487 -1 494 487 477 -1 494 477 483 -1 491 494 483 -1 478 467 493 -1 491 492 495 -1 467 489 493 -1 496 486 481 -1 482 490 497 -1 476 479 498 -1 499 479 487 -1 499 498 479 -1 487 500 499 -1 501 494 491 -1 490 476 502 -1 498 502 476 -1 500 487 494 -1 500 494 501 -1 489 486 503 -1 482 496 481 -1 495 504 491 -1 488 493 505 -1 506 489 503 -1 493 489 506 -1 503 486 507 -1 496 507 486 -1 496 482 497 -1 497 490 508 -1 501 509 500 -1 508 490 502 -1 501 491 504 -1 502 498 499 -1 485 488 505 -1 505 493 506 -1 507 496 510 -1 497 510 496 -1 509 501 511 -1 504 511 501 -1 508 510 497 -1 499 500 512 -1 500 509 512 -1 513 485 505 -1 514 510 508 -1 503 507 515 -1 508 502 516 -1 502 499 516 -1 506 503 515 -1 507 510 517 -1 517 510 514 -1 516 499 512 -1 515 507 517 -1 514 508 518 -1 508 516 518 -1 505 519 513 -1 520 515 517 -1 514 521 517 -1 505 506 519 -1 519 506 522 -1 518 523 514 -1 506 515 522 -1 521 514 523 -1 520 522 515 -1 521 520 517 -1 518 524 523 -1 523 520 521 -1 525 520 523 -1 526 525 523 -1 524 526 523 -1 520 527 522 -1 527 520 525 -1 519 522 528 -1 522 527 528 -1 527 525 529 -1 527 529 528 -1 530 531 532 -1 533 534 535 -1 536 537 538 -1 538 537 539 -1 540 541 542 -1 543 534 533 -1 534 543 544 -1 531 545 532 -1 546 547 548 -1 533 535 549 -1 550 537 551 -1 534 544 552 -1 534 552 530 -1 535 551 549 -1 549 551 537 -1 552 531 530 -1 537 536 549 -1 530 532 553 -1 554 539 550 -1 537 550 539 -1 534 530 555 -1 555 530 556 -1 555 556 550 -1 546 540 554 -1 557 558 556 -1 550 556 558 -1 542 538 540 -1 550 558 547 -1 540 546 559 -1 555 535 534 -1 551 535 555 -1 80 560 552 -1 547 558 561 -1 559 546 548 -1 560 531 552 -1 540 559 562 -1 559 548 563 -1 554 550 547 -1 559 563 562 -1 554 547 546 -1 561 548 547 -1 552 544 564 -1 543 564 544 -1 540 562 541 -1 548 561 565 -1 551 555 550 -1 566 562 563 -1 532 545 567 -1 532 567 557 -1 553 532 557 -1 539 540 538 -1 563 548 568 -1 557 567 569 -1 569 567 570 -1 557 569 571 -1 540 539 554 -1 530 553 556 -1 556 553 557 -1 557 571 558 -1 572 543 533 -1 573 542 574 -1 574 541 575 -1 561 576 577 -1 545 578 567 -1 549 579 533 -1 574 580 581 -1 561 577 582 -1 580 574 575 -1 565 561 582 -1 583 582 577 -1 562 584 585 -1 586 587 588 -1 549 536 579 -1 583 589 582 -1 582 589 568 -1 590 591 592 -1 579 536 593 -1 594 595 596 -1 536 538 597 -1 123 586 598 -1 582 568 565 -1 548 565 568 -1 542 573 538 -1 569 570 599 -1 598 560 106 -1 571 569 600 -1 80 106 560 -1 576 561 600 -1 567 578 601 -1 567 601 570 -1 586 588 598 -1 545 598 588 -1 560 598 531 -1 598 545 531 -1 545 588 602 -1 562 566 584 -1 602 578 545 -1 542 541 574 -1 573 574 581 -1 601 603 604 -1 562 575 541 -1 605 577 576 -1 579 572 533 -1 106 123 598 -1 606 601 604 -1 209 543 572 -1 575 562 585 -1 572 579 607 -1 608 609 580 -1 123 124 586 -1 570 601 606 -1 575 608 580 -1 605 583 577 -1 606 610 570 -1 605 611 612 -1 605 612 613 -1 610 604 614 -1 614 604 615 -1 583 605 613 -1 564 80 552 -1 616 593 536 -1 616 536 597 -1 588 587 602 -1 576 610 611 -1 585 584 617 -1 618 617 619 -1 600 569 599 -1 563 568 620 -1 603 621 622 -1 570 610 599 -1 585 591 575 -1 600 561 571 -1 620 589 623 -1 608 575 591 -1 621 601 578 -1 558 571 561 -1 589 620 568 -1 601 621 603 -1 608 591 590 -1 591 585 592 -1 620 624 618 -1 624 625 626 -1 618 624 626 -1 595 590 592 -1 626 625 627 -1 626 628 618 -1 629 592 630 -1 595 592 629 -1 608 590 595 -1 629 596 595 -1 629 631 596 -1 632 618 628 -1 139 633 587 -1 589 583 634 -1 586 139 587 -1 613 635 636 -1 625 589 634 -1 637 628 638 -1 625 634 636 -1 628 626 638 -1 614 611 610 -1 637 639 630 -1 538 640 597 -1 538 573 640 -1 614 615 641 -1 642 636 635 -1 643 578 602 -1 644 629 630 -1 174 543 209 -1 581 580 609 -1 564 543 174 -1 625 623 589 -1 645 621 646 -1 608 594 609 -1 625 624 623 -1 594 608 595 -1 578 646 621 -1 620 623 624 -1 594 596 647 -1 566 563 619 -1 619 563 620 -1 566 619 584 -1 612 648 649 -1 584 619 617 -1 600 599 576 -1 619 620 618 -1 576 599 610 -1 611 605 576 -1 636 627 625 -1 578 643 646 -1 617 618 632 -1 650 617 632 -1 621 651 652 -1 626 627 653 -1 622 621 652 -1 564 120 80 -1 615 604 654 -1 653 655 626 -1 585 617 650 -1 650 592 585 -1 606 604 610 -1 579 593 607 -1 607 593 656 -1 616 656 593 -1 657 642 635 -1 592 637 630 -1 658 659 652 -1 641 615 660 -1 616 597 661 -1 662 663 659 -1 613 612 664 -1 641 665 666 -1 633 667 668 -1 669 614 641 -1 613 664 635 -1 670 597 640 -1 613 634 583 -1 611 614 669 -1 636 634 613 -1 640 573 671 -1 573 581 671 -1 612 611 669 -1 643 645 646 -1 581 609 672 -1 668 643 633 -1 587 633 643 -1 609 594 672 -1 648 641 666 -1 636 642 673 -1 612 649 664 -1 673 627 636 -1 587 643 602 -1 631 629 674 -1 666 649 648 -1 675 653 627 -1 216 633 139 -1 621 645 676 -1 677 631 674 -1 621 676 651 -1 124 139 586 -1 564 174 120 -1 651 658 652 -1 678 622 652 -1 603 622 654 -1 604 603 654 -1 679 615 680 -1 654 680 615 -1 681 665 682 -1 682 665 683 -1 661 670 684 -1 638 685 686 -1 665 681 666 -1 671 670 640 -1 581 687 671 -1 645 643 668 -1 666 681 688 -1 689 688 681 -1 690 649 666 -1 691 686 692 -1 693 694 686 -1 671 684 670 -1 581 672 687 -1 664 695 635 -1 626 655 696 -1 659 678 652 -1 697 698 694 -1 635 695 657 -1 680 654 622 -1 638 626 696 -1 638 639 637 -1 678 659 679 -1 663 679 659 -1 694 693 697 -1 699 697 693 -1 678 679 680 -1 700 653 675 -1 639 698 630 -1 701 637 592 -1 679 663 660 -1 630 698 644 -1 655 653 702 -1 663 683 660 -1 644 674 629 -1 644 698 697 -1 615 679 660 -1 677 674 697 -1 665 660 683 -1 627 673 675 -1 703 677 697 -1 697 704 703 -1 660 665 641 -1 674 644 697 -1 648 669 641 -1 612 669 648 -1 638 696 685 -1 702 705 685 -1 685 705 706 -1 707 685 706 -1 685 692 686 -1 692 685 707 -1 597 670 661 -1 708 656 616 -1 661 708 616 -1 709 710 711 -1 682 712 713 -1 703 714 677 -1 715 662 711 -1 683 663 715 -1 716 681 682 -1 683 715 717 -1 718 719 681 -1 683 717 682 -1 682 717 712 -1 698 686 694 -1 720 661 684 -1 681 719 689 -1 700 675 721 -1 684 671 722 -1 649 690 695 -1 723 693 686 -1 664 649 695 -1 687 672 724 -1 691 723 686 -1 672 594 647 -1 657 695 690 -1 725 700 721 -1 690 666 688 -1 690 688 657 -1 592 650 701 -1 632 628 726 -1 628 637 726 -1 726 637 701 -1 622 678 680 -1 653 700 727 -1 647 596 728 -1 727 702 653 -1 729 730 693 -1 596 631 728 -1 727 700 731 -1 731 705 727 -1 727 705 702 -1 631 677 728 -1 732 657 688 -1 725 731 700 -1 733 729 723 -1 734 659 658 -1 731 706 705 -1 706 731 735 -1 693 723 729 -1 659 734 662 -1 696 655 702 -1 662 715 663 -1 685 696 702 -1 729 736 730 -1 642 657 732 -1 699 693 730 -1 737 642 738 -1 707 706 739 -1 697 699 740 -1 738 688 741 -1 714 703 742 -1 572 607 743 -1 704 697 740 -1 742 703 704 -1 656 744 745 -1 704 746 742 -1 656 708 744 -1 747 714 742 -1 737 738 721 -1 742 748 747 -1 748 742 749 -1 642 737 673 -1 675 737 721 -1 737 675 673 -1 607 656 750 -1 750 656 745 -1 701 650 751 -1 682 713 752 -1 753 744 708 -1 740 754 704 -1 755 753 708 -1 708 661 755 -1 713 756 752 -1 746 704 757 -1 721 738 758 -1 728 677 759 -1 742 746 749 -1 748 749 760 -1 720 755 661 -1 761 755 720 -1 699 754 740 -1 677 714 762 -1 730 754 699 -1 762 714 747 -1 722 720 684 -1 704 754 757 -1 722 671 687 -1 709 763 710 -1 754 764 757 -1 638 686 639 -1 639 686 698 -1 741 688 689 -1 758 765 725 -1 711 710 712 -1 662 709 711 -1 722 687 766 -1 733 692 767 -1 733 767 768 -1 691 692 733 -1 711 712 717 -1 741 769 770 -1 770 769 771 -1 770 738 741 -1 768 772 733 -1 766 687 773 -1 733 723 691 -1 773 687 724 -1 732 688 738 -1 717 715 711 -1 738 642 732 -1 672 647 724 -1 772 768 774 -1 775 729 733 -1 725 765 776 -1 777 713 778 -1 712 778 713 -1 754 730 779 -1 725 776 731 -1 731 780 735 -1 735 781 706 -1 739 706 781 -1 707 739 782 -1 767 692 707 -1 782 767 707 -1 781 768 782 -1 774 768 781 -1 632 726 751 -1 748 760 783 -1 725 721 758 -1 752 716 682 -1 713 784 756 -1 746 785 749 -1 758 786 765 -1 716 752 718 -1 760 749 785 -1 755 761 787 -1 752 756 788 -1 752 788 718 -1 788 789 790 -1 756 789 788 -1 791 761 720 -1 788 790 792 -1 779 764 754 -1 793 759 794 -1 718 788 792 -1 720 722 766 -1 795 718 792 -1 720 766 791 -1 796 760 785 -1 710 763 797 -1 791 766 773 -1 795 792 798 -1 782 739 781 -1 712 710 778 -1 778 710 799 -1 731 776 780 -1 780 776 800 -1 801 778 799 -1 759 677 762 -1 773 724 647 -1 802 780 800 -1 647 728 773 -1 681 716 718 -1 802 735 780 -1 736 803 804 -1 777 778 801 -1 719 718 795 -1 805 800 806 -1 802 800 807 -1 719 741 689 -1 741 719 769 -1 800 805 807 -1 775 733 772 -1 808 323 809 -1 802 807 810 -1 795 798 769 -1 798 771 769 -1 811 735 802 -1 811 781 735 -1 329 323 808 -1 812 736 729 -1 781 811 810 -1 811 802 810 -1 782 768 767 -1 781 810 774 -1 813 814 810 -1 758 738 786 -1 650 632 751 -1 815 762 747 -1 813 816 817 -1 818 791 773 -1 719 795 769 -1 760 796 783 -1 793 728 759 -1 819 820 798 -1 821 783 796 -1 773 793 818 -1 793 773 728 -1 771 798 820 -1 817 822 823 -1 816 822 817 -1 743 607 824 -1 607 750 824 -1 796 785 825 -1 338 809 322 -1 786 738 770 -1 770 771 786 -1 710 797 799 -1 322 809 323 -1 820 819 826 -1 209 572 210 -1 772 823 775 -1 823 772 774 -1 771 820 786 -1 786 820 826 -1 775 823 812 -1 775 812 729 -1 827 823 822 -1 812 823 827 -1 730 736 828 -1 786 826 829 -1 779 730 828 -1 828 830 779 -1 753 755 787 -1 830 828 804 -1 831 832 753 -1 808 833 329 -1 786 829 834 -1 803 827 835 -1 736 812 803 -1 831 753 787 -1 829 836 834 -1 804 803 835 -1 761 837 838 -1 791 837 761 -1 839 779 830 -1 765 786 834 -1 804 840 830 -1 838 787 761 -1 787 838 831 -1 839 830 840 -1 764 779 839 -1 841 842 777 -1 843 844 765 -1 765 844 776 -1 776 844 806 -1 844 843 806 -1 841 777 801 -1 776 806 800 -1 757 785 746 -1 785 757 764 -1 845 805 843 -1 785 764 846 -1 806 843 805 -1 825 785 846 -1 777 842 784 -1 784 842 789 -1 807 813 810 -1 774 810 814 -1 777 784 713 -1 847 774 814 -1 756 784 789 -1 848 790 789 -1 848 849 790 -1 850 798 792 -1 747 748 815 -1 851 838 837 -1 805 845 852 -1 853 805 852 -1 847 823 774 -1 799 797 854 -1 748 783 855 -1 856 855 821 -1 804 828 736 -1 791 818 857 -1 821 858 856 -1 859 857 818 -1 860 861 862 -1 829 863 836 -1 836 863 864 -1 860 816 865 -1 818 793 859 -1 866 809 338 -1 867 764 839 -1 816 860 868 -1 796 825 821 -1 869 841 801 -1 845 834 836 -1 834 843 765 -1 870 841 869 -1 846 764 867 -1 821 871 858 -1 834 845 843 -1 871 821 872 -1 816 813 865 -1 867 873 825 -1 874 809 866 -1 845 836 875 -1 876 825 873 -1 877 841 870 -1 877 842 841 -1 807 805 861 -1 825 846 867 -1 823 847 817 -1 803 812 827 -1 878 793 794 -1 808 809 879 -1 794 880 878 -1 807 861 813 -1 879 809 874 -1 827 822 881 -1 817 814 813 -1 847 814 817 -1 364 329 833 -1 794 759 762 -1 804 835 882 -1 883 808 879 -1 815 794 762 -1 884 745 744 -1 883 833 808 -1 848 789 842 -1 753 884 744 -1 866 885 874 -1 840 804 886 -1 887 839 840 -1 874 888 879 -1 338 889 866 -1 866 889 890 -1 866 890 885 -1 804 891 886 -1 832 884 753 -1 887 867 839 -1 892 832 831 -1 893 867 887 -1 885 890 892 -1 878 859 793 -1 877 848 842 -1 849 850 790 -1 850 792 790 -1 850 894 895 -1 895 798 850 -1 896 819 798 -1 897 819 896 -1 826 819 897 -1 826 898 863 -1 829 826 863 -1 874 885 899 -1 882 835 900 -1 899 888 874 -1 845 875 852 -1 888 883 879 -1 804 882 891 -1 346 901 338 -1 852 875 902 -1 894 850 849 -1 880 794 815 -1 338 901 889 -1 861 805 853 -1 903 904 905 -1 890 889 901 -1 832 892 890 -1 906 815 748 -1 840 886 907 -1 908 892 831 -1 852 902 909 -1 887 840 907 -1 895 894 910 -1 888 911 883 -1 852 862 853 -1 862 852 909 -1 873 867 893 -1 821 855 783 -1 909 912 862 -1 838 908 831 -1 912 909 913 -1 798 895 896 -1 914 858 915 -1 916 917 911 -1 861 853 862 -1 908 838 851 -1 799 854 801 -1 918 914 915 -1 837 791 857 -1 833 919 364 -1 865 813 861 -1 821 825 920 -1 865 861 860 -1 897 921 898 -1 851 837 922 -1 897 898 826 -1 920 825 876 -1 860 862 912 -1 923 851 922 -1 858 871 924 -1 849 848 925 -1 916 926 917 -1 816 868 927 -1 858 928 915 -1 922 859 878 -1 701 751 929 -1 894 849 925 -1 572 743 210 -1 881 930 827 -1 835 827 930 -1 903 835 930 -1 927 931 822 -1 835 903 900 -1 891 882 900 -1 888 899 932 -1 933 934 880 -1 864 935 936 -1 880 815 933 -1 932 937 888 -1 935 938 936 -1 815 906 933 -1 904 881 939 -1 875 836 936 -1 906 748 855 -1 875 936 902 -1 902 936 938 -1 904 903 881 -1 930 881 903 -1 916 888 937 -1 940 938 935 -1 916 911 888 -1 901 941 890 -1 921 897 896 -1 832 890 941 -1 904 942 905 -1 914 918 943 -1 919 833 883 -1 899 885 892 -1 911 917 944 -1 902 938 945 -1 908 851 932 -1 946 900 905 -1 821 920 872 -1 872 920 947 -1 946 891 900 -1 948 872 947 -1 876 947 920 -1 857 922 837 -1 851 949 932 -1 858 924 928 -1 909 902 950 -1 872 948 871 -1 924 871 928 -1 942 951 905 -1 945 950 902 -1 922 857 859 -1 928 871 948 -1 928 948 952 -1 912 868 860 -1 949 851 923 -1 953 877 870 -1 952 948 947 -1 864 863 954 -1 868 955 927 -1 956 928 952 -1 822 816 927 -1 925 848 877 -1 912 913 957 -1 864 954 935 -1 893 958 873 -1 886 891 946 -1 923 922 878 -1 886 959 907 -1 886 946 959 -1 960 907 959 -1 926 961 917 -1 962 876 873 -1 947 876 963 -1 964 947 963 -1 962 963 876 -1 962 873 958 -1 952 947 964 -1 949 937 932 -1 855 856 965 -1 966 858 967 -1 858 914 967 -1 864 936 836 -1 967 914 943 -1 966 965 856 -1 858 966 856 -1 959 946 968 -1 969 901 346 -1 960 959 970 -1 941 901 969 -1 971 918 915 -1 956 915 928 -1 945 938 972 -1 892 908 973 -1 913 909 950 -1 960 974 958 -1 974 960 975 -1 932 899 973 -1 971 956 952 -1 976 961 926 -1 969 346 385 -1 908 932 973 -1 977 917 961 -1 963 978 964 -1 878 880 979 -1 881 822 931 -1 979 880 934 -1 919 883 911 -1 980 912 957 -1 881 931 939 -1 911 981 919 -1 912 980 868 -1 868 980 955 -1 981 911 944 -1 982 934 983 -1 900 903 905 -1 957 984 980 -1 951 942 985 -1 931 927 955 -1 906 855 965 -1 905 986 946 -1 893 887 987 -1 939 931 955 -1 939 988 904 -1 989 988 939 -1 939 955 990 -1 869 953 870 -1 991 965 992 -1 958 893 987 -1 965 966 992 -1 993 949 994 -1 923 994 949 -1 937 949 993 -1 995 992 966 -1 995 966 967 -1 884 832 941 -1 969 385 414 -1 996 945 972 -1 997 998 878 -1 743 824 999 -1 987 907 960 -1 977 944 917 -1 971 915 956 -1 987 960 958 -1 964 1000 952 -1 952 1000 971 -1 996 950 945 -1 892 973 899 -1 1001 974 975 -1 950 1002 913 -1 961 1003 977 -1 919 393 364 -1 1004 985 942 -1 878 979 997 -1 1004 1005 985 -1 1006 982 1007 -1 957 913 1002 -1 1002 1008 957 -1 982 983 1007 -1 970 959 1009 -1 933 906 991 -1 946 986 968 -1 887 907 987 -1 990 955 980 -1 962 1010 963 -1 963 1010 978 -1 983 934 933 -1 983 933 992 -1 964 1011 1000 -1 1012 983 992 -1 958 974 1013 -1 1012 992 995 -1 1013 1014 1010 -1 965 991 906 -1 937 993 916 -1 943 1015 967 -1 980 984 1016 -1 994 923 998 -1 923 878 998 -1 210 743 400 -1 944 977 1017 -1 1018 990 1019 -1 1019 990 1020 -1 1021 970 1009 -1 988 942 904 -1 976 1022 961 -1 1018 1019 989 -1 996 972 1023 -1 986 905 951 -1 1003 961 1022 -1 951 1024 986 -1 1025 750 745 -1 726 701 929 -1 745 884 1026 -1 958 1013 962 -1 934 982 979 -1 941 1026 884 -1 1027 1028 1023 -1 1009 968 986 -1 950 996 1023 -1 1002 950 1023 -1 959 968 1009 -1 992 933 991 -1 1010 1014 978 -1 1023 1028 1002 -1 1008 1002 1029 -1 981 1030 919 -1 984 957 1008 -1 1017 981 944 -1 978 1031 964 -1 995 1032 1012 -1 942 988 1004 -1 1004 988 989 -1 1019 1004 989 -1 964 1031 1011 -1 1005 1004 1019 -1 1019 1033 1005 -1 1034 1019 1020 -1 1033 1019 1034 -1 1031 978 1014 -1 967 1032 995 -1 985 1005 1024 -1 1024 951 985 -1 1009 986 1024 -1 1009 1024 1035 -1 1005 1035 1024 -1 1031 1036 1011 -1 1036 1000 1011 -1 1010 962 1013 -1 1013 974 1001 -1 1014 1013 1037 -1 1031 1038 1036 -1 1000 1039 971 -1 1040 971 1039 -1 1032 967 1041 -1 1035 1005 1033 -1 943 918 1042 -1 1009 1035 1043 -1 984 1008 1044 -1 1042 918 971 -1 984 1020 1016 -1 1045 1021 1009 -1 984 1044 1046 -1 1046 1020 984 -1 1017 977 1047 -1 1048 1009 1043 -1 970 1049 960 -1 1003 1047 977 -1 975 960 1049 -1 1021 1049 970 -1 1021 1045 1001 -1 751 726 929 -1 1021 1001 975 -1 1006 979 982 -1 990 1016 1020 -1 1034 1050 1033 -1 1012 1007 983 -1 939 1018 989 -1 1029 1002 1028 -1 980 1016 990 -1 1018 939 990 -1 1013 1001 1037 -1 1014 1037 1051 -1 1052 1034 1020 -1 1037 1001 1051 -1 1053 1025 745 -1 1031 1014 1054 -1 1008 1029 1044 -1 1055 941 969 -1 1039 1000 1056 -1 1030 393 919 -1 1057 1039 1056 -1 916 993 1058 -1 975 1049 1021 -1 926 916 1058 -1 1059 1052 1046 -1 1046 1052 1020 -1 1045 1051 1001 -1 1045 1060 1051 -1 1033 1050 1061 -1 1062 1061 1050 -1 1031 1054 1038 -1 1054 1063 1038 -1 1036 1038 1064 -1 1025 824 750 -1 1053 745 1026 -1 969 414 1055 -1 1022 976 1065 -1 1062 1066 1061 -1 400 743 999 -1 1033 1061 1035 -1 1043 1035 1061 -1 1056 1000 1067 -1 1068 1039 1057 -1 1000 1036 1067 -1 1043 1061 1069 -1 1070 1036 1064 -1 1030 981 1071 -1 1048 1060 1045 -1 1048 1045 1009 -1 1072 997 979 -1 1046 1044 1059 -1 1072 979 1006 -1 1073 1007 1012 -1 1015 1041 967 -1 1015 943 1042 -1 1054 1014 1074 -1 1014 1051 1074 -1 1074 1051 1060 -1 1054 1074 1063 -1 1063 1064 1038 -1 1075 1062 1050 -1 1063 1076 1064 -1 1076 1063 1077 -1 1034 1052 1078 -1 1057 1056 1067 -1 1078 1079 1034 -1 1070 1067 1036 -1 1050 1034 1079 -1 1075 1050 1079 -1 1025 999 824 -1 1060 1048 1080 -1 1048 1043 1069 -1 1061 1081 1069 -1 1066 1082 1061 -1 1071 981 1017 -1 1042 971 1040 -1 1040 1039 1068 -1 1068 1057 1083 -1 1084 1068 1083 -1 1067 1083 1057 -1 1085 1067 1070 -1 1070 1064 1076 -1 1069 1081 1086 -1 1087 1079 1078 -1 1087 1088 1079 -1 1080 1048 1069 -1 1081 1061 1082 -1 1080 1069 1086 -1 1089 1080 1086 -1 1026 941 1090 -1 1060 1080 1074 -1 1077 1074 1080 -1 1089 1086 1091 -1 1063 1074 1077 -1 1030 429 393 -1 1080 1092 1077 -1 1071 1093 1030 -1 1094 1077 1092 -1 1053 1095 1025 -1 1022 1096 1003 -1 1072 1006 1097 -1 1006 1007 1097 -1 1075 1079 1098 -1 1067 1084 1083 -1 994 998 1099 -1 1066 1062 1100 -1 1101 1062 1075 -1 1102 1085 1070 -1 1088 1087 1103 -1 1102 1070 1076 -1 1104 1082 1105 -1 1088 1098 1079 -1 1106 1082 1104 -1 1081 1082 1106 -1 1107 998 997 -1 1090 1053 1026 -1 1055 1090 941 -1 432 1055 414 -1 429 1030 1093 -1 1108 1047 1003 -1 1071 1017 1109 -1 1110 1109 1017 -1 1047 1110 1017 -1 1076 1077 1094 -1 1092 1080 1089 -1 1111 1092 1089 -1 1111 1089 1112 -1 1095 400 999 -1 1022 1065 1113 -1 1091 1114 1089 -1 1095 999 1025 -1 1112 1089 1114 -1 1102 1076 1094 -1 1096 1022 1115 -1 1108 1003 1096 -1 1116 1096 1115 -1 1116 1108 1096 -1 1007 1073 1117 -1 1015 1042 1118 -1 1040 1118 1042 -1 1110 1047 1108 -1 1082 1066 1105 -1 1115 1022 1119 -1 1120 1081 1106 -1 1086 1081 1120 -1 1091 1086 1120 -1 1121 1091 1120 -1 1040 1068 1122 -1 1123 1102 1094 -1 1092 1123 1094 -1 1122 1068 1084 -1 1116 1115 1124 -1 1125 1116 1124 -1 1126 1102 1123 -1 1127 994 1099 -1 1058 993 1128 -1 1097 1007 1117 -1 1125 1124 1129 -1 1111 1130 1092 -1 1095 1053 448 -1 1075 1098 1131 -1 1075 1131 1101 -1 1101 1100 1062 -1 1121 1132 1091 -1 1114 1091 1132 -1 1087 1133 1134 -1 1116 1125 1108 -1 1130 1123 1092 -1 1135 1097 1117 -1 1136 1130 1111 -1 1073 1012 1137 -1 1032 1137 1012 -1 1041 1015 1138 -1 1015 1118 1138 -1 1095 448 400 -1 448 1053 472 -1 1103 1087 1134 -1 1111 1139 1136 -1 1088 1103 1140 -1 1141 1142 1131 -1 1101 1131 1142 -1 1105 1066 1143 -1 1144 1145 1143 -1 1145 1144 1146 -1 1147 472 1053 -1 1098 1141 1131 -1 1141 1098 1148 -1 1141 1148 1149 -1 1128 993 1150 -1 994 1150 993 -1 1128 1151 1058 -1 1065 976 1152 -1 1153 1108 1125 -1 1154 1101 1143 -1 997 1072 1107 -1 1114 1155 1156 -1 1142 1143 1101 -1 1112 1114 1156 -1 1097 1157 1072 -1 1101 1154 1100 -1 1111 1112 1158 -1 1100 1154 1066 -1 1143 1066 1154 -1 1022 1113 1119 -1 1115 1119 1159 -1 1160 1130 1136 -1 1145 1105 1143 -1 1135 1157 1097 -1 1105 1161 1104 -1 1161 1105 1145 -1 1140 1103 1134 -1 1146 1162 1163 -1 1146 1164 1162 -1 1146 1144 1164 -1 1165 1166 1120 -1 1120 1166 1121 -1 1148 1088 1140 -1 1104 1161 1163 -1 1140 1149 1148 -1 1167 1121 1166 -1 1147 1053 1090 -1 1055 432 1168 -1 1090 1055 1168 -1 1088 1148 1098 -1 1032 1041 1137 -1 1141 1149 1169 -1 1155 1114 1132 -1 1170 1142 1171 -1 1142 1170 1143 -1 1144 1143 1170 -1 926 1058 1151 -1 1153 1125 1172 -1 1145 1146 1161 -1 1072 1157 1173 -1 1164 1144 1174 -1 1163 1161 1146 -1 1175 1167 1165 -1 1165 1167 1166 -1 1139 1111 1158 -1 1110 1176 1109 -1 1165 1120 1106 -1 1163 1106 1104 -1 1163 1165 1106 -1 1177 1167 1175 -1 1115 1159 1124 -1 1134 1178 1140 -1 1149 1140 1179 -1 1136 1139 1180 -1 1156 1158 1112 -1 1110 1108 1153 -1 1181 1144 1170 -1 1144 1181 1182 -1 1182 1174 1144 -1 926 1152 976 -1 1155 1183 1156 -1 1099 998 1107 -1 1072 1173 1107 -1 1163 1162 1165 -1 1140 1178 1179 -1 1139 1158 1184 -1 1168 1147 1090 -1 1162 1164 1185 -1 1093 461 429 -1 1129 1124 1186 -1 1187 1132 1121 -1 1155 1132 1187 -1 1121 1177 1187 -1 1167 1177 1121 -1 1177 1183 1187 -1 1142 1141 1188 -1 1171 1142 1188 -1 1189 1183 1177 -1 1190 1183 1189 -1 1138 1118 1191 -1 1150 994 1127 -1 1155 1187 1183 -1 1151 1152 926 -1 1175 1165 1192 -1 1183 1158 1156 -1 1183 1190 1158 -1 1175 1189 1177 -1 1179 1193 1149 -1 1193 1194 1149 -1 1158 1190 1184 -1 1184 1190 1195 -1 1186 1124 1159 -1 1073 1137 1196 -1 1071 1109 1197 -1 1169 1149 1194 -1 1169 1188 1141 -1 1198 1199 1170 -1 1071 461 1093 -1 1197 461 1071 -1 1200 1175 1201 -1 1202 1139 1184 -1 1139 1202 1180 -1 1137 1041 1138 -1 1107 1173 1203 -1 1204 1205 1173 -1 1173 1157 1204 -1 1157 1135 1204 -1 1169 1194 1206 -1 1169 1207 1188 -1 1159 1119 1208 -1 1176 1110 1153 -1 1170 1171 1209 -1 1168 432 415 -1 1210 1117 1196 -1 1117 1073 1196 -1 1181 1170 1199 -1 1211 1174 1182 -1 1165 1162 1212 -1 1192 1165 1212 -1 1213 1125 1129 -1 1164 1174 1185 -1 1200 1189 1175 -1 1109 1176 1214 -1 1099 1107 1203 -1 1206 1194 1193 -1 1203 1173 1205 -1 1206 1207 1169 -1 1113 1065 1152 -1 1215 1188 1207 -1 1171 1188 1215 -1 1171 1215 1209 -1 1208 1119 1216 -1 1170 1209 1198 -1 1199 1198 1217 -1 415 472 1168 -1 1147 1168 472 -1 1181 1199 1217 -1 1185 1174 1211 -1 1182 1181 1217 -1 1119 1113 1218 -1 1216 1119 1218 -1 1125 1213 1172 -1 1185 1212 1162 -1 1129 1186 1219 -1 1213 1129 1219 -1 1135 1117 1220 -1 1220 1117 1210 -1 1221 1193 1179 -1 1189 1200 1222 -1 1208 1186 1159 -1 1223 1222 1200 -1 1224 1189 1222 -1 1150 1225 1128 -1 1128 1225 1226 -1 1225 1150 1127 -1 1226 1151 1128 -1 1215 1207 1227 -1 1228 1176 1153 -1 1172 1228 1153 -1 1229 1204 1135 -1 1113 1152 1230 -1 1221 1206 1193 -1 1192 1231 1175 -1 1201 1175 1231 -1 1109 1214 1197 -1 1190 1189 1224 -1 1224 1232 1190 -1 1127 1099 1233 -1 1234 1151 1226 -1 1152 1151 1234 -1 1222 1235 1224 -1 1235 1222 1223 -1 1236 1208 1216 -1 1197 484 461 -1 1208 1236 1186 -1 1138 1237 1137 -1 1237 1138 1191 -1 1233 1099 1203 -1 1235 1232 1224 -1 1214 1176 1238 -1 1135 1220 1229 -1 1217 1239 1182 -1 1239 1211 1182 -1 1192 1212 1231 -1 1212 1185 1240 -1 1241 1201 1231 -1 1200 1201 1241 -1 1242 1197 1214 -1 1206 1227 1207 -1 1127 1233 1243 -1 1219 1186 1244 -1 1234 1226 1245 -1 1217 1198 1209 -1 1245 1233 1203 -1 1185 1211 1240 -1 1137 1237 1196 -1 1246 1204 1229 -1 1218 1113 1246 -1 1226 1225 1243 -1 1245 1226 1243 -1 1233 1245 1243 -1 1152 1234 1245 -1 1245 1230 1152 -1 1247 1217 1209 -1 1205 1245 1203 -1 1230 1205 1204 -1 1248 1238 1176 -1 1240 1231 1212 -1 1230 1246 1113 -1 1218 1246 1229 -1 1236 1216 1249 -1 1186 1236 1244 -1 1250 1210 1196 -1 1230 1245 1205 -1 1246 1230 1204 -1 1229 1220 1251 -1 1218 1249 1216 -1 1228 1248 1176 -1 1251 1210 1250 -1 1242 484 1197 -1 1237 1191 1252 -1 1191 1253 1252 -1 492 484 1242 -1 1251 1218 1229 -1 1249 1218 1251 -1 1210 1251 1220 -1 1244 1236 1254 -1 1255 1250 1196 -1 1196 1237 1255 -1 1237 1252 1256 -1 1249 1251 1236 -1 1250 1236 1251 -1 1214 492 1242 -1 1254 1257 1244 -1 1254 1250 1255 -1 1250 1254 1236 -1 1255 1237 1256 -1 1248 1258 1238 -1 1259 1248 1228 -1 1260 1255 1256 -1 1261 492 1214 -1 1214 1238 1261 -1 1260 1254 1255 -1 1262 492 1261 -1 1258 1261 1238 -1 1260 1256 1263 -1 1257 1254 1264 -1 1264 1254 1260 -1 1256 1252 1263 -1 1265 1257 1264 -1 1264 1266 1265 -1 1266 1264 1260 -1 1266 1260 1263 -1 954 1267 1268 -1 1269 935 954 -1 1270 910 894 -1 895 910 921 -1 896 895 921 -1 938 940 1271 -1 898 921 1272 -1 898 1272 1273 -1 898 1273 1267 -1 863 898 1267 -1 877 1274 1275 -1 954 863 1267 -1 1270 925 1276 -1 1277 1278 1276 -1 1276 1278 1270 -1 1270 1278 1279 -1 1279 910 1270 -1 910 1279 1272 -1 910 1272 921 -1 1272 1280 1281 -1 1273 1272 1281 -1 1267 1273 1282 -1 935 1269 940 -1 1275 925 877 -1 1275 1276 925 -1 894 925 1270 -1 1283 1271 940 -1 1271 972 938 -1 1278 1284 1279 -1 1284 1272 1279 -1 1272 1284 1280 -1 1281 1285 1282 -1 1273 1281 1282 -1 1286 1287 1274 -1 1287 1286 1288 -1 1289 1287 1288 -1 1274 1287 1275 -1 1282 1285 1290 -1 1276 1275 1289 -1 1290 1291 1282 -1 1282 1291 1267 -1 1292 1293 1291 -1 1276 1289 1277 -1 1267 1291 1268 -1 1268 1269 954 -1 1269 1268 940 -1 940 1268 1293 -1 940 1293 1294 -1 940 1294 1295 -1 1283 1296 1271 -1 1283 940 1295 -1 1284 1278 1297 -1 1296 972 1271 -1 1281 1280 1298 -1 1299 1285 1298 -1 1285 1299 1300 -1 1275 1287 1289 -1 1292 1291 1290 -1 1277 1288 1301 -1 1288 1277 1289 -1 1268 1291 1293 -1 1302 1294 1293 -1 1296 1283 1303 -1 1280 1284 1304 -1 1305 1295 1294 -1 1305 1306 1307 -1 1280 1304 1308 -1 1283 1295 1303 -1 1280 1308 1298 -1 1298 1308 1309 -1 1303 1295 1310 -1 1303 1310 1296 -1 1310 1295 1305 -1 1310 1305 1311 -1 1309 1299 1298 -1 1281 1298 1285 -1 1296 1023 972 -1 1296 1310 1027 -1 1023 1296 1027 -1 1286 1312 1313 -1 1290 1285 1300 -1 1288 1286 1314 -1 1292 1315 1293 -1 1028 1027 1316 -1 1317 1308 1304 -1 1311 1318 1310 -1 1318 1027 1310 -1 1319 1308 1320 -1 1309 1308 1299 -1 1028 1316 1321 -1 1308 1319 1299 -1 1300 1299 1322 -1 1321 1318 1323 -1 1029 1028 1321 -1 1292 1300 1324 -1 1292 1290 1300 -1 1286 1325 1312 -1 1315 1292 1324 -1 1302 1293 1315 -1 1326 1313 1312 -1 1323 1059 1321 -1 1029 1321 1059 -1 1314 1286 1313 -1 1044 1029 1059 -1 1288 1314 1301 -1 1305 1302 1306 -1 1294 1302 1305 -1 1277 1301 1297 -1 1277 1297 1278 -1 1311 1305 1327 -1 1052 1059 1328 -1 1328 1078 1052 -1 1297 1304 1284 -1 1308 1317 1320 -1 1316 1027 1318 -1 1318 1321 1316 -1 1078 1328 1329 -1 1300 1322 1324 -1 1315 1330 1302 -1 1306 1302 1330 -1 1306 1330 1331 -1 1301 1314 1332 -1 1333 1301 1332 -1 1328 1334 1335 -1 1331 1330 1336 -1 1329 1328 1335 -1 1325 1337 1312 -1 1329 1335 1338 -1 1307 1306 1331 -1 1305 1307 1327 -1 1314 1313 1332 -1 1326 1332 1313 -1 1078 1329 1087 -1 1318 1311 1339 -1 1339 1323 1318 -1 1340 1333 1341 -1 1333 1340 1301 -1 1304 1341 1317 -1 1334 1328 1059 -1 1330 1315 1342 -1 1329 1343 1133 -1 1327 1331 1344 -1 1087 1329 1133 -1 1307 1331 1327 -1 1297 1301 1340 -1 1339 1311 1327 -1 1297 1340 1304 -1 1339 1345 1323 -1 1346 1320 1317 -1 1323 1345 1059 -1 1345 1334 1059 -1 1326 1347 1332 -1 1332 1347 1333 -1 1319 1348 1349 -1 1350 1334 1351 -1 1349 1299 1319 -1 1341 1304 1340 -1 1322 1299 1349 -1 1346 1317 1341 -1 1326 1312 1352 -1 1347 1326 1352 -1 1345 1339 1327 -1 1347 1353 1333 -1 1334 1345 1351 -1 1333 1353 1341 -1 1320 1346 1354 -1 1346 1355 1354 -1 1338 1343 1329 -1 1348 1320 1354 -1 1320 1348 1319 -1 1348 1354 1356 -1 1348 1356 1349 -1 1357 1324 1322 -1 1133 1343 1358 -1 1344 1331 1336 -1 1359 1345 1327 -1 1351 1345 1359 -1 1337 1352 1312 -1 1334 1360 1361 -1 1341 1355 1346 -1 1338 1361 1362 -1 1363 1349 1356 -1 1322 1349 1363 -1 1324 1357 1364 -1 1353 1355 1341 -1 1350 1365 1366 -1 1360 1350 1366 -1 1354 1355 1367 -1 1361 1360 1368 -1 1360 1366 1368 -1 1335 1361 1338 -1 1322 1363 1357 -1 1358 1338 1362 -1 1368 1362 1361 -1 1357 1363 1369 -1 1358 1370 1133 -1 1347 1352 1371 -1 1133 1370 1134 -1 1356 1354 1372 -1 1315 1324 1364 -1 1342 1315 1364 -1 1336 1330 1342 -1 1344 1336 1373 -1 1359 1344 1374 -1 1327 1344 1359 -1 1375 1350 1351 -1 1350 1360 1334 -1 1335 1334 1361 -1 1343 1338 1358 -1 1366 1365 1376 -1 1377 1376 1365 -1 1368 1366 1378 -1 1366 1376 1378 -1 1369 1364 1357 -1 1368 1379 1362 -1 1354 1367 1380 -1 1380 1372 1354 -1 1356 1372 1363 -1 1358 1362 1370 -1 1370 1381 1134 -1 1382 1351 1383 -1 1375 1351 1382 -1 1365 1350 1375 -1 1384 1362 1379 -1 1362 1384 1370 -1 1381 1178 1134 -1 1382 1377 1375 -1 1375 1377 1365 -1 1353 1347 1371 -1 1371 1385 1353 -1 1377 1378 1376 -1 1378 1377 1386 -1 1378 1387 1368 -1 1364 1369 1388 -1 1364 1388 1389 -1 1386 1390 1378 -1 1344 1373 1374 -1 1391 1178 1381 -1 1383 1392 1382 -1 1382 1392 1393 -1 1352 1394 1371 -1 1370 1395 1381 -1 1382 1393 1377 -1 1363 1372 1396 -1 1387 1378 1390 -1 1368 1387 1397 -1 1353 1385 1398 -1 1363 1396 1369 -1 1399 1400 1401 -1 1355 1353 1398 -1 1367 1355 1402 -1 1397 1379 1368 -1 1355 1398 1402 -1 1388 1369 1403 -1 1404 1367 1401 -1 1364 1389 1342 -1 1384 1379 1405 -1 1342 1406 1336 -1 1391 1407 1178 -1 1359 1383 1351 -1 1386 1377 1393 -1 1179 1178 1407 -1 1369 1396 1408 -1 1409 1399 1402 -1 1399 1401 1402 -1 1402 1401 1367 -1 1410 1387 1390 -1 1397 1387 1410 -1 1405 1379 1397 -1 1405 1411 1384 -1 1412 1405 1410 -1 1411 1405 1412 -1 1412 1410 1413 -1 1367 1404 1380 -1 1370 1411 1395 -1 1391 1381 1395 -1 1407 1391 1395 -1 1395 1411 1412 -1 1394 1414 1371 -1 1414 1415 1400 -1 1373 1336 1406 -1 1371 1416 1385 -1 1398 1385 1416 -1 1400 1399 1417 -1 1373 1418 1374 -1 1386 1393 1419 -1 1370 1384 1411 -1 1389 1388 1420 -1 1342 1389 1420 -1 1406 1342 1420 -1 1404 1401 1421 -1 1415 1422 1400 -1 1407 1221 1179 -1 1396 1372 1423 -1 1424 1396 1423 -1 1425 1426 1396 -1 1408 1396 1426 -1 1417 1414 1400 -1 1359 1374 1427 -1 1409 1398 1416 -1 1403 1369 1408 -1 1401 1400 1428 -1 1402 1398 1409 -1 1405 1397 1410 -1 1403 1429 1388 -1 1430 1395 1412 -1 1412 1413 1430 -1 1388 1431 1420 -1 1407 1395 1432 -1 1418 1373 1406 -1 1433 1221 1407 -1 1394 1434 1414 -1 1423 1372 1380 -1 1359 1427 1383 -1 1414 1434 1415 -1 1371 1414 1416 -1 1390 1386 1435 -1 1410 1390 1436 -1 1417 1409 1416 -1 1422 1428 1400 -1 1401 1428 1437 -1 1409 1417 1399 -1 1418 1427 1374 -1 1380 1404 1421 -1 1393 1392 1419 -1 1425 1396 1424 -1 1386 1419 1435 -1 1435 1436 1390 -1 1410 1436 1413 -1 1416 1414 1417 -1 1432 1395 1438 -1 1437 1421 1401 -1 1388 1429 1431 -1 1433 1407 1432 -1 1406 1420 1431 -1 1431 1439 1406 -1 1406 1439 1418 -1 1440 1422 1415 -1 1408 1426 1441 -1 1442 1413 1436 -1 1403 1408 1443 -1 1403 1443 1429 -1 1430 1413 1444 -1 1439 1431 1445 -1 1423 1380 1446 -1 1383 1427 1447 -1 1383 1447 1392 -1 1440 1415 1434 -1 1448 1436 1435 -1 1448 1442 1436 -1 1429 1443 1431 -1 1437 1449 1421 -1 1445 1431 1450 -1 1395 1430 1451 -1 1380 1421 1446 -1 1424 1423 1446 -1 1426 1425 1452 -1 1453 1440 1434 -1 1440 1453 1454 -1 1427 1418 1439 -1 1455 1438 1395 -1 1445 1456 1439 -1 1457 1427 1439 -1 1457 1439 1456 -1 1434 1394 1458 -1 1457 1447 1427 -1 1447 1459 1392 -1 1422 1440 1460 -1 1422 1460 1428 -1 1419 1392 1461 -1 1461 1435 1419 -1 1462 1441 1426 -1 1444 1413 1442 -1 1441 1443 1408 -1 1455 1395 1451 -1 1449 1463 1421 -1 1421 1463 1464 -1 1446 1421 1464 -1 1446 1465 1424 -1 1425 1424 1452 -1 1443 1441 1466 -1 1431 1443 1467 -1 1450 1431 1467 -1 1443 1466 1467 -1 1450 1467 1468 -1 1456 1469 1457 -1 1447 1457 1469 -1 1470 1441 1462 -1 1460 1440 1454 -1 1466 1441 1470 -1 1437 1428 1449 -1 1450 1471 1445 -1 1430 1444 1451 -1 1472 1456 1445 -1 1459 1447 1469 -1 1459 1461 1392 -1 1452 1424 1465 -1 1435 1461 1448 -1 1458 1473 1434 -1 1462 1426 1452 -1 1453 1434 1473 -1 1449 1428 1460 -1 1444 1474 1451 -1 1466 1470 1475 -1 1467 1466 1468 -1 1450 1468 1476 -1 1471 1450 1476 -1 1445 1471 1472 -1 1449 1460 1477 -1 1465 1446 1464 -1 1462 1452 1478 -1 1479 1468 1475 -1 1466 1475 1468 -1 1456 1472 1480 -1 1481 1456 1480 -1 1481 1469 1456 -1 1481 1459 1469 -1 1464 1463 1482 -1 1478 1452 1465 -1 1463 1449 1483 -1 1442 1474 1444 -1 1484 1468 1479 -1 1453 1473 1485 -1 1454 1453 1486 -1 1451 1474 1487 -1 1483 1449 1477 -1 1484 1476 1468 -1 1488 1471 1476 -1 1461 1459 1489 -1 1490 1448 1461 -1 1462 1478 1491 -1 1470 1462 1492 -1 1475 1470 1493 -1 1486 1453 1485 -1 1438 1455 1494 -1 1495 1477 1460 -1 1484 1496 1476 -1 1472 1471 1488 -1 1479 1475 1497 -1 1454 1495 1460 -1 1496 1498 1476 -1 1489 1459 1481 -1 1482 1465 1464 -1 1455 1451 1487 -1 1475 1493 1497 -1 1488 1476 1498 -1 1499 1480 1472 -1 1480 1500 1481 -1 1501 1442 1448 -1 1501 1502 1442 -1 1487 1494 1455 -1 1492 1462 1491 -1 1493 1470 1492 -1 1479 1497 1503 -1 1485 1504 1486 -1 1484 1479 1496 -1 1504 1454 1486 -1 1495 1454 1504 -1 1472 1488 1499 -1 1490 1461 1489 -1 1458 1505 1473 -1 1506 1491 1478 -1 1496 1479 1503 -1 1488 1498 1507 -1 1500 1480 1499 -1 1508 1481 1500 -1 1482 1463 1483 -1 1509 1465 1482 -1 1502 1474 1442 -1 1493 1492 1491 -1 1510 1485 1473 -1 1487 1474 1511 -1 1495 1504 1512 -1 1488 1507 1499 -1 1481 1508 1489 -1 1478 1465 1513 -1 1490 1489 1514 -1 1448 1490 1501 -1 1506 1478 1513 -1 1473 1505 1510 -1 1496 1503 1515 -1 1512 1516 1495 -1 1495 1516 1477 -1 1483 1477 1516 -1 1509 1482 1483 -1 1490 1517 1501 -1 1493 1491 1506 -1 1518 1497 1493 -1 1503 1497 1519 -1 1483 1516 1520 -1 1515 1498 1496 -1 1498 1515 1521 -1 1500 1499 1522 -1 1523 1508 1500 -1 1508 1514 1489 -1 1490 1514 1517 -1 1498 1521 1524 -1 1507 1522 1499 -1 1504 1485 1510 -1 1510 1525 1504 -1 1500 1522 1523 -1 1526 1504 1525 -1 1526 1512 1504 -1 1506 1513 1527 -1 1518 1519 1497 -1 1515 1503 1528 -1 1528 1521 1515 -1 1507 1498 1524 -1 1514 1508 1529 -1 1483 1520 1509 -1 1518 1493 1527 -1 1474 1502 1530 -1 1511 1474 1530 -1 1509 1531 1465 -1 1513 1465 1532 -1 1532 1533 1513 -1 1527 1513 1533 -1 1501 1517 1534 -1 1506 1527 1493 -1 1534 1502 1501 -1 1520 1516 1535 -1 1507 1524 1536 -1 1509 1520 1531 -1 1523 1529 1508 -1 1465 1531 1532 -1 1529 1537 1514 -1 1517 1514 1537 -1 1538 1502 1534 -1 1539 1528 1503 -1 1516 1512 1535 -1 1520 1535 1540 -1 1524 1521 1541 -1 1536 1524 1541 -1 1507 1542 1522 -1 1543 1518 1527 -1 1512 1526 1535 -1 1542 1507 1536 -1 1537 1529 1544 -1 1545 1534 1517 -1 1502 1538 1530 -1 1528 1546 1521 -1 1531 1520 1540 -1 1547 1523 1548 -1 1529 1523 1547 -1 1533 1549 1527 -1 1518 1543 1550 -1 1503 1519 1539 -1 1551 1540 1535 -1 1533 1532 1552 -1 1537 1545 1517 -1 1534 1545 1553 -1 1554 1518 1550 -1 1555 1518 1554 -1 1546 1541 1521 -1 1541 1546 1536 -1 1526 1525 1551 -1 1535 1526 1551 -1 1556 1522 1542 -1 1523 1522 1556 -1 1548 1523 1556 -1 1543 1527 1549 -1 1518 1555 1519 -1 1546 1528 1557 -1 1556 1542 1558 -1 1545 1537 1559 -1 1560 1510 1505 -1 1525 1510 1560 -1 1531 1552 1532 -1 1538 1534 1553 -1 1539 1519 1555 -1 1561 1546 1557 -1 1536 1546 1561 -1 1562 1551 1525 -1 1559 1563 1545 -1 1545 1563 1553 -1 1538 1553 1564 -1 1528 1539 1565 -1 1562 1525 1560 -1 1544 1559 1537 -1 1539 1555 1565 -1 1556 1558 1548 -1 1529 1547 1566 -1 1533 1552 1567 -1 1554 1550 1568 -1 1557 1528 1565 -1 1553 1563 1569 -1 1549 1533 1567 -1 1561 1557 1570 -1 1542 1536 1571 -1 1542 1571 1572 -1 1573 1552 1531 -1 1544 1529 1566 -1 1574 1544 1566 -1 1559 1544 1574 -1 1549 1550 1543 -1 1565 1555 1575 -1 1575 1557 1565 -1 1571 1536 1561 -1 1576 1542 1572 -1 1558 1542 1576 -1 1540 1551 1577 -1 1559 1574 1563 -1 1569 1563 1574 -1 1569 1564 1553 -1 1578 1568 1550 -1 1531 1540 1577 -1 1549 1567 1579 -1 1557 1575 1580 -1 1551 1562 1581 -1 1573 1531 1577 -1 1550 1549 1579 -1 1582 1550 1579 -1 1555 1554 1583 -1 1555 1583 1575 -1 1570 1571 1561 -1 1574 1566 1584 -1 1574 1585 1569 -1 1567 1552 1586 -1 1578 1550 1582 -1 1583 1554 1568 -1 1580 1575 1587 -1 1557 1580 1570 -1 1548 1558 1588 -1 1585 1574 1584 -1 1576 1588 1558 -1 1551 1581 1577 -1 1547 1548 1589 -1 1566 1547 1589 -1 1552 1573 1586 -1 1582 1579 1590 -1 1578 1591 1568 -1 1575 1583 1587 -1 1570 1580 1592 -1 1592 1593 1570 -1 1562 1560 1594 -1 1571 1570 1593 -1 1572 1571 1595 -1 1596 1585 1584 -1 1569 1585 1597 -1 1564 1569 1597 -1 1578 1582 1590 -1 1583 1568 1591 -1 1581 1562 1594 -1 1548 1588 1589 -1 1578 1598 1591 -1 1571 1593 1599 -1 1588 1576 1600 -1 1589 1588 1600 -1 1584 1566 1601 -1 1585 1596 1597 -1 1581 1594 1602 -1 1577 1581 1603 -1 1598 1578 1604 -1 1580 1587 1592 -1 1576 1572 1595 -1 1566 1589 1601 -1 1579 1567 1605 -1 1578 1590 1604 -1 1595 1571 1599 -1 1596 1584 1606 -1 1602 1603 1581 -1 1577 1603 1607 -1 1607 1573 1577 -1 1567 1586 1608 -1 1595 1600 1576 -1 1601 1589 1609 -1 1606 1584 1610 -1 1587 1583 1591 -1 1593 1592 1611 -1 1599 1593 1611 -1 1612 1595 1599 -1 1590 1579 1605 -1 1591 1598 1613 -1 1587 1591 1614 -1 1595 1612 1615 -1 1601 1609 1610 -1 1584 1601 1610 -1 1605 1567 1608 -1 1613 1598 1604 -1 1616 1611 1592 -1 1611 1612 1599 -1 1615 1600 1595 -1 1607 1586 1573 -1 1592 1587 1617 -1 1600 1615 1618 -1 1589 1600 1609 -1 1611 1616 1612 -1 1615 1612 1619 -1 1610 1609 1620 -1 1590 1605 1621 -1 1613 1614 1591 -1 1592 1617 1616 -1 1619 1618 1615 -1 1600 1618 1609 -1 1604 1590 1622 -1 1613 1604 1623 -1 1623 1614 1613 -1 1623 1587 1614 -1 1587 1623 1617 -1 1612 1616 1617 -1 1620 1609 1618 -1 1608 1586 1624 -1 1621 1605 1625 -1 1590 1621 1622 -1 1623 1604 1622 -1 1626 1612 1617 -1 1612 1626 1619 -1 1627 1586 1607 -1 1608 1628 1605 -1 1625 1605 1628 -1 1619 1629 1618 -1 1630 1603 1602 -1 1630 1607 1603 -1 1627 1624 1586 -1 1622 1621 1631 -1 1623 1632 1617 -1 1619 1626 1633 -1 1620 1618 1629 -1 1621 1625 1634 -1 1634 1631 1621 -1 1623 1622 1635 -1 1626 1617 1632 -1 1633 1626 1636 -1 1637 1619 1633 -1 1607 1630 1638 -1 1608 1624 1628 -1 1629 1619 1637 -1 1638 1627 1607 -1 1631 1634 1639 -1 1631 1635 1622 -1 1640 1623 1635 -1 1623 1640 1632 -1 1641 1633 1636 -1 1624 1642 1628 -1 1639 1634 1643 -1 1626 1632 1636 -1 1625 1628 1642 -1 1642 1634 1625 -1 1635 1631 1644 -1 1642 1624 1645 -1 1646 1624 1627 -1 1634 1642 1647 -1 1639 1644 1631 -1 1633 1648 1637 -1 1638 1646 1627 -1 1647 1643 1634 -1 1649 1639 1643 -1 1635 1644 1640 -1 1636 1632 1650 -1 1636 1650 1641 -1 1648 1633 1641 -1 1645 1647 1642 -1 1644 1639 1651 -1 1650 1632 1640 -1 1650 1652 1653 -1 1650 1653 1641 -1 1638 1654 1646 -1 1648 1641 1653 -1 1645 1624 1646 -1 1646 1655 1645 -1 1656 1643 1647 -1 1651 1639 1649 -1 1640 1644 1651 -1 1640 1657 1650 -1 1657 1652 1650 -1 1649 1643 1656 -1 1657 1640 1651 -1 1658 1646 1654 -1 1646 1658 1655 -1 1645 1655 1659 -1 1658 1654 1660 -1 1661 1662 1657 -1 1662 1663 1657 -1 1657 1663 1652 -1 1655 1664 1659 -1 1659 1647 1645 -1 1656 1647 1665 -1 1649 1661 1651 -1 1651 1661 1657 -1 1661 1666 1662 -1 1663 1662 1666 -1 1667 1660 1668 -1 1667 1658 1660 -1 1667 1655 1658 -1 1655 1667 1664 -1 1666 1661 1649 -1 1669 1666 1670 -1 1666 1669 1663 -1 1665 1671 1656 -1 1672 1656 1671 -1 1647 1659 1665 -1 1671 1665 1673 -1 1670 1656 1672 -1 1656 1670 1649 -1 1670 1666 1649 -1 1673 1674 1671 -1 205 193 1675 -1 205 1675 216 -1 1676 1677 1675 -1 1678 676 1679 -1 676 1678 651 -1 1680 651 1678 -1 1681 1682 667 -1 667 1682 668 -1 1683 1684 1685 -1 234 1686 156 -1 1686 234 1687 -1 156 1686 193 -1 645 1679 676 -1 1683 1688 1684 -1 1688 1680 1684 -1 1686 1675 193 -1 1684 1680 1678 -1 651 1680 658 -1 1677 1676 1689 -1 1677 216 1675 -1 633 1677 667 -1 1675 1686 1676 -1 1681 1690 1682 -1 223 1691 1692 -1 1690 1679 1682 -1 1689 1681 1677 -1 1693 1681 1689 -1 1679 645 1682 -1 223 1692 234 -1 1684 1678 1694 -1 633 216 1677 -1 667 1677 1681 -1 1679 1695 1678 -1 1688 1696 1680 -1 1676 1697 1698 -1 658 1680 734 -1 1688 1683 1699 -1 1696 1700 1680 -1 1696 709 1700 -1 709 1696 763 -1 1700 734 1680 -1 274 281 1691 -1 1692 1701 1702 -1 1690 1693 1698 -1 274 1691 257 -1 1703 1679 1690 -1 257 1691 223 -1 1704 234 1692 -1 1685 1684 1694 -1 1678 1695 1694 -1 1687 1705 1706 -1 1687 1706 1686 -1 1697 1676 1706 -1 645 668 1682 -1 1686 1706 1676 -1 1698 1693 1676 -1 1689 1676 1693 -1 1690 1681 1693 -1 1688 1699 1707 -1 1707 1699 1708 -1 1707 1696 1688 -1 1709 763 1707 -1 1707 763 1696 -1 286 1710 281 -1 734 1700 662 -1 662 1700 709 -1 1711 1702 1701 -1 1698 1703 1690 -1 1679 1703 1695 -1 1683 1712 1699 -1 1713 1699 1712 -1 1691 1701 1692 -1 1702 1714 1692 -1 1692 1714 1704 -1 1715 1705 1714 -1 1716 1697 1706 -1 763 1709 797 -1 797 1709 1717 -1 286 335 1710 -1 335 1718 1710 -1 1710 1719 1720 -1 1710 1720 281 -1 1701 281 1720 -1 1721 1702 1711 -1 1691 281 1701 -1 1722 1723 1715 -1 1714 1722 1715 -1 1715 1723 1724 -1 1716 1705 1715 -1 1704 1714 1705 -1 1704 1705 1687 -1 234 1704 1687 -1 1716 1706 1705 -1 1725 1703 1698 -1 1726 1697 1716 -1 1725 1697 1726 -1 1697 1725 1698 -1 1685 1727 1683 -1 1712 1683 1727 -1 1728 1729 1713 -1 1699 1713 1729 -1 1709 1730 1717 -1 1731 1717 1730 -1 1710 1732 1719 -1 1719 1733 1720 -1 1731 1734 869 -1 801 1731 869 -1 1735 1721 1711 -1 1695 1703 1736 -1 1714 1702 1722 -1 1694 1737 1685 -1 1738 1723 1722 -1 1723 1738 1724 -1 1715 1724 1716 -1 1708 1699 1729 -1 1730 1734 1731 -1 1717 1731 854 -1 854 1731 801 -1 1707 1708 1709 -1 1725 1736 1703 -1 1739 1737 1736 -1 1736 1737 1694 -1 1695 1736 1694 -1 1727 1685 1740 -1 1737 1740 1685 -1 1721 1735 1741 -1 1728 1742 1743 -1 1728 1743 1729 -1 1708 1729 1743 -1 1744 1719 1732 -1 1708 1730 1709 -1 1732 1718 1745 -1 1718 1732 1710 -1 335 1745 1718 -1 1730 1746 1734 -1 1733 1719 1744 -1 854 797 1717 -1 1735 1711 1733 -1 1720 1733 1711 -1 1720 1711 1701 -1 869 1734 1747 -1 1716 1724 1726 -1 1727 1748 1712 -1 1748 1713 1712 -1 1732 1749 1750 -1 1732 1750 1744 -1 1744 1750 1751 -1 1702 1721 1752 -1 1732 1745 1749 -1 1746 1730 1753 -1 1733 1744 1735 -1 1746 1747 1734 -1 1702 1752 1722 -1 953 1274 877 -1 1754 1748 1727 -1 1713 1755 1756 -1 1725 1757 1736 -1 1740 1758 1727 -1 1750 1749 1759 -1 1740 1737 1739 -1 1751 1760 1744 -1 1741 1744 1760 -1 1744 1741 1735 -1 1728 1713 1756 -1 1742 1728 1756 -1 1726 1761 1725 -1 1748 1754 1762 -1 1753 1730 1743 -1 1708 1743 1730 -1 1755 1713 1748 -1 953 869 1747 -1 953 1747 1274 -1 1759 1763 1750 -1 1725 1761 1757 -1 1739 1736 1757 -1 1742 1753 1743 -1 1741 1752 1721 -1 1286 1274 1747 -1 1758 1754 1727 -1 1755 1748 1764 -1 1765 1757 1761 -1 1739 1757 1740 -1 1750 1766 1751 -1 1760 1751 1767 -1 1760 1768 1741 -1 1748 1762 1764 -1 1750 1763 1766 -1 1767 1751 1766 -1 1756 1755 1769 -1 1756 1769 1770 -1 1768 1771 1741 -1 1752 1741 1771 -1 1742 1756 1770 -1 1753 1742 1770 -1 1746 1772 1747 -1 1325 1286 1747 -1 1753 1770 1773 -1 1760 1767 1774 -1 1722 1752 1771 -1 1775 1766 1763 -1 1764 1762 1776 -1 1764 1769 1755 -1 1765 1777 1757 -1 1740 1757 1777 -1 1778 1760 1774 -1 1768 1760 1778 -1 1769 1764 1779 -1 1753 1780 1746 -1 1325 1747 1781 -1 1781 1747 1772 -1 1746 1780 1772 -1 1754 1758 1782 -1 1782 1762 1754 -1 1783 1722 1771 -1 1758 1740 1777 -1 1726 1724 1784 -1 1785 1772 1780 -1 1337 1325 1781 -1 1771 1768 1786 -1 1783 1787 1722 -1 1776 1788 1764 -1 1789 1764 1788 -1 1789 1779 1764 -1 1776 1762 1782 -1 1761 1790 1765 -1 1773 1769 1791 -1 1769 1773 1770 -1 1792 1767 1766 -1 1791 1769 1793 -1 1780 1753 1773 -1 1722 1787 1738 -1 1784 1724 1738 -1 1726 1784 1790 -1 1790 1761 1726 -1 1782 1758 1777 -1 1794 1777 1765 -1 1785 1781 1772 -1 1769 1779 1795 -1 1775 1792 1766 -1 1791 1780 1773 -1 1780 1791 1785 -1 1352 1337 1796 -1 1782 1777 1794 -1 1789 1795 1779 -1 1782 1797 1776 -1 1788 1776 1797 -1 1795 1789 1798 -1 1793 1769 1795 -1 1791 1793 1799 -1 1792 1775 1800 -1 1767 1801 1774 -1 1791 1799 1785 -1 1786 1768 1778 -1 1785 1796 1337 -1 1783 1771 1786 -1 1337 1781 1785 -1 1784 1738 1787 -1 1797 1802 1788 -1 1789 1788 1802 -1 1798 1793 1795 -1 1801 1767 1792 -1 1793 1803 1799 -1 1799 1803 1796 -1 1783 1804 1787 -1 1799 1796 1785 -1 1787 1805 1784 -1 1806 1792 1800 -1 1807 1783 1786 -1 1797 1782 1808 -1 1794 1808 1782 -1 1783 1809 1804 -1 1352 1796 1810 -1 1801 1778 1774 -1 1786 1778 1811 -1 1783 1807 1809 -1 1787 1804 1805 -1 1796 1803 1812 -1 1802 1813 1814 -1 1352 1810 1394 -1 1789 1815 1798 -1 1778 1801 1816 -1 1817 1803 1793 -1 1804 1809 1818 -1 1819 1784 1805 -1 1784 1819 1790 -1 1793 1798 1817 -1 1803 1817 1812 -1 1802 1797 1820 -1 1810 1796 1812 -1 1800 1821 1806 -1 1815 1789 1802 -1 1801 1792 1806 -1 1816 1811 1778 -1 1811 1807 1786 -1 1822 1809 1807 -1 1765 1790 1823 -1 1794 1765 1823 -1 1813 1802 1820 -1 1797 1808 1820 -1 1802 1814 1815 -1 1824 1798 1815 -1 1811 1822 1807 -1 1805 1804 1818 -1 1825 1817 1798 -1 1814 1813 1826 -1 1827 1814 1826 -1 1813 1820 1808 -1 1828 1801 1806 -1 1816 1801 1828 -1 1829 1816 1830 -1 1811 1816 1829 -1 1822 1811 1829 -1 1823 1790 1819 -1 1831 1813 1832 -1 1826 1813 1831 -1 1830 1816 1828 -1 1818 1809 1833 -1 1817 1825 1812 -1 1832 1813 1808 -1 1814 1834 1815 -1 1824 1815 1834 -1 1823 1832 1794 -1 1794 1832 1808 -1 1834 1814 1827 -1 1835 1822 1829 -1 1798 1824 1825 -1 1806 1821 1836 -1 1837 1831 1832 -1 1838 1828 1806 -1 1828 1838 1830 -1 1839 1830 1840 -1 1830 1839 1829 -1 1809 1822 1835 -1 1833 1809 1835 -1 1827 1826 1841 -1 1831 1837 1842 -1 1806 1836 1838 -1 1826 1831 1842 -1 1830 1838 1843 -1 1843 1840 1830 -1 1834 1844 1824 -1 1805 1818 1845 -1 1846 1841 1826 -1 1826 1842 1846 -1 1810 1812 1847 -1 1458 1394 1810 -1 1823 1819 1848 -1 1821 1849 1836 -1 1832 1823 1837 -1 1829 1839 1835 -1 1850 1835 1839 -1 1833 1835 1851 -1 1844 1834 1852 -1 1834 1827 1852 -1 1458 1810 1847 -1 1819 1805 1853 -1 1823 1854 1837 -1 1843 1838 1855 -1 1839 1840 1856 -1 1846 1857 1841 -1 1858 1833 1851 -1 1844 1859 1824 -1 1825 1824 1860 -1 1837 1846 1842 -1 1823 1848 1854 -1 1846 1837 1854 -1 1851 1835 1850 -1 1859 1860 1824 -1 1852 1827 1857 -1 1827 1841 1857 -1 1857 1846 1861 -1 1812 1825 1860 -1 1818 1833 1858 -1 1812 1862 1847 -1 1848 1819 1853 -1 1836 1849 1863 -1 1836 1855 1838 -1 1843 1856 1840 -1 1859 1844 1864 -1 1860 1862 1812 -1 1852 1864 1844 -1 1839 1856 1865 -1 1850 1839 1865 -1 1851 1850 1866 -1 1818 1858 1845 -1 1861 1846 1867 -1 1854 1867 1846 -1 1843 1855 1868 -1 1836 1863 1855 -1 1458 1847 1505 -1 1852 1857 1869 -1 1867 1854 1870 -1 1848 1870 1854 -1 1868 1856 1843 -1 1852 1869 1864 -1 1859 1871 1860 -1 1871 1862 1860 -1 1805 1845 1853 -1 1855 1863 1872 -1 1872 1868 1855 -1 1869 1857 1861 -1 1856 1868 1873 -1 1871 1859 1874 -1 1850 1865 1866 -1 1873 1868 1875 -1 1865 1856 1873 -1 1876 1866 1877 -1 1870 1848 1878 -1 1869 1861 1879 -1 1876 1858 1851 -1 1866 1876 1851 -1 1858 1880 1845 -1 1881 1862 1882 -1 1875 1872 1883 -1 1868 1872 1875 -1 1866 1865 1877 -1 1864 1884 1859 -1 1847 1862 1881 -1 1885 1875 1886 -1 1877 1865 1873 -1 1887 1859 1884 -1 1874 1859 1888 -1 1880 1858 1876 -1 1867 1879 1861 -1 1862 1871 1882 -1 1873 1875 1885 -1 1878 1848 1853 -1 1889 1869 1879 -1 1884 1864 1869 -1 1890 1876 1877 -1 1891 1882 1871 -1 1886 1875 1883 -1 1873 1885 1890 -1 1892 1867 1870 -1 1869 1889 1884 -1 1888 1859 1887 -1 1874 1891 1871 -1 1877 1873 1890 -1 1886 1883 1893 -1 1885 1894 1890 -1 1876 1890 1895 -1 1885 1896 1894 -1 1879 1867 1892 -1 1870 1878 1892 -1 1889 1879 1897 -1 1887 1884 1898 -1 1899 1874 1888 -1 1900 1886 1893 -1 1885 1886 1896 -1 1895 1890 1901 -1 1880 1876 1895 -1 1884 1889 1897 -1 1874 1899 1891 -1 1902 1882 1891 -1 1878 1853 1903 -1 1879 1892 1904 -1 1897 1879 1904 -1 1894 1901 1890 -1 1505 1847 1881 -1 1900 1893 1905 -1 1884 1906 1898 -1 1907 1882 1902 -1 1896 1886 1900 -1 1881 1882 1908 -1 1878 1903 1892 -1 1891 1899 1909 -1 1902 1891 1909 -1 1905 1910 1900 -1 1894 1896 1911 -1 1901 1894 1911 -1 1908 1882 1907 -1 1903 1853 1912 -1 1906 1884 1897 -1 1888 1887 1899 -1 1902 1909 1913 -1 1845 1880 1914 -1 1914 1853 1845 -1 1915 1892 1903 -1 1898 1899 1887 -1 1896 1900 1916 -1 1915 1904 1892 -1 1910 1916 1900 -1 1897 1904 1917 -1 1918 1898 1906 -1 1899 1898 1919 -1 1899 1919 1909 -1 1902 1913 1907 -1 1916 1911 1896 -1 1920 1921 1911 -1 1901 1911 1921 -1 1922 1907 1913 -1 1505 1881 1908 -1 1853 1914 1912 -1 1907 1922 1908 -1 1919 1898 1918 -1 1895 1901 1921 -1 1906 1897 1923 -1 1897 1917 1923 -1 1915 1903 1924 -1 1924 1903 1912 -1 1915 1917 1904 -1 1925 1906 1923 -1 1911 1916 1926 -1 1925 1918 1906 -1 1919 1918 1927 -1 1505 1908 1560 -1 1928 1880 1895 -1 1914 1880 1928 -1 1915 1924 1929 -1 1930 1923 1917 -1 1918 1925 1931 -1 1917 1915 1929 -1 1920 1911 1932 -1 1933 1934 1921 -1 1895 1921 1935 -1 1913 1909 1936 -1 1930 1937 1923 -1 1911 1926 1932 -1 1921 1920 1933 -1 1938 1909 1919 -1 1928 1895 1935 -1 1922 1913 1936 -1 1908 1922 1939 -1 1925 1923 1937 -1 1927 1940 1919 -1 1938 1919 1940 -1 1909 1938 1936 -1 1941 1922 1936 -1 1914 1928 1942 -1 1939 1922 1941 -1 1912 1914 1942 -1 1931 1927 1918 -1 1931 1925 1937 -1 1935 1921 1934 -1 1912 1942 1943 -1 1908 1939 1560 -1 1944 1912 1943 -1 1924 1912 1944 -1 1930 1917 1929 -1 1933 1920 1932 -1 1941 1936 1938 -1 1937 1930 1929 -1 1594 1560 1939 -1 1937 1945 1931 -1 1946 1927 1931 -1 1935 1947 1928 -1 1942 1928 1947 -1 1937 1929 1948 -1 1926 1949 1950 -1 1941 1938 1951 -1 1927 1946 1952 -1 1932 1926 1950 -1 1952 1940 1927 -1 1931 1945 1946 -1 1933 1932 1953 -1 1938 1940 1954 -1 1938 1955 1951 -1 1934 1933 1956 -1 1957 1935 1934 -1 1935 1957 1947 -1 1594 1939 1958 -1 1954 1955 1938 -1 1950 1953 1932 -1 1943 1942 1947 -1 1959 1944 1943 -1 1958 1939 1960 -1 1937 1948 1945 -1 1929 1924 1961 -1 1950 1949 1962 -1 1952 1946 1963 -1 1943 1947 1959 -1 1961 1924 1944 -1 1961 1948 1929 -1 1939 1941 1964 -1 1964 1960 1939 -1 1957 1934 1956 -1 1959 1947 1957 -1 1952 1954 1940 -1 1964 1941 1951 -1 1965 1950 1962 -1 1953 1956 1933 -1 1945 1948 1966 -1 1951 1955 1967 -1 1962 1949 1968 -1 1953 1950 1965 -1 1959 1957 1969 -1 1959 1970 1944 -1 1944 1970 1961 -1 1954 1971 1955 -1 1948 1961 1972 -1 1946 1945 1973 -1 1963 1946 1973 -1 1952 1963 1974 -1 1954 1952 1974 -1 1967 1955 1971 -1 1602 1594 1958 -1 1962 1968 1975 -1 1976 1957 1956 -1 1977 1959 1969 -1 1961 1970 1978 -1 1972 1961 1978 -1 1964 1951 1967 -1 1964 1979 1960 -1 1953 1965 1980 -1 1959 1977 1970 -1 1948 1972 1966 -1 1956 1953 1980 -1 1981 1976 1956 -1 1982 1972 1978 -1 1969 1957 1983 -1 1973 1945 1966 -1 1958 1960 1984 -1 1602 1958 1630 -1 1965 1962 1980 -1 1969 1983 1977 -1 1972 1982 1985 -1 1956 1980 1981 -1 1963 1973 1986 -1 1974 1963 1987 -1 1979 1984 1960 -1 1962 1975 1980 -1 1973 1966 1986 -1 1988 1976 1981 -1 1963 1986 1987 -1 1983 1957 1976 -1 1970 1977 1982 -1 1979 1964 1989 -1 1970 1982 1978 -1 1971 1954 1974 -1 1630 1958 1984 -1 1990 1982 1977 -1 1967 1971 1991 -1 1992 1981 1980 -1 1983 1976 1988 -1 1990 1977 1983 -1 1993 1990 1983 -1 1985 1982 1994 -1 1966 1972 1985 -1 1974 1987 1971 -1 1964 1967 1991 -1 1964 1991 1989 -1 1979 1989 1984 -1 1982 1990 1994 -1 1971 1987 1995 -1 1986 1966 1985 -1 1987 1986 1996 -1 1988 1981 1992 -1 1988 1997 1983 -1 1998 1986 1985 -1 1991 1971 1999 -1 1984 1638 1630 -1 1995 1987 1996 -1 1996 1986 1998 -1 1999 1971 1995 -1 1984 2000 1638 -1 1980 1975 2001 -1 2002 1992 1980 -1 1993 1983 1997 -1 1989 1991 1999 -1 2000 1984 1989 -1 2003 1997 1988 -1 1980 2001 2002 -1 1654 1638 2000 -1 1993 2004 1990 -1 1994 1990 2004 -1 1998 1985 2005 -1 2005 1985 1994 -1 2002 2006 1992 -1 2003 1988 1992 -1 1989 1999 2007 -1 1989 2007 2000 -1 2008 1998 2005 -1 1996 1998 2008 -1 1999 1995 2009 -1 2000 2010 1654 -1 2006 2003 1992 -1 1997 2003 2011 -1 2002 2001 2012 -1 2006 2002 2012 -1 2004 1993 1997 -1 2005 1994 2013 -1 2008 2014 1996 -1 1996 2015 1995 -1 2009 1995 2015 -1 2015 1996 2014 -1 2010 2000 2007 -1 2016 1654 2010 -1 1660 1654 2016 -1 2017 2004 1997 -1 2007 1999 2009 -1 2018 1660 2016 -1 1660 2018 1668 -1 2001 2019 2012 -1 2005 2013 2020 -1 2008 2005 2020 -1 2017 1997 2011 -1 2008 2021 2014 -1 2015 2014 2022 -1 2015 2023 2009 -1 2009 2023 2007 -1 2007 2024 2010 -1 2016 2025 2018 -1 1994 2004 2026 -1 2024 2016 2010 -1 2026 2013 1994 -1 2022 2014 2021 -1 2015 2022 2023 -1 2006 2012 2027 -1 2024 2007 2023 -1 2028 2029 2030 -1 2031 2032 2033 -1 2033 2034 2035 -1 2036 2037 2038 -1 2038 2037 2039 -1 2040 2041 2039 -1 2042 2043 2044 -1 2043 2042 2045 -1 2046 2047 2048 -1 2049 2050 2043 -1 2050 2049 2051 -1 2052 2008 2020 -1 2053 2043 2045 -1 2049 2043 2053 -1 2008 2052 2021 -1 2054 2049 2053 -1 2012 2019 2055 -1 2056 2057 2058 -1 2059 2060 2056 -1 2006 2027 2003 -1 2056 2060 2061 -1 2011 2003 2027 -1 2060 2062 2061 -1 2062 2060 2063 -1 2064 2065 2046 -1 2046 2048 2064 -1 2004 2017 2026 -1 2066 2067 2068 -1 2069 2064 2070 -1 2069 2070 2071 -1 2028 2072 2052 -1 2028 2052 2029 -1 2029 2073 2030 -1 2028 2030 2072 -1 2074 2075 2072 -1 2072 2030 2074 -1 2061 2070 2056 -1 2070 2061 2071 -1 2061 2062 2076 -1 2071 2061 2076 -1 2036 2077 2037 -1 2024 2078 2016 -1 2016 2078 2025 -1 2079 2044 2043 -1 2080 2081 2082 -1 2083 2082 2081 -1 2084 2085 2086 -1 2087 2084 2088 -1 2084 2041 2088 -1 2089 2018 2025 -1 2090 2091 2092 -1 2093 2091 2090 -1 2025 2078 2094 -1 2093 2090 2065 -1 2065 2090 2046 -1 2025 2094 2089 -1 2082 2083 2047 -1 2047 2083 2048 -1 2026 2091 2095 -1 2090 2082 2047 -1 2046 2090 2047 -1 2095 2013 2026 -1 2052 2020 2013 -1 2048 2058 2057 -1 2064 2048 2057 -1 2011 2096 2017 -1 2052 2072 2021 -1 2017 2096 2092 -1 2051 2097 2081 -1 2023 2022 2024 -1 2017 2092 2026 -1 2091 2026 2092 -1 2054 2051 2049 -1 2093 2095 2091 -1 2083 2081 2097 -1 2048 2083 2058 -1 2083 2097 2058 -1 2098 2093 2065 -1 2093 2052 2095 -1 2052 2093 2029 -1 2059 2058 2097 -1 2073 2093 2098 -1 2073 2029 2093 -1 2099 2073 2098 -1 2059 2056 2058 -1 2051 2054 2059 -1 2065 2064 2098 -1 2066 2059 2054 -1 2060 2059 2066 -1 2099 2064 2069 -1 2060 2066 2063 -1 2063 2066 2068 -1 2070 2064 2057 -1 2057 2056 2070 -1 2098 2064 2099 -1 2066 2054 2067 -1 2073 2099 2030 -1 2099 2074 2030 -1 2100 2074 2099 -1 2100 2099 2069 -1 2071 2100 2069 -1 2100 2071 2101 -1 2100 2101 2102 -1 2055 2103 2104 -1 2104 2103 2105 -1 2105 2106 2104 -1 2107 2106 2105 -1 2062 2036 2076 -1 2044 2079 2108 -1 2104 2106 2109 -1 2027 2012 2109 -1 2036 2063 2077 -1 2106 2107 2109 -1 2076 2036 2034 -1 2038 2034 2036 -1 2076 2101 2071 -1 2076 2033 2032 -1 2101 2076 2032 -1 2101 2032 2110 -1 2076 2034 2033 -1 2039 2037 2111 -1 2111 2037 2077 -1 2038 2035 2034 -1 2035 2038 2039 -1 2035 2041 2084 -1 2035 2039 2041 -1 2039 2111 2040 -1 2079 2043 2050 -1 2088 2041 2112 -1 2041 2040 2112 -1 2022 2021 2113 -1 2021 2072 2113 -1 2100 2075 2074 -1 2102 2075 2100 -1 2102 2101 2110 -1 2110 2032 2086 -1 2102 2110 2086 -1 2114 2085 2087 -1 2114 2086 2085 -1 2085 2084 2087 -1 2113 2114 2087 -1 2032 2031 2086 -1 2086 2031 2084 -1 2033 2035 2031 -1 2031 2035 2084 -1 2027 2109 2096 -1 2104 2012 2055 -1 2027 2096 2011 -1 2095 2052 2013 -1 2088 2112 2115 -1 2080 2096 2079 -1 2105 2108 2107 -1 2107 2108 2079 -1 2012 2104 2109 -1 2079 2050 2080 -1 2062 2063 2036 -1 2088 2116 2087 -1 2096 2109 2107 -1 2096 2080 2082 -1 2051 2081 2080 -1 2079 2096 2107 -1 2092 2096 2090 -1 2090 2096 2082 -1 2075 2113 2072 -1 2022 2113 2024 -1 2080 2050 2051 -1 2113 2075 2114 -1 2053 2117 2054 -1 2114 2075 2102 -1 2086 2114 2102 -1 2053 2118 2117 -1 2119 2045 2042 -1 2116 2024 2113 -1 2045 2119 2053 -1 2113 2087 2116 -1 2097 2051 2059 -1 2024 2116 2078 -1 2053 2119 2118 -1 1258 1248 2120 -1 1259 2120 1248 -1 2121 492 2122 -1 1262 1261 1258 -1 492 2121 495 -1 2122 492 1262 -1 2121 2123 495 -1 2124 2120 1259 -1 2122 1262 2125 -1 2126 2125 1262 -1 1262 1258 2127 -1 504 495 2123 -1 2127 2126 1262 -1 2120 2127 1258 -1 2125 2121 2122 -1 2125 2126 2128 -1 2128 2126 2129 -1 2129 2126 2127 -1 2127 2120 2130 -1 2130 2120 2124 -1 2121 2125 2131 -1 2132 504 2123 -1 2128 2131 2125 -1 2133 2123 2121 -1 2127 2130 2129 -1 2133 2121 2131 -1 2132 2123 2133 -1 511 504 2132 -1 511 2132 2134 -1 2135 2133 2131 -1 2128 2129 2136 -1 2129 2130 2137 -1 2130 2124 2138 -1 2133 2139 2132 -1 2133 2135 2139 -1 2138 2124 2140 -1 516 2141 2142 -1 2141 516 512 -1 2141 512 509 -1 511 2134 509 -1 2130 2138 2137 -1 2131 2128 2143 -1 2128 2136 2143 -1 2140 2144 2138 -1 2141 509 2134 -1 2139 2134 2132 -1 518 516 2142 -1 2142 2145 518 -1 2134 2142 2141 -1 2146 2134 2139 -1 518 2145 524 -1 2129 2137 2136 -1 2134 2146 2147 -1 2135 2148 2139 -1 2135 2131 2149 -1 2147 2145 2142 -1 2134 2147 2142 -1 2139 2150 2146 -1 2150 2139 2148 -1 2146 2150 2147 -1 2149 2131 2143 -1 2144 2137 2138 -1 2144 2140 2151 -1 526 524 2152 -1 2145 2153 524 -1 2145 2147 2153 -1 528 2154 519 -1 2148 2135 2155 -1 2135 2149 2155 -1 2148 2156 2150 -1 2157 2156 2148 -1 2148 2155 2157 -1 2151 2137 2144 -1 525 526 2158 -1 2159 2151 2140 -1 529 2160 528 -1 2161 529 525 -1 525 2158 2161 -1 2150 2162 2147 -1 2143 2136 2163 -1 2136 2137 2163 -1 2151 2164 2137 -1 526 2152 2158 -1 524 2153 2165 -1 2153 2147 2162 -1 2150 2156 2166 -1 2151 2159 2167 -1 2154 528 2168 -1 528 2160 2168 -1 2162 2150 2166 -1 2169 2156 2157 -1 2160 529 2170 -1 2149 2143 2171 -1 2164 2163 2137 -1 2172 2154 2168 -1 2167 2173 2151 -1 2169 2166 2156 -1 2161 2170 529 -1 2161 2158 2174 -1 2174 2158 2175 -1 2153 2162 2165 -1 2163 2171 2143 -1 2164 2151 2173 -1 2159 2176 2167 -1 2161 2174 2170 -1 2155 2149 2177 -1 2175 2158 2152 -1 2178 2162 2166 -1 2152 524 2179 -1 2165 2179 524 -1 2169 2180 2181 -1 2169 2157 2180 -1 2174 2182 2170 -1 2157 2155 2177 -1 2171 2177 2149 -1 2172 2183 2154 -1 2160 2170 2184 -1 2152 2179 2185 -1 2157 2177 2180 -1 2167 2186 2173 -1 2166 2169 2181 -1 2172 2168 2187 -1 2184 2170 2182 -1 2164 2173 2188 -1 2189 2167 2176 -1 2178 2165 2162 -1 2174 2175 2182 -1 2171 2163 2164 -1 2152 2185 2175 -1 2171 2164 2190 -1 2173 2186 2188 -1 2191 2192 2181 -1 2179 2165 2193 -1 2177 2171 2190 -1 2164 2188 2194 -1 2166 2181 2192 -1 2181 2180 2191 -1 2195 2186 2167 -1 2167 2189 2195 -1 2168 2196 2187 -1 2165 2178 2193 -1 2178 2166 2197 -1 2183 2172 2198 -1 2196 2168 2160 -1 2175 2199 2182 -1 2185 2199 2175 -1 2166 2192 2197 -1 2192 2191 2200 -1 2190 2164 2194 -1 2160 2184 2196 -1 2184 2182 2199 -1 2198 2172 2187 -1 2191 2180 2201 -1 2177 2201 2180 -1 2196 2202 2187 -1 2203 2204 2205 -1 2193 2178 2197 -1 2206 2196 2184 -1 2204 2203 2207 -1 2185 2208 2199 -1 2192 2200 2209 -1 2190 2201 2177 -1 2186 2195 2210 -1 2207 2211 2204 -1 2203 2212 2207 -1 2194 2188 2213 -1 2207 2214 2215 -1 2216 2198 2217 -1 2217 2198 2187 -1 2209 2197 2192 -1 2203 2205 2218 -1 2203 2218 2212 -1 2219 2211 2220 -1 2188 2186 2213 -1 2210 2195 2221 -1 2222 2220 2223 -1 2199 2208 2224 -1 2225 2185 2179 -1 2212 2214 2207 -1 2191 2201 2226 -1 2196 2227 2202 -1 2228 2229 2212 -1 2214 2212 2229 -1 2205 2204 2211 -1 2200 2191 2226 -1 2217 2187 2202 -1 2220 2222 2219 -1 2220 2211 2215 -1 2222 2223 2230 -1 2230 2231 2222 -1 2218 2205 2232 -1 2186 2210 2213 -1 2207 2215 2211 -1 2233 2212 2218 -1 2206 2184 2234 -1 2184 2199 2234 -1 2225 2179 2193 -1 2193 2197 2235 -1 2236 2237 2238 -1 2227 2196 2206 -1 2219 2222 2239 -1 2222 2231 2239 -1 2220 2240 2223 -1 2241 2205 2211 -1 2218 2232 2242 -1 2234 2199 2224 -1 2228 2212 2233 -1 2211 2219 2241 -1 2205 2243 2232 -1 2243 2205 2241 -1 2223 2244 2230 -1 2245 2190 2194 -1 2220 2215 2240 -1 2240 2214 2246 -1 2246 2214 2229 -1 2247 2213 2210 -1 2185 2225 2208 -1 2248 2249 2250 -1 2251 2252 2253 -1 2254 2252 2251 -1 2244 2223 2240 -1 2255 2231 2230 -1 2256 2201 2245 -1 2201 2190 2245 -1 2242 2233 2218 -1 2214 2240 2215 -1 2257 2229 2228 -1 2246 2229 2257 -1 2258 2259 2250 -1 2260 2216 2261 -1 2235 2197 2209 -1 2262 2249 2263 -1 2200 2226 2264 -1 2226 2201 2256 -1 2237 2236 2265 -1 2266 2206 2267 -1 2206 2234 2267 -1 2258 2250 2262 -1 2208 2268 2224 -1 2250 2249 2262 -1 2269 2245 2194 -1 2225 2193 2235 -1 2264 2209 2200 -1 2261 2216 2217 -1 2236 2270 2265 -1 2206 2271 2227 -1 2230 2244 2255 -1 2240 2246 2272 -1 2244 2240 2272 -1 2269 2194 2213 -1 2263 2249 2273 -1 2210 2221 2247 -1 2252 2274 2253 -1 2238 2275 2236 -1 2270 2236 2275 -1 2271 2206 2266 -1 2270 2276 2265 -1 2255 2244 2277 -1 2262 2263 2278 -1 2249 2248 2273 -1 2263 2279 2278 -1 2251 2253 2280 -1 2264 2281 2209 -1 2217 2202 2282 -1 2202 2227 2283 -1 2284 2283 2227 -1 2284 2227 2271 -1 2274 2252 2285 -1 2226 2256 2286 -1 2265 2287 2237 -1 2239 2231 2288 -1 2259 2258 2289 -1 2289 2290 2259 -1 2269 2213 2247 -1 2248 2259 2290 -1 2259 2248 2250 -1 2244 2272 2291 -1 2292 2289 2258 -1 2293 2208 2225 -1 2261 2294 2260 -1 2295 2286 2256 -1 2261 2217 2282 -1 2282 2202 2283 -1 2237 2296 2238 -1 2241 2297 2243 -1 2298 2239 2288 -1 2288 2231 2255 -1 2265 2299 2287 -1 2241 2300 2297 -1 2241 2219 2300 -1 2299 2265 2276 -1 2232 2243 2301 -1 2233 2257 2228 -1 2233 2242 2302 -1 2262 2292 2258 -1 2267 2234 2224 -1 2235 2209 2303 -1 2303 2209 2281 -1 2278 2279 2304 -1 2242 2232 2301 -1 2264 2226 2286 -1 2252 2254 2285 -1 2256 2245 2295 -1 2245 2269 2305 -1 2296 2275 2238 -1 2296 2237 2287 -1 2283 2306 2282 -1 2272 2246 2307 -1 2247 2221 2308 -1 2309 2273 2248 -1 2262 2278 2310 -1 2279 2263 2273 -1 2301 2243 2311 -1 2243 2297 2311 -1 2312 2313 2314 -1 2315 2248 2290 -1 2316 2317 2304 -1 2268 2208 2293 -1 2318 2285 2254 -1 2239 2298 2219 -1 2225 2235 2293 -1 2277 2288 2255 -1 2261 2282 2319 -1 2319 2282 2306 -1 2320 2321 2322 -1 2257 2307 2246 -1 2270 2275 2323 -1 2299 2324 2287 -1 2271 2325 2284 -1 2307 2291 2272 -1 2276 2270 2326 -1 2325 2271 2266 -1 2279 2273 2309 -1 2327 2307 2328 -1 2291 2307 2327 -1 2248 2315 2309 -1 2324 2329 2287 -1 2330 2247 2331 -1 2312 2314 2332 -1 2326 2270 2323 -1 2333 2330 2331 -1 2334 2332 2314 -1 2268 2293 2335 -1 2336 2337 2338 -1 2293 2235 2303 -1 2339 2333 2331 -1 2340 2341 2342 -1 2279 2343 2304 -1 2247 2339 2331 -1 2343 2316 2304 -1 2344 2342 2345 -1 2339 2247 2308 -1 2281 2344 2345 -1 2294 2261 2319 -1 2346 2295 2245 -1 2303 2281 2345 -1 2347 2348 2340 -1 2269 2330 2305 -1 2340 2348 2341 -1 2317 2254 2349 -1 2317 2316 2254 -1 2254 2316 2318 -1 2290 2289 2350 -1 2330 2269 2247 -1 2322 2274 2285 -1 2257 2233 2351 -1 2306 2283 2352 -1 2352 2283 2284 -1 2353 2325 2354 -1 2307 2257 2351 -1 2320 2322 2285 -1 2355 2356 2357 -1 2355 2358 2356 -1 2359 2285 2318 -1 2292 2360 2289 -1 2358 2355 2361 -1 2362 2262 2310 -1 2224 2363 2267 -1 2301 2311 2364 -1 2242 2301 2364 -1 2278 2365 2310 -1 2364 2302 2242 -1 2343 2279 2309 -1 2268 2363 2224 -1 2339 2359 2333 -1 2339 2308 2366 -1 2363 2268 2335 -1 2359 2339 2366 -1 2367 2368 2369 -1 2367 2370 2371 -1 2368 2367 2371 -1 2372 2368 2371 -1 2373 2374 2343 -1 2375 2359 2366 -1 2376 2353 2377 -1 2316 2343 2378 -1 2343 2374 2378 -1 2379 2353 2380 -1 2293 2303 2335 -1 2353 2379 2377 -1 2377 2381 2382 -1 2379 2381 2377 -1 2381 2379 2383 -1 2384 2355 2357 -1 2345 2341 2385 -1 2386 2340 2342 -1 2326 2387 2276 -1 2345 2342 2341 -1 2388 2337 2336 -1 2389 2381 2383 -1 2384 2319 2306 -1 2379 2390 2348 -1 2386 2342 2344 -1 2344 2391 2386 -1 2300 2219 2298 -1 2367 2392 2393 -1 2264 2391 2344 -1 2264 2344 2281 -1 2330 2378 2374 -1 2390 2385 2348 -1 2394 2304 2317 -1 2395 2396 2397 -1 2341 2348 2385 -1 2384 2306 2352 -1 2277 2244 2291 -1 2351 2233 2398 -1 2286 2391 2264 -1 2350 2289 2360 -1 2295 2346 2399 -1 2266 2354 2325 -1 2376 2325 2353 -1 2353 2354 2380 -1 2378 2400 2316 -1 2340 2401 2347 -1 2378 2330 2333 -1 2333 2400 2378 -1 2330 2374 2305 -1 2316 2400 2318 -1 2318 2400 2359 -1 2359 2400 2333 -1 2274 2280 2253 -1 2274 2322 2402 -1 2379 2348 2383 -1 2297 2300 2403 -1 2300 2298 2403 -1 2319 2357 2294 -1 2303 2385 2335 -1 2385 2303 2345 -1 2319 2384 2357 -1 2305 2374 2404 -1 2383 2348 2347 -1 2405 2406 2407 -1 2392 2367 2408 -1 2369 2408 2367 -1 2409 2312 2410 -1 2251 2280 2254 -1 2245 2305 2346 -1 2332 2410 2312 -1 2411 2386 2412 -1 2412 2386 2391 -1 2313 2334 2314 -1 2412 2395 2413 -1 2414 2358 2415 -1 2412 2391 2395 -1 2358 2361 2415 -1 2416 2415 2361 -1 2361 2384 2416 -1 2417 2389 2418 -1 2320 2285 2359 -1 2397 2413 2395 -1 2320 2359 2375 -1 2419 2338 2337 -1 2415 2393 2420 -1 2421 2413 2422 -1 2416 2370 2415 -1 2415 2370 2393 -1 2390 2380 2363 -1 2423 2338 2424 -1 2286 2399 2391 -1 2295 2399 2286 -1 2425 2426 2427 -1 2277 2291 2327 -1 2427 2428 2425 -1 2398 2233 2302 -1 2398 2429 2351 -1 2390 2379 2380 -1 2393 2370 2367 -1 2430 2276 2387 -1 2363 2385 2390 -1 2292 2362 2360 -1 2417 2382 2381 -1 2292 2262 2362 -1 2324 2299 2431 -1 2389 2417 2381 -1 2416 2384 2352 -1 2432 2309 2315 -1 2343 2433 2373 -1 2352 2284 2376 -1 2376 2284 2325 -1 2385 2363 2335 -1 2267 2354 2266 -1 2354 2267 2380 -1 2380 2267 2363 -1 2434 2435 2436 -1 2436 2437 2434 -1 2435 2434 2428 -1 2434 2407 2428 -1 2428 2407 2406 -1 2414 2407 2434 -1 2438 2434 2437 -1 2434 2438 2356 -1 2434 2356 2358 -1 2414 2434 2358 -1 2384 2361 2355 -1 2278 2304 2394 -1 2427 2426 2439 -1 2406 2425 2428 -1 2297 2440 2311 -1 2421 2411 2412 -1 2254 2280 2349 -1 2405 2441 2406 -1 2280 2274 2402 -1 2442 2402 2322 -1 2275 2296 2443 -1 2383 2444 2389 -1 2347 2401 2383 -1 2296 2287 2329 -1 2395 2391 2396 -1 2404 2399 2346 -1 2346 2305 2404 -1 2299 2276 2430 -1 2418 2445 2417 -1 2405 2446 2447 -1 2420 2446 2405 -1 2419 2448 2424 -1 2439 2424 2448 -1 2405 2407 2414 -1 2414 2420 2405 -1 2298 2288 2449 -1 2288 2277 2450 -1 2426 2425 2441 -1 2406 2441 2425 -1 2415 2420 2414 -1 2382 2371 2370 -1 2328 2307 2351 -1 2426 2441 2451 -1 2452 2426 2451 -1 2453 2275 2443 -1 2323 2275 2453 -1 2389 2444 2418 -1 2417 2371 2382 -1 2451 2441 2454 -1 2447 2446 2454 -1 2411 2401 2340 -1 2455 2372 2456 -1 2457 2458 2454 -1 2432 2343 2309 -1 2459 2460 2461 -1 2454 2446 2408 -1 2386 2411 2340 -1 2433 2343 2432 -1 2446 2420 2408 -1 2459 2448 2460 -1 2382 2376 2377 -1 2401 2411 2421 -1 2433 2462 2373 -1 2420 2393 2392 -1 2462 2463 2464 -1 2448 2459 2439 -1 2464 2465 2462 -1 2464 2466 2465 -1 2461 2427 2459 -1 2392 2408 2420 -1 2459 2427 2439 -1 2466 2397 2467 -1 2465 2466 2404 -1 2466 2467 2404 -1 2427 2435 2428 -1 2422 2468 2421 -1 2462 2465 2373 -1 2373 2465 2374 -1 2422 2413 2469 -1 2465 2404 2374 -1 2416 2352 2376 -1 2365 2278 2394 -1 2382 2370 2416 -1 2382 2416 2376 -1 2470 2456 2471 -1 2447 2441 2405 -1 2472 2473 2470 -1 2471 2474 2472 -1 2441 2447 2454 -1 2454 2408 2457 -1 2460 2448 2475 -1 2419 2475 2448 -1 2476 2477 2478 -1 2297 2403 2440 -1 2479 2477 2476 -1 2480 2418 2290 -1 2403 2298 2481 -1 2480 2445 2418 -1 2298 2482 2481 -1 2313 2312 2409 -1 2483 2313 2409 -1 2334 2313 2483 -1 2332 2484 2410 -1 2485 2455 2456 -1 2479 2486 2487 -1 2485 2456 2488 -1 2473 2472 2350 -1 2488 2456 2470 -1 2489 2458 2490 -1 2419 2424 2338 -1 2490 2458 2457 -1 2480 2290 2350 -1 2360 2491 2350 -1 2398 2302 2492 -1 2423 2336 2338 -1 2457 2408 2369 -1 2418 2493 2290 -1 2494 2491 2360 -1 2490 2457 2495 -1 2452 2424 2439 -1 2491 2494 2429 -1 2495 2496 2490 -1 2467 2399 2404 -1 2369 2495 2457 -1 2421 2418 2444 -1 2369 2368 2372 -1 2494 2360 2362 -1 2426 2452 2439 -1 2444 2401 2421 -1 2418 2421 2497 -1 2495 2455 2496 -1 2455 2369 2372 -1 2337 2388 2498 -1 2419 2337 2498 -1 2372 2471 2456 -1 2495 2369 2455 -1 2371 2471 2372 -1 2468 2497 2421 -1 2493 2499 2500 -1 2310 2501 2362 -1 2422 2499 2468 -1 2500 2502 2432 -1 2417 2471 2371 -1 2500 2499 2502 -1 2499 2463 2502 -1 2422 2463 2499 -1 2458 2452 2451 -1 2412 2413 2421 -1 2454 2458 2451 -1 2463 2422 2469 -1 2463 2469 2464 -1 2469 2466 2464 -1 2413 2397 2469 -1 2383 2401 2444 -1 2469 2397 2466 -1 2396 2467 2397 -1 2396 2391 2399 -1 2396 2399 2467 -1 2502 2433 2432 -1 2433 2502 2462 -1 2463 2462 2502 -1 2365 2394 2503 -1 2504 2431 2299 -1 2504 2505 2431 -1 2506 2507 2508 -1 2496 2455 2485 -1 2508 2507 2476 -1 2450 2449 2288 -1 2476 2486 2479 -1 2450 2277 2327 -1 2364 2509 2510 -1 2470 2471 2472 -1 2445 2474 2471 -1 2336 2423 2511 -1 2417 2445 2471 -1 2512 2510 2496 -1 2351 2429 2494 -1 2364 2311 2509 -1 2476 2507 2486 -1 2351 2494 2513 -1 2458 2507 2452 -1 2507 2458 2489 -1 2486 2507 2489 -1 2512 2302 2364 -1 2480 2474 2445 -1 2512 2488 2302 -1 2424 2506 2423 -1 2506 2511 2423 -1 2485 2512 2496 -1 2310 2365 2501 -1 2501 2365 2503 -1 2497 2493 2418 -1 2486 2489 2487 -1 2472 2474 2480 -1 2480 2350 2472 -1 2512 2485 2488 -1 2489 2490 2487 -1 2394 2317 2349 -1 2473 2350 2491 -1 2487 2490 2496 -1 2493 2315 2290 -1 2487 2514 2479 -1 2468 2499 2493 -1 2488 2492 2302 -1 2452 2506 2424 -1 2488 2470 2492 -1 2496 2514 2487 -1 2492 2470 2473 -1 2493 2500 2315 -1 2432 2315 2500 -1 2479 2514 2509 -1 2506 2452 2507 -1 2492 2473 2491 -1 2493 2497 2468 -1 2510 2509 2514 -1 2496 2510 2514 -1 2498 2460 2475 -1 2478 2477 2515 -1 2479 2515 2477 -1 2479 2509 2515 -1 2394 2349 2516 -1 2311 2517 2509 -1 2482 2298 2449 -1 2518 2519 2520 -1 2521 2522 2523 -1 2524 2518 2525 -1 2522 2518 2524 -1 2403 2526 2440 -1 2299 2430 2504 -1 2512 2364 2510 -1 2398 2491 2429 -1 2527 2528 2351 -1 2351 2513 2527 -1 2528 2527 2529 -1 2351 2528 2328 -1 2492 2491 2398 -1 2530 2531 2532 -1 2532 2533 2530 -1 2530 2534 2535 -1 2536 2537 2538 -1 2494 2362 2513 -1 2537 2388 2539 -1 2539 2538 2537 -1 2498 2540 2460 -1 2537 2541 2388 -1 2540 2498 2541 -1 2498 2475 2419 -1 2483 2409 2538 -1 2538 2539 2483 -1 2483 2539 2334 -1 2539 2336 2542 -1 2334 2539 2332 -1 2336 2539 2388 -1 2336 2511 2542 -1 2543 2542 2511 -1 2542 2543 2544 -1 2506 2543 2511 -1 2545 2546 2547 -1 2547 2544 2545 -1 2544 2543 2508 -1 2544 2508 2476 -1 2543 2506 2508 -1 2478 2544 2476 -1 2545 2544 2478 -1 2545 2478 2515 -1 2517 2545 2515 -1 2548 2549 2550 -1 2545 2517 2551 -1 2517 2515 2509 -1 2520 2525 2518 -1 2523 2522 2524 -1 2552 2551 2517 -1 2553 2554 2555 -1 2518 2522 2556 -1 2503 2555 2554 -1 2503 2394 2555 -1 2557 2558 2559 -1 2552 2517 2560 -1 2450 2521 2523 -1 2521 2450 2561 -1 2562 2563 2564 -1 2565 2536 2538 -1 2566 2567 2568 -1 2569 2536 2565 -1 2570 2565 2538 -1 2327 2328 2571 -1 2532 2561 2450 -1 2532 2450 2572 -1 2569 2565 2573 -1 2516 2280 2574 -1 2562 2573 2563 -1 2394 2516 2555 -1 2440 2575 2517 -1 2513 2576 2527 -1 2573 2577 2563 -1 2280 2516 2349 -1 2440 2517 2311 -1 2328 2528 2571 -1 2498 2388 2541 -1 2578 2577 2573 -1 2559 2558 2579 -1 2453 2443 2535 -1 2529 2580 2528 -1 2409 2570 2538 -1 2527 2576 2529 -1 2559 2560 2557 -1 2573 2565 2570 -1 2575 2581 2557 -1 2573 2570 2582 -1 2578 2573 2582 -1 2560 2575 2557 -1 2581 2575 2526 -1 2329 2324 2583 -1 2410 2570 2409 -1 2526 2575 2440 -1 2410 2484 2570 -1 2484 2542 2547 -1 2582 2570 2584 -1 2484 2332 2542 -1 2539 2542 2332 -1 2526 2585 2581 -1 2403 2481 2526 -1 2585 2526 2586 -1 2481 2586 2526 -1 2530 2587 2531 -1 2588 2582 2589 -1 2547 2542 2544 -1 2534 2530 2590 -1 2582 2584 2589 -1 2584 2484 2547 -1 2534 2453 2535 -1 2591 2592 2593 -1 2594 2593 2592 -1 2593 2594 2595 -1 2546 2596 2547 -1 2323 2453 2597 -1 2598 2596 2546 -1 2598 2546 2551 -1 2545 2551 2546 -1 2599 2600 2561 -1 2599 2561 2531 -1 2601 2600 2602 -1 2520 2519 2603 -1 2604 2602 2600 -1 2518 2556 2519 -1 2599 2531 2604 -1 2602 2604 2605 -1 2605 2604 2606 -1 2604 2587 2606 -1 2607 2556 2522 -1 2522 2521 2607 -1 2608 2588 2609 -1 2610 2611 2612 -1 2613 2609 2614 -1 2588 2589 2609 -1 2587 2604 2531 -1 2598 2551 2552 -1 2612 2611 2564 -1 2611 2562 2564 -1 2589 2584 2609 -1 2533 2590 2530 -1 2596 2609 2584 -1 2615 2616 2617 -1 2584 2547 2596 -1 2601 2616 2615 -1 2618 2619 2620 -1 2560 2559 2552 -1 2621 2622 2605 -1 2612 2623 2610 -1 2624 2625 2626 -1 2624 2626 2627 -1 2612 2564 2577 -1 2612 2577 2623 -1 2587 2628 2606 -1 2578 2623 2577 -1 2623 2578 2629 -1 2609 2596 2614 -1 2575 2560 2517 -1 2563 2577 2564 -1 2557 2581 2558 -1 2530 2535 2587 -1 2581 2579 2558 -1 2587 2535 2628 -1 2630 2628 2535 -1 2614 2596 2598 -1 2631 2594 2592 -1 2586 2481 2482 -1 2632 2631 2576 -1 2633 2598 2552 -1 2595 2634 2635 -1 2636 2482 2449 -1 2578 2588 2629 -1 2595 2594 2631 -1 2588 2578 2582 -1 2561 2607 2521 -1 2559 2637 2552 -1 2523 2449 2450 -1 2638 2534 2590 -1 2635 2639 2597 -1 2634 2639 2635 -1 2450 2327 2572 -1 2571 2572 2327 -1 2453 2534 2597 -1 2584 2570 2484 -1 2597 2534 2635 -1 2572 2640 2533 -1 2572 2533 2532 -1 2561 2532 2531 -1 2597 2639 2323 -1 2632 2634 2595 -1 2571 2640 2572 -1 2639 2634 2632 -1 2549 2548 2641 -1 2642 2639 2632 -1 2571 2528 2580 -1 2591 2580 2592 -1 2643 2576 2513 -1 2362 2643 2513 -1 2580 2529 2592 -1 2643 2362 2501 -1 2576 2592 2529 -1 2592 2576 2631 -1 2615 2600 2601 -1 2554 2643 2501 -1 2503 2554 2501 -1 2554 2553 2643 -1 2643 2553 2644 -1 2632 2643 2644 -1 2516 2553 2555 -1 2553 2516 2644 -1 2574 2644 2516 -1 2574 2280 2645 -1 2645 2280 2402 -1 2646 2647 2648 -1 2621 2649 2650 -1 2647 2650 2648 -1 2630 2651 2652 -1 2653 2630 2652 -1 2652 2651 2653 -1 2443 2296 2651 -1 2651 2296 2329 -1 2326 2654 2387 -1 2550 2654 2548 -1 2627 2626 2655 -1 2626 2646 2655 -1 2655 2646 2648 -1 2656 2637 2559 -1 2604 2600 2599 -1 2504 2657 2658 -1 2559 2579 2656 -1 2659 2656 2585 -1 2656 2579 2585 -1 2660 2661 2662 -1 2586 2659 2585 -1 2602 2605 2663 -1 2579 2581 2585 -1 2663 2605 2622 -1 2628 2605 2606 -1 2663 2622 2646 -1 2647 2646 2622 -1 2605 2628 2621 -1 2664 2665 2666 -1 2621 2647 2622 -1 2077 2665 2111 -1 2667 2668 2669 -1 2668 2667 2670 -1 2664 2668 2670 -1 2671 2664 2670 -1 2630 2621 2628 -1 2520 2670 2667 -1 2533 2640 2638 -1 2638 2590 2533 -1 2591 2638 2640 -1 2638 2591 2593 -1 2603 2519 2672 -1 2673 2672 2519 -1 2674 2672 2673 -1 2520 2667 2675 -1 2603 2670 2520 -1 2593 2635 2638 -1 2676 2677 2678 -1 2659 2586 2636 -1 2593 2595 2635 -1 2632 2595 2631 -1 2679 2680 2681 -1 2534 2638 2635 -1 2680 2613 2681 -1 2610 2623 2682 -1 2636 2523 2524 -1 2682 2623 2629 -1 2632 2644 2642 -1 2683 2681 2613 -1 2607 2617 2556 -1 2639 2642 2323 -1 2617 2607 2615 -1 2576 2643 2632 -1 2608 2680 2679 -1 2608 2613 2680 -1 2609 2613 2608 -1 2666 2665 2077 -1 2574 2642 2644 -1 2645 2642 2574 -1 2642 2645 2684 -1 2685 2613 2614 -1 2618 2617 2619 -1 2616 2619 2617 -1 2685 2614 2686 -1 2676 2687 2677 -1 2619 2616 2620 -1 2620 2616 2601 -1 2601 2625 2620 -1 2624 2620 2625 -1 2442 2645 2402 -1 2633 2614 2598 -1 2601 2602 2663 -1 2663 2625 2601 -1 2647 2621 2650 -1 2650 2649 2648 -1 2625 2663 2626 -1 2626 2663 2646 -1 2688 2689 2690 -1 2691 2688 2690 -1 2586 2482 2636 -1 2621 2630 2649 -1 2630 2535 2651 -1 2653 2649 2630 -1 2443 2651 2535 -1 2449 2523 2636 -1 2691 2685 2692 -1 2685 2686 2692 -1 2687 2629 2679 -1 2653 2329 2693 -1 2653 2651 2329 -1 2600 2615 2607 -1 2607 2561 2600 -1 2679 2629 2588 -1 2686 2633 2694 -1 2679 2588 2608 -1 2694 2695 2686 -1 2695 2694 2637 -1 2633 2686 2614 -1 2694 2633 2552 -1 2552 2637 2694 -1 2591 2640 2571 -1 2583 2693 2329 -1 2691 2692 2688 -1 2571 2580 2591 -1 2692 2686 2695 -1 2692 2695 2688 -1 2696 2688 2697 -1 2695 2659 2688 -1 2323 2642 2326 -1 2698 2654 2326 -1 2654 2430 2387 -1 2548 2654 2698 -1 2505 2504 2658 -1 2657 2430 2654 -1 2657 2504 2430 -1 2654 2550 2657 -1 2684 2645 2641 -1 2657 2550 2699 -1 2642 2698 2326 -1 2659 2695 2656 -1 2698 2684 2548 -1 2548 2684 2641 -1 2666 2068 2700 -1 2696 2697 2675 -1 2668 2666 2700 -1 2697 2688 2659 -1 2695 2637 2656 -1 2669 2668 2700 -1 2666 2668 2664 -1 2696 2675 2669 -1 2701 2682 2629 -1 2669 2675 2667 -1 2665 2664 2702 -1 2111 2665 2702 -1 2702 2664 2671 -1 2702 2703 2040 -1 2702 2671 2703 -1 2703 2112 2040 -1 2671 2704 2703 -1 2671 2670 2704 -1 2687 2701 2629 -1 2705 2067 2054 -1 2701 2687 2706 -1 2603 2704 2670 -1 2684 2698 2642 -1 2704 2603 2672 -1 2674 2704 2672 -1 2700 2068 2067 -1 2704 2674 2568 -1 2706 2687 2676 -1 2675 2697 2525 -1 2675 2525 2520 -1 2707 2662 2708 -1 2678 2707 2708 -1 2697 2636 2525 -1 2687 2679 2677 -1 2697 2659 2636 -1 2678 2677 2707 -1 2677 2681 2683 -1 2681 2677 2679 -1 2662 2707 2709 -1 2677 2683 2707 -1 2683 2709 2707 -1 2709 2683 2710 -1 2710 2683 2711 -1 2063 2068 2666 -1 2662 2710 2712 -1 2662 2709 2710 -1 2556 2673 2519 -1 2636 2524 2525 -1 2063 2666 2077 -1 2711 2713 2710 -1 2613 2714 2683 -1 2703 2568 2115 -1 2115 2568 2567 -1 2683 2714 2715 -1 2683 2715 2711 -1 2568 2674 2566 -1 2711 2715 2716 -1 2674 2673 2566 -1 2715 2714 2716 -1 2685 2714 2613 -1 2706 2676 2708 -1 2661 2706 2708 -1 2713 2712 2710 -1 2661 2708 2662 -1 2118 2712 2689 -1 2713 2689 2712 -1 2689 2713 2690 -1 2713 2711 2691 -1 2111 2702 2040 -1 2673 2556 2618 -1 2617 2618 2556 -1 2711 2716 2691 -1 2660 2662 2712 -1 2716 2714 2691 -1 2119 2660 2712 -1 2618 2624 2673 -1 2691 2690 2713 -1 2118 2119 2712 -1 2689 2717 2705 -1 2067 2705 2700 -1 2618 2620 2624 -1 2705 2717 2700 -1 2717 2669 2700 -1 2689 2688 2696 -1 2669 2717 2689 -1 2714 2685 2691 -1 2705 2117 2118 -1 2703 2704 2568 -1 2112 2703 2115 -1 2705 2054 2117 -1 2708 2676 2678 -1 2118 2689 2705 -1 2689 2696 2669 -1 1085 1084 1067 -1 1085 1102 2718 -1 2718 1102 1126 -1 1084 1085 2718 -1 2719 1040 1122 -1 2718 2720 1084 -1 2718 2721 2720 -1 2721 2718 1126 -1 2722 1122 1084 -1 1084 2720 2722 -1 1040 2719 1118 -1 1123 2723 1126 -1 2723 1123 1130 -1 1160 2723 1130 -1 1126 2723 2721 -1 2724 2725 1136 -1 1136 2726 1160 -1 1180 2724 1136 -1 1118 2719 1191 -1 2723 2727 2721 -1 2728 2727 2723 -1 2728 2723 1160 -1 2726 2729 1160 -1 2724 2730 2725 -1 1136 2725 2726 -1 2731 2726 2725 -1 2728 1160 2729 -1 2732 1122 2722 -1 2733 2722 2720 -1 2727 2720 2721 -1 2729 2726 2734 -1 1180 1202 2724 -1 2724 1202 2730 -1 2725 2730 2735 -1 2736 1202 1184 -1 2736 1184 1195 -1 2730 1202 2736 -1 1191 2719 2737 -1 2719 1122 2732 -1 2735 2731 2725 -1 2738 2726 2739 -1 2740 2730 2736 -1 2734 2726 2738 -1 2740 2736 2741 -1 2742 2740 2741 -1 2743 2728 2729 -1 2744 1195 1190 -1 2731 2739 2726 -1 2729 2745 2746 -1 2731 2735 2742 -1 2740 2735 2730 -1 2740 2742 2735 -1 2736 1195 2747 -1 2741 2748 2742 -1 2742 2748 2749 -1 2727 2733 2720 -1 2733 2727 2750 -1 2728 2750 2727 -1 2751 2732 2722 -1 2749 2739 2731 -1 2752 2743 2729 -1 2753 2752 2729 -1 2744 1190 1232 -1 2734 2745 2729 -1 2742 2749 2731 -1 2754 1223 1200 -1 2722 2733 2751 -1 2728 2743 2750 -1 2744 1232 2755 -1 2739 2749 2738 -1 2745 2734 2738 -1 2732 2737 2719 -1 2756 2738 2749 -1 2738 2756 2757 -1 2757 2756 2758 -1 2747 1195 2744 -1 2744 2759 2747 -1 2751 2760 2732 -1 1223 2754 1235 -1 2755 1232 1235 -1 2738 2757 2745 -1 2745 2757 2758 -1 2736 2761 2741 -1 2753 2729 2746 -1 2749 2748 2762 -1 2756 2749 2763 -1 2758 2756 2764 -1 2747 2759 2765 -1 2759 2755 2765 -1 2744 2755 2759 -1 2737 2732 2766 -1 2732 2760 2766 -1 2750 2751 2733 -1 2761 2736 2747 -1 2745 2767 2746 -1 2747 2765 2761 -1 2746 2767 2753 -1 2748 2741 2768 -1 2769 2741 2761 -1 2754 1200 2770 -1 2741 2769 2768 -1 2769 2761 2765 -1 1172 2771 2772 -1 2762 2748 2768 -1 2771 1172 1213 -1 1213 1219 2771 -1 2755 2773 2765 -1 1219 1244 2774 -1 2775 2776 2777 -1 2776 2775 2778 -1 1235 2779 2755 -1 2743 2780 2750 -1 2781 2753 2767 -1 2781 2752 2753 -1 1228 1172 2772 -1 2758 2767 2745 -1 2773 2755 2779 -1 2767 2758 2781 -1 2763 2749 2762 -1 2763 2762 2782 -1 2783 2769 2765 -1 2773 2783 2765 -1 2756 2763 2764 -1 2784 2771 1219 -1 2754 2779 1235 -1 1191 2737 1253 -1 1219 2774 2784 -1 2784 2774 2776 -1 2785 2737 2766 -1 2775 2777 2786 -1 2762 2768 2783 -1 2752 2787 2743 -1 2778 2775 2788 -1 2789 2783 2773 -1 2764 2763 2790 -1 2789 2773 2791 -1 2779 2754 2792 -1 2763 2782 2790 -1 2758 2764 2793 -1 2794 2774 1244 -1 2754 2770 2795 -1 2760 2751 2796 -1 2783 2768 2769 -1 2774 2794 2777 -1 2750 2797 2751 -1 2776 2774 2777 -1 2752 2781 2798 -1 2791 2773 2799 -1 2792 2754 2795 -1 2782 2762 2789 -1 2790 2782 2789 -1 2779 2800 2773 -1 2789 2762 2783 -1 1200 1241 2770 -1 2796 2751 2797 -1 2775 2786 2788 -1 2770 1241 2801 -1 2788 2802 2803 -1 2804 2797 2750 -1 2780 2804 2750 -1 2743 2787 2780 -1 2784 2776 2805 -1 2752 2806 2787 -1 2760 2807 2766 -1 2752 2798 2806 -1 2791 2799 2808 -1 2781 2758 2809 -1 2793 2764 2790 -1 2788 2803 2810 -1 2788 2810 2778 -1 1257 2794 1244 -1 2811 2779 2792 -1 2779 2811 2800 -1 2809 2758 2793 -1 1228 2772 1259 -1 2791 2812 2789 -1 2773 2800 2799 -1 2813 2771 2784 -1 2784 2805 2814 -1 2810 2803 2815 -1 1253 2737 2785 -1 2776 2778 2805 -1 2790 2789 2793 -1 2816 2800 2811 -1 2802 2788 2786 -1 2807 2760 2817 -1 2780 2818 2804 -1 2818 2780 2787 -1 2787 2806 2819 -1 2820 2778 2810 -1 2781 2809 2798 -1 2821 2809 2793 -1 2822 2789 2812 -1 2791 2823 2812 -1 2794 1257 2824 -1 2800 2816 2799 -1 2796 2817 2760 -1 2813 2784 2814 -1 2803 2802 2825 -1 2815 2803 2826 -1 2777 2794 2824 -1 2786 2777 2827 -1 2828 2829 2801 -1 2785 2766 2830 -1 2805 2778 2820 -1 2795 2801 2829 -1 2770 2801 2795 -1 2831 2766 2807 -1 2819 2818 2787 -1 2792 2795 2832 -1 2831 2807 2817 -1 2823 2791 2808 -1 2824 1257 1265 -1 1266 2786 2827 -1 2786 1266 2802 -1 1259 2772 2833 -1 2834 2817 2796 -1 2835 2834 2796 -1 2797 2835 2796 -1 1252 1253 2825 -1 2825 1253 2826 -1 2797 2804 2835 -1 2825 2826 2803 -1 2777 2824 2827 -1 2814 2805 2836 -1 2805 2820 2837 -1 2830 2766 2831 -1 2789 2822 2793 -1 2832 2838 2792 -1 2838 2811 2792 -1 2808 2799 2839 -1 2823 2808 2840 -1 2817 2834 2841 -1 2771 2833 2772 -1 2814 2842 2813 -1 1253 2785 2826 -1 2843 2826 2830 -1 2826 2843 2815 -1 2836 2805 2837 -1 2828 2844 2845 -1 2830 2831 2843 -1 2832 2795 2846 -1 2831 2847 2843 -1 2820 2810 2848 -1 2793 2822 2821 -1 2812 2823 2849 -1 2850 2835 2804 -1 2851 2833 2771 -1 2802 1266 1263 -1 2818 2850 2804 -1 2851 2771 2813 -1 2828 2845 2829 -1 2819 2806 2852 -1 2798 2853 2806 -1 2825 2802 1263 -1 2825 1263 1252 -1 2811 2838 2854 -1 2826 2785 2830 -1 2816 2839 2799 -1 2815 2855 2810 -1 2815 2843 2847 -1 2847 2831 2817 -1 2841 2847 2817 -1 2856 2833 2851 -1 2819 2850 2818 -1 2836 2842 2814 -1 2853 2798 2809 -1 2795 2829 2846 -1 2815 2847 2855 -1 2855 2848 2810 -1 2838 2832 2857 -1 2857 2854 2838 -1 2816 2811 2858 -1 2839 2859 2808 -1 2856 2860 1259 -1 2840 2808 2859 -1 1259 2833 2856 -1 2851 2813 2861 -1 2842 2861 2813 -1 2846 2829 2862 -1 2841 2834 2863 -1 2864 2834 2835 -1 2827 1265 1266 -1 2846 2857 2832 -1 2865 2837 2820 -1 2866 2839 2816 -1 2859 2839 2866 -1 2806 2853 2867 -1 2812 2868 2822 -1 2812 2849 2868 -1 2860 2124 1259 -1 2824 1265 2827 -1 2845 2844 2869 -1 2862 2829 2845 -1 2820 2848 2865 -1 2854 2858 2811 -1 2870 2869 2844 -1 2871 2846 2862 -1 2855 2847 2872 -1 2850 2819 2873 -1 2847 2841 2872 -1 2873 2819 2852 -1 2846 2871 2857 -1 2874 2841 2875 -1 2841 2863 2875 -1 2876 2852 2806 -1 2853 2809 2821 -1 2877 2821 2822 -1 2823 2840 2878 -1 2849 2823 2879 -1 2856 2851 2880 -1 2863 2834 2864 -1 2836 2881 2842 -1 2848 2855 2872 -1 2862 2845 2882 -1 2874 2872 2841 -1 2883 2851 2861 -1 2861 2842 2884 -1 2835 2885 2864 -1 2842 2881 2884 -1 2885 2835 2850 -1 2872 2874 2848 -1 2876 2806 2867 -1 2886 2862 2887 -1 2862 2886 2871 -1 2816 2858 2866 -1 2856 2888 2860 -1 2875 2863 2889 -1 2885 2850 2890 -1 2845 2869 2882 -1 2853 2821 2891 -1 2871 2892 2857 -1 2822 2868 2877 -1 2893 2857 2892 -1 2857 2893 2854 -1 2877 2891 2821 -1 2868 2849 2894 -1 2849 2879 2894 -1 2895 2858 2854 -1 2880 2888 2856 -1 2879 2823 2878 -1 2864 2896 2863 -1 2861 2884 2897 -1 2836 2837 2881 -1 2850 2873 2890 -1 2865 2848 2874 -1 2875 2865 2874 -1 2887 2862 2882 -1 2873 2852 2876 -1 2892 2871 2898 -1 2899 2875 2889 -1 2900 2867 2853 -1 2900 2853 2891 -1 2866 2858 2901 -1 2877 2868 2894 -1 2124 2860 2140 -1 2902 2840 2859 -1 2880 2851 2883 -1 2897 2883 2861 -1 2863 2896 2889 -1 2871 2886 2898 -1 2140 2860 2888 -1 2859 2866 2903 -1 2859 2903 2904 -1 2902 2878 2840 -1 2885 2896 2864 -1 2897 2884 2905 -1 2906 2907 2881 -1 2837 2906 2881 -1 2908 2869 2909 -1 2837 2865 2906 -1 2895 2854 2893 -1 2879 2878 2910 -1 2882 2869 2908 -1 2873 2876 2911 -1 2906 2865 2912 -1 2891 2877 2913 -1 2898 2886 2914 -1 2877 2894 2915 -1 2895 2901 2858 -1 2902 2859 2904 -1 2878 2902 2916 -1 2889 2896 2917 -1 2907 2884 2881 -1 2887 2882 2918 -1 2914 2886 2887 -1 2865 2875 2912 -1 2893 2892 2919 -1 2893 2901 2895 -1 2140 2888 2159 -1 2903 2866 2901 -1 2894 2879 2910 -1 2880 2883 2920 -1 2905 2921 2897 -1 2885 2922 2896 -1 2885 2890 2923 -1 2890 2873 2911 -1 2914 2887 2918 -1 2892 2898 2919 -1 2900 2891 2913 -1 2901 2893 2924 -1 2913 2877 2915 -1 2878 2916 2925 -1 2926 2883 2897 -1 2917 2896 2922 -1 2921 2926 2897 -1 2914 2927 2898 -1 2906 2912 2928 -1 2875 2899 2912 -1 2924 2893 2919 -1 2176 2888 2880 -1 2926 2921 2929 -1 2882 2908 2918 -1 2914 2918 2930 -1 2876 2867 2931 -1 2924 2919 2932 -1 2900 2913 2933 -1 2901 2934 2903 -1 2910 2878 2925 -1 2935 2899 2889 -1 2905 2884 2936 -1 2923 2890 2937 -1 2890 2911 2937 -1 2911 2876 2938 -1 2867 2900 2931 -1 2898 2927 2919 -1 2939 2924 2932 -1 2913 2915 2940 -1 2901 2924 2939 -1 2933 2913 2940 -1 2903 2934 2904 -1 2883 2926 2920 -1 2929 2921 2941 -1 2907 2936 2884 -1 2915 2894 2942 -1 2894 2910 2942 -1 2934 2901 2939 -1 2902 2904 2943 -1 2944 2916 2902 -1 2917 2922 2945 -1 2946 2889 2917 -1 2947 2945 2922 -1 2946 2935 2889 -1 2921 2905 2941 -1 2936 2941 2905 -1 2923 2922 2885 -1 2938 2948 2911 -1 2900 2933 2949 -1 2876 2950 2938 -1 2900 2949 2931 -1 2927 2914 2951 -1 2943 2904 2934 -1 2159 2888 2176 -1 2908 2909 2952 -1 2918 2908 2930 -1 2936 2907 2953 -1 2950 2876 2931 -1 2954 2907 2906 -1 2928 2954 2906 -1 2951 2914 2930 -1 2949 2933 2955 -1 2933 2940 2956 -1 2910 2925 2942 -1 2176 2880 2920 -1 2917 2945 2947 -1 2946 2917 2947 -1 2923 2947 2922 -1 2923 2937 2957 -1 2937 2911 2958 -1 2949 2959 2931 -1 2955 2933 2960 -1 2960 2933 2956 -1 2961 2940 2915 -1 2944 2902 2943 -1 2916 2944 2962 -1 2925 2916 2962 -1 2908 2952 2963 -1 2964 2908 2963 -1 2946 2947 2965 -1 2929 2966 2967 -1 2947 2923 2957 -1 2908 2964 2930 -1 2968 2941 2936 -1 2968 2936 2969 -1 2928 2912 2970 -1 2912 2899 2971 -1 2927 2972 2919 -1 2956 2940 2961 -1 2939 2973 2934 -1 2974 2926 2929 -1 2920 2926 2974 -1 2959 2949 2975 -1 2975 2949 2955 -1 2966 2929 2976 -1 2929 2941 2976 -1 2953 2907 2977 -1 2960 2978 2955 -1 2927 2951 2972 -1 2971 2899 2935 -1 2966 2979 2967 -1 2980 2979 2981 -1 2966 2981 2979 -1 2958 2911 2948 -1 2956 2961 2982 -1 2982 2961 2983 -1 2969 2936 2953 -1 2984 2972 2951 -1 2915 2983 2961 -1 2915 2942 2985 -1 2925 2986 2942 -1 2939 2932 2987 -1 2971 2970 2912 -1 2943 2934 2973 -1 2935 2946 2988 -1 2957 2965 2947 -1 2941 2968 2989 -1 2938 2950 2990 -1 2950 2931 2959 -1 2991 2978 2960 -1 2960 2982 2991 -1 2176 2920 2189 -1 2956 2982 2960 -1 2977 2907 2954 -1 2942 2986 2992 -1 2985 2942 2992 -1 2986 2925 2962 -1 2930 2993 2951 -1 2994 2932 2919 -1 2973 2939 2987 -1 2981 2966 2976 -1 2941 2995 2976 -1 2990 2950 2959 -1 2189 2920 2974 -1 2996 2982 2983 -1 2983 2915 2985 -1 2951 2993 2984 -1 2997 2943 2973 -1 2944 2943 2997 -1 2974 2929 2967 -1 2971 2935 2998 -1 2988 2998 2935 -1 2963 2952 2999 -1 2979 2980 3000 -1 2964 2963 3001 -1 2948 2938 3002 -1 2975 2955 3003 -1 3003 2955 2978 -1 2994 2972 3004 -1 2919 2972 2994 -1 2987 2932 3005 -1 2985 2992 3006 -1 3007 2978 2991 -1 2982 3008 2991 -1 2946 2965 3009 -1 3001 2963 2999 -1 2988 2946 3009 -1 2941 2989 2995 -1 2964 2993 2930 -1 2969 2953 3010 -1 3011 2984 2993 -1 2977 3012 2953 -1 2984 3004 2972 -1 2994 3005 2932 -1 3002 3013 2948 -1 2997 2973 2987 -1 3002 2938 2990 -1 2990 2959 3014 -1 2996 3008 2982 -1 3007 2991 3008 -1 2986 2962 3015 -1 3016 2967 2979 -1 2974 2967 3017 -1 2965 2957 3018 -1 2989 2968 2969 -1 2957 2937 3018 -1 3001 2999 3019 -1 3020 3018 2937 -1 2937 2958 3020 -1 2964 3001 2993 -1 2928 2970 3021 -1 2954 2928 3021 -1 2962 2944 3015 -1 3003 2978 3007 -1 2983 2985 3022 -1 3022 2985 3006 -1 3016 2979 3000 -1 3013 2958 2948 -1 3023 2986 3015 -1 3024 3006 2992 -1 2965 3018 3009 -1 2989 2969 3025 -1 2984 3011 3004 -1 2980 2981 3000 -1 2953 3012 3010 -1 3026 2977 3027 -1 3015 2944 2997 -1 2959 2975 3028 -1 2975 3003 3028 -1 3017 2967 3016 -1 3020 2958 3013 -1 3019 3029 3001 -1 2977 2954 3027 -1 2971 2998 2970 -1 3014 3002 2990 -1 3028 3030 2959 -1 3024 2992 2986 -1 2983 3022 3031 -1 3022 3006 3032 -1 3023 3015 3033 -1 2981 2976 3034 -1 2993 3001 3029 -1 2969 3010 3025 -1 2977 3026 3012 -1 3005 3033 2987 -1 3024 2986 3023 -1 2997 2987 3033 -1 2974 3017 3035 -1 2997 3033 3015 -1 3000 2981 3034 -1 3009 3018 3036 -1 3013 3037 3020 -1 3011 2993 3029 -1 3038 3011 3029 -1 2998 2988 3039 -1 3004 3011 3038 -1 3016 3000 3040 -1 2954 3021 3027 -1 2970 2998 3021 -1 2994 3004 3041 -1 3005 2994 3041 -1 3006 3024 3042 -1 2996 2983 3031 -1 3041 3004 3043 -1 3017 3016 3035 -1 3014 2959 3030 -1 3005 3041 3044 -1 3023 3033 3045 -1 3003 3007 3046 -1 3031 3047 2996 -1 3006 3042 3032 -1 3007 3008 3048 -1 3029 3019 3049 -1 3004 3038 3043 -1 3036 3018 3020 -1 3050 3026 3027 -1 3037 3036 3020 -1 2189 2974 3035 -1 3051 3044 3041 -1 2976 2995 3034 -1 3033 3005 3044 -1 3028 3003 3046 -1 3046 3007 3048 -1 3042 3024 3052 -1 3022 3047 3031 -1 3047 3022 3032 -1 2995 2989 3053 -1 3029 3049 3054 -1 3055 3013 3002 -1 3038 3029 3056 -1 3021 2998 3057 -1 3030 3028 3058 -1 3047 3059 2996 -1 2996 3059 3008 -1 3032 3042 3060 -1 3008 3059 3048 -1 3045 3024 3023 -1 3010 3012 3061 -1 3056 3029 3054 -1 3039 2988 3009 -1 3043 3038 3062 -1 3027 3021 3057 -1 3041 3043 3063 -1 3028 3046 3064 -1 2195 2189 3035 -1 3047 3032 3060 -1 3044 3045 3033 -1 3024 3045 3065 -1 3037 3013 3055 -1 2989 3025 3066 -1 3027 3057 3050 -1 3042 3067 3060 -1 3016 3068 3035 -1 3053 2989 3066 -1 3036 3069 3009 -1 3053 3034 2995 -1 3028 3064 3058 -1 3064 3046 3048 -1 3070 3056 3054 -1 3056 3062 3038 -1 3071 3059 3047 -1 3060 3071 3047 -1 3024 3065 3052 -1 3067 3042 3052 -1 3040 3072 3016 -1 3034 3073 3000 -1 3074 3066 3025 -1 3055 3002 3075 -1 3025 3010 3074 -1 3000 3073 3040 -1 3002 3014 3076 -1 3030 3076 3014 -1 2998 3039 3057 -1 3063 3051 3041 -1 3009 3077 3039 -1 3077 3009 3069 -1 3049 3078 3054 -1 3061 3074 3010 -1 3057 3079 3050 -1 3059 3080 3048 -1 3063 3043 3062 -1 3080 3059 3071 -1 3051 3081 3044 -1 3081 3045 3044 -1 3081 3065 3045 -1 3069 3036 3082 -1 2195 3035 3083 -1 3037 3055 3075 -1 3083 3035 3068 -1 3068 3016 3072 -1 3076 3030 3058 -1 3048 3084 3064 -1 3060 3067 3085 -1 3086 3081 3051 -1 3036 3037 3082 -1 2195 3083 2221 -1 3076 3087 3002 -1 3088 3053 3089 -1 3088 3073 3034 -1 3058 3064 3084 -1 3034 3053 3088 -1 3090 3080 3091 -1 3080 3071 3091 -1 3092 3040 3093 -1 3073 3093 3040 -1 3085 3067 3052 -1 3081 3094 3065 -1 3082 3037 3075 -1 3057 3039 3095 -1 3075 3002 3087 -1 3076 3058 3096 -1 3096 3058 3084 -1 3048 3080 3084 -1 3071 3060 3097 -1 3097 3060 3085 -1 3052 3065 3094 -1 3063 3086 3051 -1 3012 3026 3098 -1 3050 3098 3026 -1 3092 3093 3099 -1 3099 3093 3100 -1 3083 2308 2221 -1 3089 3053 3066 -1 3101 3056 3102 -1 3062 3056 3101 -1 3103 3088 3089 -1 3087 3076 3096 -1 3084 3080 3104 -1 3090 3104 3080 -1 3091 3071 3105 -1 3085 3052 3106 -1 3072 3040 3092 -1 3107 3108 3081 -1 3068 3072 3109 -1 3094 3081 3108 -1 3077 3069 3110 -1 3056 3070 3102 -1 3082 3075 3111 -1 3112 3111 3087 -1 3111 3075 3087 -1 3052 3094 3106 -1 3109 3072 3092 -1 3079 3057 3095 -1 3083 3068 2366 -1 3054 3078 3113 -1 3054 3113 3070 -1 3066 3074 3114 -1 3066 3115 3089 -1 3116 3082 3117 -1 3039 3077 3095 -1 3118 3099 3100 -1 3115 3066 3114 -1 3113 3078 3119 -1 3061 3012 3098 -1 3074 3061 3114 -1 3105 3071 3120 -1 3109 3092 3121 -1 2308 3083 2366 -1 3094 3108 3122 -1 3095 3077 3110 -1 3073 3088 3123 -1 3082 3111 3117 -1 3099 3118 2321 -1 3062 3101 3124 -1 3050 3079 3098 -1 3063 3124 3086 -1 3112 3087 3096 -1 3071 3097 3120 -1 3125 3118 3100 -1 3086 3107 3081 -1 3108 3107 3126 -1 3069 3127 3110 -1 3093 3128 3100 -1 3069 3082 3116 -1 3113 3119 3129 -1 3096 3084 3130 -1 3084 3104 3130 -1 3090 3091 3105 -1 3092 3099 3131 -1 3063 3062 3124 -1 3106 3094 3122 -1 2366 3068 3109 -1 3114 3061 3115 -1 3127 3069 3132 -1 3130 3133 3096 -1 3133 3112 3096 -1 3104 3090 3134 -1 3113 3135 3070 -1 3102 3070 3135 -1 3099 2321 3131 -1 3124 3101 3102 -1 3093 3073 3123 -1 3115 3061 3136 -1 3098 3136 3061 -1 3137 3098 3079 -1 3121 3092 3131 -1 3125 3100 3128 -1 3138 3139 3140 -1 3110 3141 3095 -1 3116 3132 3069 -1 3103 3123 3088 -1 3119 3142 3129 -1 3134 3090 3105 -1 3097 3085 3120 -1 3136 3103 3089 -1 3089 3115 3136 -1 3086 3124 3143 -1 3107 3086 3126 -1 3095 3144 3079 -1 3108 3126 3145 -1 3117 3111 3146 -1 3104 3147 3130 -1 3134 3147 3104 -1 3128 3093 3123 -1 3148 2322 2321 -1 2321 3118 3148 -1 3129 3135 3113 -1 3149 3102 3150 -1 3102 3149 3124 -1 3126 3086 3143 -1 3131 2321 2320 -1 3110 3127 3151 -1 3141 3110 3151 -1 3116 3117 3132 -1 3111 3112 3146 -1 3112 3133 3146 -1 3098 3152 3136 -1 3152 3098 3153 -1 3153 3098 3137 -1 3144 3137 3079 -1 3144 3095 3141 -1 3120 3085 3154 -1 3106 3154 3085 -1 3102 3135 3150 -1 3122 3108 3145 -1 2375 2366 3109 -1 3103 3136 3152 -1 3133 3155 3156 -1 3147 3134 3157 -1 3134 3105 3157 -1 3157 3105 3120 -1 3121 2375 3109 -1 3118 3125 3158 -1 3149 3143 3124 -1 3143 3159 3126 -1 3145 3126 3159 -1 3145 3160 3122 -1 3161 3151 3127 -1 3162 3137 3163 -1 3137 3144 3163 -1 3139 3164 3165 -1 3166 3120 3154 -1 2320 2375 3121 -1 2320 3121 3131 -1 3150 3167 3149 -1 3143 3149 3167 -1 3168 3128 3123 -1 3103 3152 3123 -1 3169 3159 3143 -1 3153 3137 3162 -1 3148 2442 2322 -1 3148 3118 3158 -1 3163 3144 3141 -1 3158 3125 3170 -1 3128 3170 3125 -1 3169 3171 3159 -1 3172 3173 3174 -1 3159 3175 3145 -1 3142 3176 3129 -1 3176 3135 3129 -1 3127 3132 3161 -1 3156 3146 3133 -1 3133 3147 3155 -1 3147 3133 3130 -1 3120 3177 3157 -1 3177 3120 3166 -1 3160 3166 3154 -1 3122 3160 3106 -1 3160 3154 3106 -1 3178 3152 3179 -1 3143 3167 3169 -1 3180 3181 3182 -1 3183 3163 3141 -1 3140 3139 3165 -1 3174 3173 3184 -1 3185 3184 3173 -1 3186 3185 3187 -1 3188 3189 3172 -1 3188 3172 3174 -1 3175 3159 3171 -1 3172 3190 3191 -1 3192 3185 3173 -1 3173 3172 3191 -1 3160 3145 3175 -1 3175 3193 3160 -1 3161 3132 3194 -1 3117 3194 3132 -1 3135 3176 3195 -1 3196 3117 3146 -1 3123 3152 3178 -1 3179 3152 3153 -1 3164 3197 3165 -1 3198 3199 3200 -1 2442 3148 3201 -1 3199 3198 3202 -1 3202 3203 3199 -1 3188 3204 3170 -1 3188 3174 3205 -1 3174 3184 3205 -1 3170 3128 3189 -1 3189 3128 3168 -1 3189 3188 3170 -1 3180 3182 3206 -1 3207 3208 3209 -1 3185 3208 3184 -1 3183 3210 3163 -1 3209 3208 3186 -1 3181 3210 3183 -1 3185 3186 3208 -1 3193 3175 3211 -1 3181 3183 3161 -1 3151 3161 3183 -1 3141 3151 3183 -1 3212 3193 3211 -1 3187 3185 3192 -1 3191 3192 3173 -1 3199 3191 3190 -1 3206 3182 3213 -1 3214 3186 3187 -1 3215 3186 3214 -1 3215 3214 3216 -1 3181 3161 3182 -1 3214 3187 3216 -1 3182 3161 3194 -1 3176 3142 3217 -1 3135 3195 3150 -1 3146 3218 3196 -1 3194 3117 3196 -1 3218 3146 3156 -1 3156 3155 3219 -1 3193 3166 3160 -1 3201 3148 3158 -1 3220 3221 3201 -1 3158 3220 3201 -1 3222 3220 3158 -1 3170 3222 3158 -1 3204 3222 3170 -1 3140 3165 3223 -1 3204 3188 3205 -1 3224 3140 3223 -1 3172 3189 3190 -1 3189 3168 3225 -1 3189 3225 3190 -1 3226 3227 3228 -1 3227 3226 3209 -1 3229 3230 3231 -1 3230 3229 3232 -1 3232 3229 3233 -1 3234 3235 3236 -1 3237 3209 3186 -1 3215 3229 3237 -1 3237 3186 3215 -1 3238 3239 3240 -1 3238 3240 3241 -1 3199 3192 3191 -1 3241 3242 3238 -1 3229 3215 3243 -1 3216 3243 3215 -1 3192 3199 3203 -1 3216 3180 3244 -1 3167 3150 3245 -1 3244 3180 3206 -1 3123 3246 3168 -1 3246 3123 3178 -1 3179 3246 3178 -1 3225 3246 3179 -1 3190 3225 3200 -1 3190 3200 3199 -1 3225 3179 3200 -1 3247 3200 3179 -1 3247 3179 3153 -1 3162 3210 3247 -1 3247 3153 3162 -1 3171 3248 3249 -1 3249 3211 3171 -1 3203 3202 3180 -1 3169 3248 3171 -1 3171 3211 3175 -1 3194 3213 3182 -1 3250 3251 3252 -1 3250 3213 3194 -1 3196 3250 3194 -1 3251 3250 3196 -1 3218 3253 3196 -1 3254 3253 3218 -1 3155 3255 3256 -1 3147 3255 3155 -1 3255 3147 3157 -1 3157 3177 3255 -1 3257 3219 3256 -1 2550 2549 3258 -1 3220 3258 2549 -1 3259 3257 3260 -1 3257 3256 3260 -1 3222 3258 3220 -1 3226 3204 3207 -1 3245 3261 3167 -1 3167 3261 3169 -1 3248 3169 3262 -1 3263 3264 3265 -1 3266 3267 3228 -1 3227 3266 3228 -1 3268 3269 3264 -1 3269 3268 3270 -1 3269 3270 3271 -1 3212 3166 3193 -1 3227 3230 3266 -1 3227 3209 3237 -1 3237 3231 3227 -1 3227 3231 3230 -1 3272 3273 3274 -1 3275 3273 3272 -1 3231 3237 3229 -1 3252 3213 3250 -1 3276 3263 3277 -1 3251 3241 3252 -1 3270 3233 3278 -1 3251 3253 3241 -1 3279 3235 3234 -1 3280 3230 3232 -1 3253 3251 3196 -1 3234 3281 3279 -1 3280 3232 3282 -1 3283 3254 3218 -1 3283 3218 3284 -1 3156 3284 3218 -1 3285 3281 3240 -1 3239 3285 3240 -1 3233 3270 3268 -1 3284 3156 3219 -1 3207 3184 3208 -1 3226 3207 3209 -1 3155 3256 3219 -1 3236 3206 3286 -1 3206 3213 3286 -1 3256 3255 3260 -1 3234 3286 3240 -1 3286 3234 3236 -1 3192 3216 3187 -1 3240 3286 3241 -1 3243 3233 3229 -1 3241 3286 3252 -1 3212 3287 3177 -1 3278 3243 3279 -1 3285 3239 3288 -1 3243 3216 3235 -1 3244 3235 3216 -1 3243 3235 3279 -1 3216 3192 3203 -1 3289 3275 3288 -1 3216 3203 3180 -1 3235 3244 3236 -1 3239 3238 3242 -1 3236 3244 3206 -1 3168 3246 3225 -1 3198 3200 3247 -1 3210 3198 3247 -1 3198 3210 3202 -1 3210 3162 3163 -1 3202 3181 3180 -1 3202 3210 3181 -1 3275 3289 3290 -1 3253 3242 3241 -1 3289 3242 3283 -1 3242 3253 3254 -1 3291 3292 3293 -1 3294 3295 3296 -1 3294 3293 3297 -1 3293 3292 3297 -1 3298 3292 3299 -1 3300 3292 3298 -1 3301 3302 3303 -1 3304 3305 3306 -1 3306 3305 3307 -1 3308 3309 3310 -1 3311 3312 3313 -1 3306 3307 3314 -1 3315 3316 3317 -1 3313 3312 3303 -1 3317 3318 3315 -1 3319 3318 3320 -1 3315 3318 3319 -1 3320 3321 3319 -1 3284 3308 3310 -1 3322 3309 3308 -1 3323 3324 3325 -1 3219 3308 3284 -1 3219 3322 3308 -1 3301 3326 3327 -1 3326 3257 3328 -1 3326 3322 3257 -1 3322 3219 3257 -1 3324 3329 3330 -1 3331 3332 3333 -1 3334 3335 3197 -1 3305 3336 3276 -1 3305 3276 3277 -1 3277 3263 3265 -1 3265 3337 3277 -1 3338 3337 3265 -1 2549 3221 3220 -1 2641 3221 2549 -1 3337 3338 3339 -1 3176 3217 3340 -1 3228 3267 2699 -1 3341 3228 2699 -1 3342 3195 3176 -1 3338 3271 3272 -1 3271 3285 3272 -1 3195 3245 3150 -1 3343 3344 3345 -1 3262 3169 3261 -1 3226 3228 3341 -1 3274 3346 3272 -1 3274 3273 3347 -1 3258 3222 3341 -1 3262 3249 3248 -1 3341 3222 3204 -1 3341 3204 3226 -1 3270 3278 3271 -1 3348 3349 3212 -1 3240 3281 3234 -1 3249 3212 3211 -1 3287 3212 3349 -1 3213 3252 3286 -1 3205 3207 3204 -1 3272 3288 3275 -1 3267 3323 3321 -1 2699 3267 3321 -1 3266 3350 3267 -1 3287 3260 3177 -1 3266 3230 3280 -1 3260 3255 3177 -1 3166 3212 3177 -1 3232 3233 3282 -1 3282 3233 3268 -1 3207 3205 3184 -1 3233 3243 3278 -1 3273 3275 3290 -1 3311 3273 3290 -1 2658 2657 3351 -1 3317 2658 3318 -1 3288 3239 3242 -1 2658 3351 3318 -1 3318 3351 3320 -1 3351 2657 3320 -1 3288 3242 3289 -1 3310 3290 3289 -1 3283 3310 3289 -1 3254 3283 3242 -1 3344 3352 3332 -1 3332 3353 3296 -1 3354 3355 3293 -1 3355 3291 3293 -1 3292 3291 3299 -1 3313 3356 3311 -1 3356 3313 3299 -1 3357 3296 3295 -1 3295 3294 3358 -1 3294 3297 3358 -1 3300 3358 3297 -1 3300 3297 3292 -1 3302 3298 3299 -1 3299 3313 3302 -1 3302 3313 3303 -1 3359 3360 3298 -1 3302 3359 3298 -1 3165 3197 3361 -1 3311 3290 3312 -1 3165 3361 3362 -1 3223 3165 3362 -1 3363 3335 3364 -1 3312 3290 3365 -1 3364 3336 3363 -1 3304 3362 3363 -1 3290 3310 3309 -1 3290 3309 3365 -1 3304 3306 3362 -1 3366 3362 3306 -1 3365 3303 3312 -1 3306 3314 3366 -1 3367 3368 3314 -1 3369 3367 3314 -1 3284 3310 3283 -1 3370 3368 3331 -1 3368 3367 3331 -1 3322 3365 3309 -1 3303 3326 3301 -1 3303 3322 3326 -1 3302 3301 3327 -1 3327 3326 3328 -1 3348 3327 3328 -1 3257 3259 3328 -1 3371 3372 3373 -1 3331 3333 3374 -1 3333 3332 3296 -1 3375 3376 3377 -1 3357 3378 3379 -1 3380 3381 3330 -1 3315 3319 3325 -1 3382 3360 3359 -1 3383 3360 3382 -1 3383 3382 3262 -1 3307 3305 3337 -1 3348 3382 3327 -1 3307 3337 3339 -1 3382 3249 3262 -1 3269 3265 3264 -1 3269 3271 3265 -1 3382 3348 3249 -1 3330 3325 3324 -1 3330 3329 3380 -1 3319 3321 3325 -1 3328 3259 3348 -1 3348 3259 3349 -1 3367 3369 3345 -1 3369 3343 3345 -1 3307 3339 3346 -1 3349 3259 3287 -1 3249 3348 3212 -1 3346 3339 3338 -1 3272 3346 3338 -1 3273 3311 3347 -1 3281 3278 3279 -1 3271 3278 3281 -1 3281 3285 3271 -1 3272 3285 3288 -1 3380 3329 3334 -1 3384 3329 3324 -1 3364 3335 3334 -1 3334 3329 3364 -1 3329 3336 3364 -1 2645 3221 2641 -1 3221 2645 2442 -1 2699 2550 3258 -1 2699 3258 3341 -1 2657 2699 3320 -1 3321 3320 2699 -1 3201 3221 2442 -1 3350 3323 3267 -1 3323 3325 3321 -1 3350 3266 3280 -1 3324 3350 3384 -1 3384 3350 3385 -1 3385 3264 3384 -1 3384 3264 3263 -1 3350 3280 3385 -1 3280 3282 3385 -1 3385 3282 3268 -1 3268 3264 3385 -1 3345 3344 3332 -1 3353 3332 3352 -1 3352 3355 3353 -1 3354 3353 3355 -1 3353 3354 3296 -1 3355 3356 3299 -1 3347 3311 3356 -1 3299 3291 3355 -1 3296 3354 3294 -1 3295 3358 3386 -1 3354 3293 3294 -1 3361 3335 3363 -1 3387 3388 3300 -1 3362 3361 3363 -1 3298 3360 3300 -1 3300 3360 3387 -1 3363 3336 3304 -1 3336 3305 3304 -1 3327 3359 3302 -1 3389 3368 3370 -1 3303 3365 3322 -1 3389 3366 3368 -1 3315 3330 3316 -1 3314 3368 3366 -1 3330 3315 3325 -1 3335 3361 3197 -1 3331 3345 3332 -1 3331 3367 3345 -1 3329 3384 3336 -1 3260 3287 3259 -1 3350 3324 3323 -1 3336 3384 3276 -1 3384 3263 3276 -1 3375 3390 3376 -1 3391 3342 3375 -1 3340 3342 3176 -1 3392 3388 3393 -1 3388 3387 3393 -1 3394 3371 3378 -1 3373 3372 3370 -1 3245 3195 3342 -1 3245 3393 3261 -1 3333 3373 3374 -1 3383 3387 3360 -1 3359 3327 3382 -1 3296 3357 3379 -1 3261 3393 3383 -1 3262 3261 3383 -1 3357 3377 3378 -1 3357 3295 3377 -1 3377 3295 3386 -1 3305 3277 3337 -1 3265 3271 3338 -1 3314 3307 3369 -1 3369 3307 3395 -1 3395 3343 3369 -1 3346 3274 3395 -1 3347 3352 3274 -1 3356 3355 3352 -1 3352 3347 3356 -1 3223 3362 3366 -1 3300 3386 3358 -1 3223 3389 3224 -1 3223 3366 3389 -1 3386 3300 3388 -1 3386 3388 3392 -1 3370 3331 3374 -1 3390 3375 3340 -1 3342 3340 3375 -1 3386 3392 3391 -1 3378 3371 3373 -1 3391 3392 3342 -1 3374 3373 3370 -1 3383 3393 3387 -1 3296 3373 3333 -1 3379 3373 3296 -1 3245 3392 3393 -1 3379 3378 3373 -1 3375 3377 3391 -1 3391 3377 3386 -1 3346 3395 3307 -1 3343 3395 3274 -1 3344 3343 3352 -1 3343 3274 3352 -1 3342 3392 3245 -1 3396 1215 1227 -1 1215 3396 1209 -1 1239 3397 1211 -1 1211 3397 3398 -1 1211 3398 1240 -1 3399 1241 1231 -1 1239 1217 3400 -1 1221 1433 3401 -1 1206 1221 3401 -1 3401 3402 1206 -1 3403 1206 3402 -1 1206 3403 1227 -1 3403 3404 1227 -1 3396 1227 3404 -1 3405 3401 1433 -1 1209 3396 3406 -1 3401 3405 3407 -1 3401 3407 3402 -1 1217 1247 3400 -1 1241 3399 2801 -1 3405 1433 1432 -1 3402 3407 3408 -1 1247 1209 3406 -1 3398 3409 1240 -1 1231 1240 3409 -1 3405 3408 3407 -1 3410 3402 3408 -1 3404 3403 3411 -1 1231 3409 3399 -1 2828 3399 3409 -1 3399 2828 2801 -1 1438 3405 1432 -1 3410 3403 3402 -1 3396 3412 3406 -1 3412 3396 3404 -1 3409 3398 3413 -1 3409 2844 2828 -1 3408 3405 3414 -1 3411 3403 3415 -1 3412 3404 3411 -1 3397 1239 3416 -1 3406 3400 1247 -1 3413 3398 3416 -1 3398 3397 3416 -1 3410 3408 3414 -1 1239 3400 3417 -1 3418 3403 3410 -1 3419 3420 3406 -1 3400 3406 3420 -1 3417 3400 3420 -1 3405 1438 1494 -1 3414 3405 1494 -1 1239 3417 3416 -1 3418 3410 3414 -1 3411 3415 3421 -1 3419 3406 3412 -1 2870 3409 3413 -1 3417 3420 3422 -1 3423 3422 3420 -1 2844 3409 2870 -1 3418 3414 3424 -1 3419 3412 3425 -1 3423 3420 3419 -1 3411 3426 3412 -1 3417 3427 3416 -1 3413 3416 3427 -1 3413 3427 2870 -1 3418 3415 3403 -1 3423 3419 3428 -1 3427 3417 3422 -1 1494 1487 3429 -1 3430 3415 3418 -1 3428 3419 3425 -1 3411 3421 3426 -1 3414 1494 3429 -1 2869 2870 3427 -1 3429 1487 1511 -1 3429 3424 3414 -1 3421 3431 3426 -1 3425 3412 3426 -1 2869 3427 2909 -1 3427 3422 3432 -1 3433 3422 3423 -1 3432 3422 3433 -1 3430 3421 3415 -1 3434 3427 3435 -1 3435 3427 3432 -1 2909 3427 3434 -1 1511 3436 3429 -1 3429 3437 3424 -1 3438 3418 3424 -1 3430 3418 3438 -1 3439 3435 3432 -1 3439 3432 3433 -1 3421 3440 3431 -1 3438 3424 3437 -1 3430 3438 3441 -1 3433 3423 3442 -1 3423 3428 3442 -1 3439 3433 3442 -1 3421 3430 3440 -1 3436 3437 3429 -1 3443 3428 3425 -1 3444 3425 3426 -1 3435 3439 3445 -1 3441 3440 3430 -1 3436 1511 3446 -1 3444 3426 3431 -1 3442 3428 3443 -1 3425 3444 3447 -1 3447 3443 3425 -1 2909 3434 3448 -1 3439 3449 3445 -1 3440 3450 3431 -1 3445 3448 3435 -1 3442 3451 3439 -1 3452 3442 3443 -1 3451 3449 3439 -1 1530 3446 1511 -1 3444 3431 3450 -1 3438 3437 3453 -1 3434 3435 3448 -1 3451 3442 3452 -1 3452 3443 3454 -1 3453 3441 3438 -1 3443 3447 3454 -1 3448 3445 3455 -1 3446 1530 1538 -1 3436 3446 3456 -1 3448 2952 2909 -1 3457 3452 3454 -1 3452 3457 3451 -1 3456 3446 3458 -1 3449 3459 3445 -1 3460 3451 3457 -1 3460 3449 3451 -1 3444 3450 3461 -1 3447 3444 3461 -1 3436 3456 3462 -1 3436 3462 3437 -1 3454 3447 3463 -1 3454 3464 3457 -1 3440 3441 3465 -1 3450 3440 3465 -1 1564 3446 1538 -1 3461 3463 3447 -1 3463 3464 3454 -1 3448 3455 2952 -1 3453 3466 3441 -1 3460 3459 3449 -1 3457 3467 3460 -1 3446 1564 3468 -1 3462 3456 3469 -1 3453 3437 3470 -1 3455 3445 3459 -1 3464 3467 3457 -1 3461 3450 3471 -1 3462 3470 3437 -1 3472 3441 3466 -1 3441 3472 3465 -1 3450 3465 3471 -1 3458 3446 3468 -1 3453 3470 3466 -1 3469 3456 3458 -1 3470 3462 3473 -1 3463 3461 3474 -1 3471 3465 3475 -1 3455 3459 3476 -1 2952 3455 3476 -1 3471 3474 3461 -1 2999 2952 3476 -1 3469 3477 3462 -1 3460 3467 3478 -1 3475 3465 3472 -1 3464 3463 3467 -1 3476 3459 3460 -1 3479 3468 3480 -1 3458 3468 3479 -1 3472 3466 3481 -1 3474 3471 3475 -1 3467 3463 3474 -1 3476 3460 3482 -1 3469 3458 3479 -1 3470 3481 3466 -1 3473 3481 3470 -1 1564 1597 3468 -1 3478 3467 3483 -1 3481 3475 3472 -1 1597 3480 3468 -1 3474 3475 3484 -1 3478 3482 3460 -1 3479 3477 3469 -1 3019 2999 3476 -1 3473 3462 3477 -1 3473 3485 3481 -1 1597 1596 3486 -1 3484 3483 3474 -1 3467 3474 3483 -1 3473 3477 3487 -1 3475 3481 3488 -1 3477 3479 3489 -1 3490 3473 3487 -1 3491 3478 3492 -1 3482 3478 3491 -1 3492 3478 3493 -1 3494 3495 3482 -1 3476 3482 3495 -1 3019 3476 3495 -1 3496 3019 3495 -1 3485 3473 3490 -1 3481 3485 3497 -1 3488 3481 3497 -1 3498 3475 3488 -1 3483 3493 3478 -1 3480 3499 3479 -1 3483 3484 3500 -1 3500 3501 3483 -1 3486 1596 1606 -1 1597 3486 3502 -1 1597 3502 3480 -1 3484 3475 3498 -1 3499 3480 3502 -1 3494 3482 3491 -1 3477 3489 3487 -1 3490 3487 3503 -1 3496 3495 3504 -1 3049 3019 3496 -1 3495 3494 3491 -1 3495 3491 3492 -1 3502 3486 1606 -1 3498 3500 3484 -1 3489 3503 3487 -1 3504 3495 3492 -1 1610 3505 1606 -1 3479 3499 3489 -1 3492 3493 3506 -1 3501 3493 3483 -1 3503 3507 3490 -1 3496 3504 3508 -1 3508 3049 3496 -1 3485 3490 3509 -1 3488 3497 3485 -1 3505 1610 1620 -1 3501 3500 3510 -1 3049 3508 3078 -1 3511 1606 3505 -1 3504 3492 3506 -1 3502 1606 3511 -1 3511 3512 3502 -1 3499 3502 3512 -1 3503 3489 3513 -1 3506 3493 3501 -1 3513 3507 3503 -1 3490 3507 3509 -1 3508 3504 3506 -1 3485 3509 3488 -1 3514 3488 3509 -1 3505 1620 3515 -1 3513 3489 3499 -1 3498 3488 3514 -1 3500 3498 3514 -1 3514 3510 3500 -1 3516 3506 3501 -1 3511 3505 3515 -1 3507 3513 3517 -1 3506 3518 3519 -1 3508 3506 3519 -1 3499 3512 3520 -1 3513 3499 3520 -1 3521 3522 3523 -1 3522 3524 3523 -1 3516 3510 3525 -1 3501 3510 3516 -1 1620 3526 3515 -1 3515 3526 3511 -1 3525 3510 3514 -1 3526 3527 3511 -1 3512 3511 3527 -1 3520 3512 3527 -1 3506 3516 3518 -1 3119 3078 3508 -1 3521 3523 3528 -1 3529 3522 3530 -1 3524 3522 3529 -1 1620 1629 3531 -1 3517 3532 3507 -1 3525 3514 3509 -1 3517 3513 3520 -1 3507 3533 3509 -1 3533 3534 3509 -1 3518 3535 3519 -1 3526 1620 3531 -1 3532 3533 3507 -1 3536 3537 3138 -1 3521 3538 3536 -1 3526 3539 3527 -1 3521 3528 3538 -1 3524 3528 3523 -1 3522 3521 3530 -1 3540 3119 3508 -1 3508 3519 3540 -1 3534 3525 3509 -1 3138 3541 3542 -1 3138 3537 3541 -1 3531 1629 1637 -1 3537 3536 3538 -1 3539 3526 3531 -1 3524 3543 3528 -1 3540 3519 3535 -1 3542 3541 3544 -1 3534 3545 3525 -1 3538 3528 3546 -1 3517 3520 3547 -1 3547 3532 3517 -1 3548 3549 3533 -1 3550 3535 3518 -1 3534 3533 3549 -1 3518 3516 3551 -1 3516 3525 3551 -1 3542 3544 3139 -1 3531 1637 3552 -1 3521 3536 3553 -1 3532 3548 3533 -1 3541 3537 3554 -1 3555 3527 3539 -1 3520 3527 3555 -1 3556 3557 3558 -1 3547 3559 3532 -1 3524 3529 3543 -1 3550 3518 3560 -1 3138 3542 3139 -1 3535 3550 3561 -1 3545 3534 3562 -1 3551 3525 3545 -1 3552 1637 1648 -1 3563 3531 3552 -1 3564 3531 3563 -1 3539 3531 3564 -1 3548 3532 3565 -1 3566 3558 3567 -1 3536 3138 3140 -1 3553 3536 3140 -1 3546 3528 3543 -1 3568 3550 3560 -1 3518 3551 3560 -1 3540 3535 3569 -1 3544 3541 3554 -1 3570 3571 3572 -1 3573 3534 3549 -1 3562 3534 3573 -1 3545 3574 3551 -1 3575 3544 3576 -1 3554 3576 3544 -1 3139 3544 3164 -1 3577 3563 3552 -1 3558 3557 3567 -1 3556 3558 3566 -1 3547 3520 3555 -1 3554 3537 3578 -1 3530 3521 3553 -1 3561 3569 3535 -1 3119 3540 3142 -1 3570 3572 3579 -1 3580 1653 1652 -1 3580 1648 1653 -1 1648 3580 3552 -1 3581 3556 3566 -1 3564 3563 3582 -1 3583 3539 3564 -1 3529 3584 3543 -1 3551 3585 3560 -1 3580 3586 3552 -1 3577 3552 3586 -1 3563 3577 3582 -1 3559 3565 3532 -1 3549 3587 3573 -1 3572 3571 3588 -1 3538 3578 3537 -1 1652 3589 3580 -1 3580 3589 3586 -1 2431 3590 3591 -1 3568 3560 3592 -1 3592 3560 3585 -1 3540 3593 3142 -1 2567 3567 3557 -1 3567 3594 3566 -1 3594 3581 3566 -1 3595 3596 1667 -1 3595 3597 3596 -1 3582 3583 3564 -1 3555 3539 3598 -1 3598 3599 3547 -1 3576 3554 3600 -1 3555 3598 3547 -1 3601 3548 3565 -1 3549 3548 3601 -1 3602 3578 3538 -1 3568 3561 3550 -1 3574 3603 3551 -1 3569 3593 3540 -1 3588 3571 3604 -1 3605 3570 3579 -1 2567 3557 3556 -1 3594 3567 3606 -1 3581 3594 3607 -1 3559 3547 3599 -1 3591 3608 3609 -1 3591 3590 3608 -1 3545 3562 3574 -1 3610 3544 3575 -1 3164 3544 3610 -1 3601 3587 3549 -1 3538 3546 3611 -1 3543 3584 3612 -1 2567 3556 2115 -1 3556 3581 3613 -1 3584 3529 3614 -1 3615 3616 3617 -1 3589 1652 1663 -1 3614 3615 3584 -1 3618 3586 3589 -1 3619 3597 3595 -1 3603 3585 3551 -1 3597 3620 3596 -1 3586 3621 3622 -1 3622 3577 3586 -1 3577 3622 3582 -1 1664 1667 3596 -1 3598 3539 3583 -1 3591 2324 2431 -1 3623 3559 3599 -1 3590 2431 2505 -1 3624 3591 3609 -1 3554 3578 3600 -1 3606 3567 2566 -1 3594 3606 3607 -1 3625 3589 1663 -1 3625 3618 3589 -1 3621 3586 3618 -1 1668 3626 3595 -1 3579 3572 3588 -1 3584 3627 3612 -1 3578 3602 3628 -1 3140 3224 3553 -1 3530 3553 3224 -1 1668 3595 1667 -1 3584 3615 3627 -1 3614 3616 3615 -1 3629 3615 3617 -1 3617 3630 3631 -1 3620 3597 3632 -1 1664 3596 3633 -1 3625 1663 1669 -1 3538 3611 3602 -1 3565 3559 3623 -1 3634 3568 3635 -1 3636 3637 3638 -1 3587 3601 3639 -1 3640 3641 3642 -1 3543 3612 3546 -1 3643 3614 3529 -1 3569 3561 3644 -1 3556 3613 2115 -1 3617 3616 3630 -1 3567 2567 2566 -1 3617 3631 3629 -1 3591 3624 2324 -1 3645 3622 3621 -1 3646 3624 3609 -1 3582 3622 3647 -1 3593 3569 3644 -1 3582 3647 3583 -1 3575 3576 3648 -1 3593 3217 3142 -1 3648 3576 3600 -1 3649 3626 1668 -1 3595 3626 3650 -1 3573 3651 3562 -1 3619 3595 3650 -1 3574 3562 3651 -1 3632 3597 3619 -1 1664 3633 3652 -1 3653 1664 3652 -1 3654 3655 3619 -1 3605 3656 3657 -1 3598 3583 3647 -1 3647 3658 3598 -1 3659 3660 3661 -1 3662 3625 1669 -1 3663 3664 3665 -1 3666 3625 3662 -1 3612 3627 3667 -1 3600 3578 3628 -1 3618 3625 3666 -1 3668 3618 3666 -1 3669 3568 3634 -1 3561 3568 3669 -1 3618 3670 3621 -1 3671 3637 3636 -1 3529 3530 3643 -1 3672 3673 3674 -1 3530 3224 3675 -1 3643 3530 3675 -1 3638 3637 3676 -1 3637 3671 3677 -1 3678 3627 3615 -1 3677 3676 3637 -1 3644 3217 3593 -1 3629 3631 3679 -1 3631 3634 3679 -1 3680 3681 3682 -1 3630 3683 3631 -1 3684 3685 3579 -1 3588 3684 3579 -1 3684 3588 3686 -1 3687 3688 3642 -1 1668 2018 3649 -1 3571 3570 3689 -1 3690 3691 3692 -1 3642 3641 3665 -1 3693 3694 3695 -1 3696 3691 3697 -1 3626 3698 3650 -1 3699 3700 3701 -1 3702 3698 3703 -1 3699 3702 3700 -1 2324 3624 2583 -1 3654 3702 3699 -1 3647 3622 3704 -1 3608 3590 2505 -1 3705 3608 2505 -1 3706 3707 3708 -1 3709 3710 3711 -1 3712 3713 3714 -1 3715 3713 3712 -1 3633 3596 3716 -1 3716 3652 3633 -1 3696 3609 3608 -1 3696 3608 3717 -1 3718 3608 3705 -1 3717 3608 3718 -1 1659 1664 3653 -1 3600 3719 3648 -1 3575 3381 3610 -1 3197 3164 3610 -1 3693 3695 3720 -1 3721 3722 3723 -1 3724 3725 3726 -1 3695 3694 3727 -1 3700 3702 3703 -1 3725 3724 3728 -1 3729 3730 3731 -1 3732 3724 3726 -1 3733 3734 3735 -1 3724 3732 3736 -1 3737 3738 3707 -1 3739 3732 3726 -1 3740 3737 3741 -1 3628 3742 3743 -1 3602 3742 3628 -1 3744 3745 3746 -1 3698 3702 3747 -1 3739 3736 3732 -1 3748 3746 3745 -1 3691 3696 3717 -1 3742 3749 3750 -1 3739 3751 3752 -1 3752 3751 3753 -1 3754 3755 3737 -1 3741 3737 3755 -1 3656 3756 3657 -1 3757 3699 3701 -1 3648 3754 3692 -1 3758 3657 3756 -1 3699 3757 3654 -1 3758 3660 3659 -1 3581 3759 3613 -1 3760 3657 3758 -1 3761 3657 3760 -1 3581 3607 3762 -1 3760 3758 3659 -1 3622 3645 3704 -1 3763 3764 3652 -1 3661 3660 3765 -1 3766 3767 3764 -1 3768 3769 3770 -1 3770 3769 3741 -1 3658 3647 3704 -1 3659 3661 3771 -1 3661 3749 3611 -1 3772 3773 3711 -1 3611 3771 3661 -1 3611 3546 3774 -1 3754 3648 3719 -1 3599 3598 3775 -1 3623 3599 3775 -1 3755 3776 3770 -1 3776 3731 3770 -1 3777 3772 3711 -1 3628 3776 3719 -1 3778 3766 3779 -1 3780 3766 3778 -1 3781 3782 3783 -1 3711 3710 3777 -1 1672 3784 3785 -1 3786 3787 3788 -1 3317 3705 2505 -1 3789 3787 3786 -1 3718 3575 3717 -1 3546 3612 3774 -1 3612 3667 3774 -1 3718 3381 3575 -1 3648 3717 3575 -1 3649 3790 3626 -1 3626 3790 3698 -1 3791 3792 3793 -1 3790 3703 3698 -1 3794 3795 3760 -1 3747 3619 3650 -1 3596 3620 3716 -1 3796 3797 3798 -1 3799 3779 3800 -1 3634 3631 3683 -1 3716 3620 3801 -1 3614 3643 3802 -1 3803 3778 3804 -1 3805 3798 3797 -1 3635 3568 3592 -1 3784 3806 3785 -1 3585 3807 3592 -1 3662 1669 3808 -1 3809 3810 3811 -1 3812 3813 3814 -1 3574 3815 3603 -1 3816 3812 3814 -1 3217 3644 3817 -1 3818 3655 3654 -1 3670 3618 3668 -1 3587 3651 3573 -1 3819 3820 3821 -1 3655 3822 3823 -1 3820 3824 3821 -1 3825 3674 3820 -1 3820 3674 3673 -1 3824 3673 3680 -1 3826 3674 3825 -1 3827 3828 3777 -1 3826 3829 3672 -1 3818 3777 3828 -1 3830 3831 3829 -1 3832 3824 3680 -1 3680 3673 3681 -1 3680 3682 3832 -1 3828 3827 3833 -1 3827 3834 3833 -1 3681 3835 3682 -1 3728 3830 3829 -1 3830 3724 3836 -1 3830 3836 3837 -1 3736 3836 3724 -1 3836 3736 3684 -1 3818 3828 3664 -1 3836 3686 3837 -1 3836 3684 3686 -1 3588 3604 3686 -1 3752 3838 3685 -1 3685 3839 3579 -1 3839 3605 3579 -1 3839 3838 3656 -1 3656 3838 3753 -1 3753 3840 3656 -1 3839 3656 3605 -1 3828 3833 3664 -1 3841 3842 3843 -1 3604 3571 3844 -1 3844 3571 3689 -1 3570 3605 3689 -1 3822 3845 3823 -1 3846 3845 3822 -1 3845 3846 3847 -1 3664 3663 3846 -1 3691 3690 3697 -1 3696 3646 3609 -1 3697 3646 3696 -1 3663 3665 3848 -1 3849 3850 3851 -1 3711 3773 3709 -1 3636 3851 3850 -1 3849 3851 3852 -1 3853 3852 3851 -1 3851 3636 3853 -1 3853 3636 3638 -1 3854 3855 3677 -1 2648 3856 2655 -1 3857 3858 3859 -1 3860 3861 3857 -1 3834 3827 3710 -1 3834 3710 3687 -1 3687 3853 3688 -1 3688 3853 3862 -1 3834 3642 3833 -1 3687 3642 3834 -1 3676 3863 3638 -1 3638 3863 3862 -1 3862 3863 3864 -1 3677 3863 3676 -1 3865 3864 3866 -1 3864 3865 3867 -1 3868 3640 3642 -1 3869 3640 3868 -1 3641 3819 3665 -1 3640 3870 3641 -1 3825 3641 3870 -1 3640 3869 3870 -1 3869 3826 3870 -1 3869 3871 3826 -1 3858 3857 3872 -1 3865 3873 3867 -1 3873 3874 3875 -1 3872 3857 3861 -1 3872 3861 3876 -1 3877 3878 3879 -1 3840 3753 3730 -1 3720 3695 3878 -1 3753 3731 3730 -1 3840 3730 3756 -1 3840 3756 3656 -1 3875 3715 3880 -1 3881 3878 3695 -1 3880 3726 3875 -1 3739 3726 3880 -1 3881 3695 3727 -1 3751 3739 3880 -1 3727 3882 3883 -1 3756 3730 3765 -1 3730 3729 3765 -1 3880 3712 3751 -1 3752 3736 3739 -1 3877 3879 3884 -1 3885 3886 3887 -1 3750 3729 3731 -1 3750 3743 3742 -1 3700 3703 3888 -1 3701 3888 3790 -1 3743 3776 3628 -1 3700 3888 3701 -1 3653 1665 1659 -1 3701 3886 3889 -1 1665 3653 1673 -1 3890 3733 3735 -1 3757 3701 3889 -1 3729 3750 3765 -1 3891 3890 3735 -1 3708 3721 3723 -1 3767 3653 3652 -1 3890 3891 3892 -1 3879 3878 3893 -1 3742 3602 3749 -1 3878 3881 3893 -1 3747 3702 3654 -1 3893 3881 3883 -1 3894 3883 3882 -1 3756 3660 3758 -1 1674 3767 3766 -1 3756 3765 3660 -1 3764 3767 3652 -1 3892 3745 3744 -1 3895 3889 3886 -1 3738 3708 3707 -1 3772 3889 3895 -1 3896 3746 3748 -1 3757 3889 3772 -1 3896 3748 3897 -1 3714 3738 3898 -1 3899 3761 3760 -1 3895 3773 3772 -1 3712 3714 3898 -1 1674 3766 3780 -1 3740 3712 3898 -1 3882 3900 3894 -1 1671 3784 1672 -1 3901 3894 3900 -1 3894 3901 3902 -1 3611 3749 3602 -1 3898 3738 3737 -1 3757 3772 3777 -1 3903 3780 3803 -1 3803 3780 3778 -1 3774 3771 3611 -1 3806 3903 3803 -1 3898 3737 3740 -1 3659 3771 3904 -1 3763 3905 3906 -1 3793 3906 3905 -1 3905 3791 3793 -1 3761 3899 3907 -1 3908 3907 3899 -1 3905 3716 3801 -1 3795 3908 3899 -1 3906 3793 3909 -1 3764 3779 3766 -1 3707 3692 3737 -1 3763 3716 3905 -1 3652 3716 3763 -1 3910 3908 3911 -1 3619 3747 3654 -1 3800 3779 3909 -1 3792 3848 3912 -1 3717 3692 3691 -1 3823 3619 3655 -1 3792 3913 3793 -1 3894 3902 3914 -1 3823 3801 3632 -1 3822 3655 3818 -1 3915 3916 3917 -1 3664 3822 3818 -1 3737 3692 3754 -1 3918 3913 3798 -1 3796 3798 3913 -1 3805 3918 3798 -1 3912 3821 3796 -1 3777 3710 3827 -1 3911 3919 3920 -1 3921 3922 3923 -1 3779 3799 3778 -1 3648 3692 3717 -1 3768 3751 3712 -1 3645 3621 3924 -1 3799 3800 3918 -1 3733 3645 3924 -1 3918 3925 3799 -1 3801 3620 3632 -1 3823 3845 3926 -1 3778 3799 3927 -1 3664 3846 3822 -1 3795 3899 3760 -1 3733 3890 3928 -1 3804 3778 3929 -1 3733 3928 3930 -1 3926 3905 3801 -1 3778 3927 3929 -1 3930 3645 3733 -1 3904 3794 3760 -1 3847 3792 3791 -1 3645 3658 3704 -1 3931 3925 3805 -1 3932 3794 3904 -1 3751 3768 3753 -1 3919 3911 3908 -1 3795 3919 3908 -1 3933 3892 3744 -1 3797 3931 3805 -1 3846 3663 3847 -1 3847 3663 3848 -1 3746 3933 3744 -1 3753 3768 3770 -1 3934 3933 3935 -1 3813 3931 3814 -1 3629 3678 3615 -1 3814 3931 3936 -1 3937 3775 3658 -1 3887 3938 3885 -1 3658 3775 3598 -1 3755 3754 3719 -1 3939 3606 2566 -1 3785 1670 1672 -1 3755 3770 3741 -1 3939 3607 3606 -1 3886 3885 3895 -1 3613 3940 2115 -1 3613 3759 3940 -1 3941 3942 3943 -1 3803 3808 3806 -1 3885 3944 3945 -1 3946 3885 3938 -1 3885 3946 3944 -1 3947 3948 3949 -1 3942 3941 3623 -1 1670 3950 1669 -1 3947 3635 3951 -1 3762 3952 3946 -1 1669 3950 3808 -1 3762 3759 3581 -1 3953 3789 3954 -1 3955 3781 3897 -1 3897 3781 3783 -1 3808 3803 3804 -1 3956 3781 3955 -1 3607 3939 3762 -1 3592 3807 3951 -1 3954 3951 3807 -1 3929 3813 3957 -1 3731 3776 3743 -1 3782 3781 3956 -1 3952 3944 3946 -1 3592 3951 3635 -1 3958 3959 3960 -1 3922 3961 3923 -1 3666 3662 3958 -1 3962 3773 3895 -1 3789 3786 3963 -1 3960 3666 3958 -1 3961 3789 3963 -1 3895 3885 3945 -1 3945 3962 3895 -1 3850 3962 3945 -1 3929 3927 3813 -1 3787 3964 3788 -1 3813 3959 3957 -1 3802 3616 3614 -1 3789 3953 3787 -1 3809 3965 3810 -1 3372 3802 3643 -1 3812 3959 3813 -1 3372 3643 3675 -1 3628 3719 3600 -1 3849 3962 3850 -1 3850 3945 3636 -1 3811 3966 3809 -1 3967 3782 3968 -1 3773 3849 3709 -1 3616 3802 3630 -1 3630 3802 3969 -1 3668 3960 3970 -1 3960 3971 3970 -1 3718 3705 3316 -1 3852 3710 3709 -1 3815 3585 3603 -1 3971 3812 3972 -1 3816 3972 3812 -1 3849 3852 3709 -1 3705 3317 3316 -1 3971 3972 3973 -1 3669 3634 3974 -1 3969 3683 3630 -1 3561 3669 3644 -1 3671 3636 3945 -1 3974 3969 3975 -1 3974 3683 3969 -1 3973 3970 3971 -1 3945 3944 3854 -1 3976 3587 3639 -1 3854 3671 3945 -1 3669 3974 3975 -1 3671 3854 3677 -1 2648 2649 3977 -1 3978 3979 3977 -1 3651 3587 3980 -1 3821 3912 3819 -1 3819 3825 3820 -1 2653 3977 2649 -1 3981 3797 3821 -1 2653 3978 3977 -1 3824 3820 3673 -1 3982 3944 3952 -1 2627 2655 3856 -1 3983 3673 3672 -1 3829 3983 3672 -1 3649 2089 3790 -1 3977 3952 3856 -1 3983 3829 3831 -1 3982 3952 3977 -1 3681 3983 3835 -1 3790 3888 3703 -1 3856 2648 3977 -1 3981 3821 3824 -1 3698 3747 3650 -1 3982 3977 3979 -1 3797 3981 3936 -1 3981 3824 3832 -1 3982 3854 3944 -1 3860 3979 3984 -1 3978 3984 3979 -1 3859 3854 3982 -1 3854 3859 3855 -1 3936 3832 3814 -1 3701 3790 3985 -1 3982 3860 3857 -1 3859 3982 3857 -1 3985 3887 3886 -1 3701 3985 3886 -1 3720 3986 3832 -1 3978 3706 3984 -1 3855 3866 3677 -1 3855 3859 3866 -1 3982 3979 3860 -1 3706 3723 3722 -1 3835 3842 3693 -1 3835 3693 3682 -1 3723 3706 3708 -1 3720 3682 3693 -1 2653 2693 3978 -1 3860 3984 3722 -1 3978 2693 3987 -1 3978 3987 3706 -1 3380 3610 3381 -1 3706 3987 3697 -1 3861 3860 3721 -1 2693 2583 3624 -1 2693 3624 3987 -1 3728 3724 3830 -1 3853 3687 3710 -1 3697 3987 3646 -1 3987 3624 3646 -1 3380 3334 3610 -1 3697 3690 3706 -1 3706 3690 3707 -1 3692 3707 3690 -1 3837 3831 3830 -1 3831 3843 3842 -1 3610 3334 3197 -1 3868 3642 3688 -1 3688 3862 3988 -1 3638 3862 3853 -1 3863 3677 3866 -1 3866 3864 3863 -1 3684 3736 3685 -1 3839 3685 3838 -1 3752 3753 3838 -1 3862 3864 3867 -1 3642 3665 3833 -1 3665 3664 3833 -1 3842 3835 3983 -1 3825 3819 3641 -1 3868 3988 3869 -1 3988 3862 3867 -1 3843 3686 3841 -1 3841 3686 3604 -1 3988 3871 3869 -1 3694 3693 3842 -1 3694 3842 3989 -1 3990 3694 3989 -1 3826 3672 3674 -1 3841 3989 3842 -1 3841 3604 3989 -1 3826 3871 3728 -1 3989 3991 3901 -1 3826 3728 3829 -1 3728 3871 3725 -1 3859 3858 3866 -1 3657 3761 3605 -1 3689 3991 3844 -1 3872 3866 3858 -1 3991 3689 3907 -1 3986 3814 3832 -1 3865 3866 3873 -1 3873 3866 3874 -1 3866 3872 3874 -1 3872 3876 3874 -1 3861 3721 3876 -1 3876 3721 3713 -1 3874 3876 3715 -1 3713 3715 3876 -1 3874 3715 3875 -1 3867 3725 3871 -1 3726 3725 3867 -1 3770 3731 3753 -1 3842 3983 3831 -1 3782 3943 3783 -1 3688 3988 3868 -1 3782 3967 3943 -1 3832 3936 3981 -1 3743 3750 3731 -1 3963 3915 3923 -1 3963 3923 3961 -1 2089 3649 2018 -1 3788 3963 3786 -1 3750 3749 3765 -1 2078 3992 2094 -1 3953 3964 3787 -1 2505 2658 3317 -1 3967 3993 3941 -1 3968 3993 3967 -1 3904 3760 3659 -1 3790 2089 2094 -1 3976 3993 3968 -1 3968 3782 3994 -1 3765 3749 3661 -1 2078 2116 3992 -1 3994 3976 3968 -1 3565 3993 3601 -1 3826 3825 3870 -1 3887 3992 3995 -1 3831 3837 3843 -1 3985 3992 3887 -1 3843 3837 3686 -1 3714 3713 3721 -1 3988 3867 3871 -1 3738 3721 3708 -1 3904 3771 3774 -1 3714 3721 3738 -1 3985 3790 2094 -1 3627 3904 3774 -1 3627 3774 3667 -1 3996 3994 3964 -1 3994 3996 3976 -1 3604 3844 3989 -1 3712 3740 3769 -1 3953 3810 3965 -1 3964 3953 3996 -1 3953 3965 3996 -1 3938 3887 3995 -1 3712 3769 3768 -1 3605 3761 3689 -1 3769 3740 3741 -1 3996 3965 3997 -1 3844 3991 3989 -1 3976 3997 3587 -1 3980 3587 3997 -1 3755 3719 3776 -1 3654 3757 3818 -1 3986 3816 3814 -1 3873 3875 3867 -1 3224 3389 3675 -1 3381 3718 3316 -1 3972 3816 3877 -1 3823 3632 3619 -1 3381 3316 3330 -1 3877 3998 3878 -1 3986 3720 3998 -1 3998 3720 3878 -1 3818 3757 3777 -1 3990 3727 3694 -1 3706 3722 3984 -1 3801 3823 3926 -1 3727 3883 3881 -1 3727 3900 3882 -1 3877 3884 3973 -1 3893 3999 3879 -1 3884 3879 3891 -1 3905 3926 3791 -1 3791 3926 3845 -1 3847 3791 3845 -1 3948 3961 3922 -1 3961 3948 3947 -1 3904 3678 3932 -1 3947 3789 3961 -1 3867 3875 3726 -1 3947 3949 3635 -1 3847 3848 3792 -1 3795 4000 3919 -1 3947 3954 3789 -1 3893 3745 3999 -1 3794 3932 3795 -1 3795 3932 4000 -1 3848 3665 3819 -1 3954 3810 3953 -1 3819 3912 3848 -1 3954 3947 3951 -1 4001 3745 3893 -1 4000 3932 4002 -1 3892 3891 3999 -1 3892 3999 3745 -1 4001 3914 3748 -1 4001 3748 3745 -1 3678 3904 3627 -1 3989 3901 3990 -1 3678 3629 4002 -1 3910 3901 3991 -1 3938 3759 3946 -1 3811 3810 3807 -1 3759 3762 3946 -1 3920 3919 4003 -1 3811 3807 3966 -1 3809 3997 3965 -1 3902 3901 3910 -1 3919 4004 4003 -1 3715 3712 3880 -1 3966 3980 3809 -1 3919 4000 4004 -1 3966 3651 3980 -1 3991 3907 3910 -1 3948 4003 4004 -1 3762 2627 3952 -1 3689 3761 3907 -1 3922 4003 3948 -1 3966 3815 3651 -1 3815 3574 3651 -1 4000 4005 4004 -1 3902 3910 3911 -1 3907 3908 3910 -1 3949 4004 4005 -1 3948 4004 3949 -1 3773 3962 3849 -1 4002 3629 3679 -1 3853 3710 3852 -1 3669 3975 3817 -1 3685 3736 3752 -1 4000 4002 4005 -1 3914 3883 3894 -1 3817 3975 3376 -1 3817 3376 3390 -1 3914 3902 3917 -1 3634 4005 3679 -1 3669 3817 3644 -1 3916 3897 3914 -1 4005 3635 3949 -1 3635 4005 3634 -1 3748 3914 3897 -1 3914 3917 3916 -1 3683 3974 3634 -1 3915 3955 3916 -1 3817 3340 3217 -1 3370 3372 3675 -1 3902 3921 3917 -1 3902 3911 3921 -1 3969 3802 3394 -1 3802 3372 3371 -1 3911 3920 3921 -1 3917 3921 3923 -1 3856 3952 2627 -1 3915 3917 3923 -1 3653 1674 1673 -1 3653 3767 1674 -1 3921 3920 3922 -1 3922 3920 4003 -1 3909 3764 3763 -1 3890 3892 3934 -1 3934 3928 3890 -1 3721 3860 3722 -1 3658 3930 3937 -1 3645 3930 3658 -1 3934 4006 3928 -1 3975 3969 3394 -1 4007 3928 4006 -1 3930 3928 4007 -1 3892 3933 3934 -1 2673 3939 2566 -1 3939 2673 2624 -1 3896 3933 3746 -1 3933 3896 3935 -1 3935 3896 3783 -1 3934 3935 4006 -1 1674 3780 3903 -1 3394 3378 3975 -1 3759 3938 3940 -1 3378 3377 3975 -1 3935 3783 3943 -1 3975 3377 3376 -1 3903 3784 1671 -1 3762 3939 2627 -1 3775 4007 3942 -1 4007 3775 3937 -1 3941 3943 3967 -1 3903 3806 3784 -1 3623 3775 3942 -1 3565 3623 3941 -1 3993 3565 3941 -1 3909 3763 3906 -1 3897 3783 3896 -1 3956 3955 3788 -1 3939 2624 2627 -1 3764 3909 3779 -1 3913 3909 3793 -1 3913 3792 3912 -1 3796 3913 3912 -1 3800 3913 3918 -1 3927 3799 3925 -1 3918 3805 3925 -1 3927 3931 3813 -1 3931 3797 3936 -1 1670 3785 3950 -1 3950 3806 3808 -1 3950 3785 3806 -1 3957 3662 3804 -1 3958 3662 3957 -1 3958 3957 3959 -1 3812 3960 3959 -1 3812 3971 3960 -1 3973 3972 3877 -1 3666 3960 3668 -1 3668 3970 3670 -1 3973 3670 3970 -1 3734 3621 3670 -1 3621 3734 3924 -1 3734 3733 3924 -1 3796 3821 3797 -1 3673 3983 3681 -1 3788 3915 3963 -1 3832 3682 3720 -1 3915 3788 3955 -1 3956 3788 3964 -1 3956 3964 3782 -1 1674 3903 1671 -1 3998 3816 3986 -1 3601 3993 3639 -1 3993 3976 3639 -1 3992 2116 3995 -1 3816 3998 3877 -1 3985 2094 3992 -1 3782 3964 3994 -1 3389 3370 3675 -1 3727 3990 3900 -1 3800 3909 3913 -1 3973 3884 3735 -1 2088 2115 3995 -1 3996 3997 3976 -1 3735 3884 3891 -1 3999 3891 3879 -1 3940 3995 2115 -1 3810 3954 3807 -1 3893 3883 4001 -1 3995 2116 2088 -1 3925 3931 3927 -1 4001 3883 3914 -1 3932 3678 4002 -1 3900 3990 3901 -1 3966 3807 3815 -1 3997 3809 3980 -1 3807 3585 3815 -1 4002 3679 4005 -1 3808 3804 3662 -1 3802 3371 3394 -1 3804 3929 3957 -1 4007 3937 3930 -1 3943 4006 3935 -1 4007 4006 3942 -1 3942 4006 3943 -1 3916 3955 3897 -1 3670 3973 3734 -1 3995 3940 3938 -1 3735 3734 3973 -1 3817 3390 3340 -1 4008 4009 4010 -1 4009 305 4010 -1 265 305 4009 -1 285 4011 4012 -1 285 4012 335 -1 339 333 4013 -1 305 4014 4010 -1 4014 305 339 -1 265 4009 280 -1 4009 4008 4011 -1 4012 4015 1745 -1 335 4012 1745 -1 280 4009 4011 -1 280 4011 285 -1 4016 4017 4018 -1 4017 333 4019 -1 4020 4019 333 -1 333 4017 4013 -1 4014 4021 4010 -1 4014 339 4013 -1 4011 4008 4022 -1 4015 4012 4022 -1 4022 4012 4011 -1 4019 4018 4017 -1 4017 4014 4013 -1 1749 4015 1759 -1 4014 4017 4023 -1 4014 4023 4021 -1 4021 4024 4010 -1 4025 4008 4010 -1 4008 4025 4026 -1 4026 4022 4008 -1 1745 4015 1749 -1 4010 4024 4027 -1 4010 4027 4025 -1 4028 4026 4025 -1 4029 4015 4026 -1 4026 4015 4022 -1 4018 4030 4031 -1 4017 4016 4023 -1 4028 4025 4027 -1 4032 4028 4033 -1 4029 4028 4032 -1 4026 4028 4029 -1 1763 1759 4029 -1 4015 4029 1759 -1 4023 4016 4021 -1 4030 4018 4034 -1 4031 4030 4035 -1 4020 4036 4019 -1 4016 4018 4031 -1 4027 4024 4037 -1 4027 4033 4028 -1 4016 4035 4021 -1 4021 4035 4024 -1 4027 4038 4033 -1 1763 4029 4032 -1 4031 4035 4016 -1 4018 4039 4034 -1 4036 4040 4041 -1 4039 4018 4041 -1 4036 4041 4019 -1 4019 4041 4018 -1 4038 4027 4037 -1 4042 1775 1763 -1 1763 4032 4042 -1 4033 4038 4032 -1 4034 4043 4044 -1 4034 4045 4030 -1 4030 4045 4035 -1 4041 4040 4039 -1 4037 4024 4046 -1 4046 4024 4035 -1 4047 4037 4046 -1 4044 4047 4046 -1 4035 4044 4046 -1 4048 4038 4037 -1 4032 4038 4042 -1 4040 4049 4050 -1 4051 4049 4052 -1 4052 4049 4040 -1 4040 4050 4039 -1 4034 4053 4043 -1 4034 4039 4053 -1 4045 4034 4044 -1 4045 4044 4035 -1 4048 4037 4054 -1 4048 4055 4038 -1 4055 4042 4038 -1 4042 4055 1775 -1 4056 4053 4057 -1 4057 4053 4050 -1 4053 4039 4050 -1 4047 4054 4037 -1 4043 4047 4044 -1 4047 4058 4054 -1 4055 4048 1775 -1 4051 4059 4049 -1 4053 4056 4047 -1 4047 4043 4053 -1 4060 4058 4056 -1 4047 4056 4058 -1 4058 4061 4054 -1 4048 4062 1775 -1 4061 4048 4054 -1 4062 4061 4063 -1 4048 4061 4062 -1 4049 4059 4064 -1 4064 4050 4049 -1 4057 4064 4065 -1 4050 4064 4057 -1 4059 4051 4066 -1 4067 4056 4057 -1 4056 4067 4060 -1 4061 4068 4063 -1 4069 4059 4066 -1 4060 4068 4061 -1 4058 4060 4061 -1 4059 4069 4070 -1 4065 4067 4057 -1 4071 4060 4067 -1 4068 4072 4063 -1 4063 4072 4062 -1 4070 4073 4059 -1 4062 4072 4074 -1 4065 4064 4075 -1 4067 4065 4075 -1 1775 4062 1800 -1 4076 4064 4059 -1 4064 4076 4075 -1 4073 4070 4077 -1 4068 4060 4071 -1 4076 4059 4073 -1 1800 4062 4078 -1 4067 4075 4071 -1 4071 4079 4068 -1 4068 4079 4072 -1 4077 4080 4073 -1 4062 4074 4078 -1 4071 4075 4081 -1 1800 4078 4082 -1 4083 4071 4081 -1 4074 4072 4079 -1 4084 4075 4076 -1 4081 4075 4084 -1 4079 4071 4083 -1 4078 4074 4085 -1 4076 4073 4086 -1 1821 1800 4082 -1 4073 4080 4086 -1 4082 4078 1849 -1 4079 4087 4074 -1 4086 4084 4076 -1 1821 4082 1849 -1 4088 4081 4084 -1 4081 4088 4083 -1 4079 4083 4089 -1 4087 4079 4089 -1 1849 4078 4085 -1 4089 4083 4090 -1 4074 4087 4091 -1 4085 4074 4091 -1 1849 4085 1863 -1 4084 4086 4092 -1 4086 4093 4092 -1 4087 4089 4094 -1 4091 4095 4085 -1 4085 4095 1863 -1 4096 4084 4092 -1 4088 4084 4096 -1 4083 4088 4097 -1 4090 4083 4097 -1 4094 4098 4087 -1 4087 4098 4091 -1 4094 4089 4090 -1 1863 4095 1872 -1 4099 4090 4097 -1 4094 4090 4099 -1 4098 4100 4091 -1 4092 4093 4101 -1 4096 4102 4088 -1 4097 4088 4102 -1 4103 4094 4099 -1 4098 4094 4103 -1 4095 4091 4100 -1 1872 4095 1883 -1 4104 4092 4101 -1 4101 4093 4105 -1 4092 4104 4096 -1 1883 4095 4100 -1 4096 4106 4102 -1 4100 4098 4103 -1 4100 1893 1883 -1 4107 4101 4105 -1 4101 4107 4104 -1 4097 4108 4099 -1 4109 4100 4103 -1 4100 4109 1893 -1 4096 4104 4110 -1 4106 4096 4110 -1 4108 4097 4102 -1 4108 4111 4099 -1 4099 4111 4103 -1 4107 4105 4112 -1 4104 4107 4110 -1 4113 4109 4111 -1 4109 4103 4111 -1 4106 4110 4114 -1 4107 4112 4115 -1 4102 4106 4116 -1 4116 4108 4102 -1 4111 4108 4117 -1 4111 4117 4113 -1 4109 4113 4118 -1 1893 4109 4118 -1 1905 1893 4118 -1 4106 4114 4116 -1 4118 4113 4119 -1 4115 4112 4120 -1 4116 4114 4121 -1 4122 4108 4116 -1 4119 4113 4117 -1 4110 4107 4123 -1 4117 4108 4122 -1 4114 4110 4121 -1 4124 4119 4117 -1 4121 4122 4116 -1 4117 4122 4124 -1 4119 1905 4118 -1 4125 1905 4119 -1 4126 2660 2119 -1 4127 4128 4129 -1 4129 4126 4127 -1 4129 2706 4126 -1 4130 4131 4132 -1 4133 2044 4134 -1 4135 4136 4137 -1 4137 4138 4135 -1 4138 4137 4139 -1 4140 4138 4141 -1 4142 4143 4133 -1 4143 4144 4133 -1 2044 4133 2042 -1 4145 4126 2119 -1 4129 4128 4146 -1 2660 4126 2661 -1 4129 4146 4147 -1 4148 4129 4147 -1 4144 4127 4149 -1 4144 4149 4150 -1 4133 4144 4150 -1 4145 4127 4126 -1 4137 4136 4151 -1 4152 4137 4151 -1 4151 4153 2610 -1 4154 4152 4155 -1 4152 2682 4155 -1 4155 2682 2701 -1 4151 2610 4152 -1 2682 4152 2610 -1 4152 4139 4137 -1 4156 4146 4157 -1 4146 4156 4158 -1 4141 4158 4140 -1 4138 4139 4141 -1 4146 4158 4141 -1 4146 4141 4147 -1 4147 4141 4139 -1 4159 4143 4142 -1 4144 4143 4160 -1 4131 4161 4142 -1 4133 4131 4142 -1 4157 4146 4128 -1 4161 4131 4130 -1 2108 4130 4132 -1 2105 4130 2108 -1 4134 2108 4132 -1 4131 4134 4132 -1 4134 4131 4133 -1 4136 4153 4151 -1 4162 4155 2701 -1 4152 4154 4139 -1 4162 4139 4154 -1 4162 4147 4139 -1 4155 4162 4154 -1 4160 4143 4163 -1 4142 4161 4159 -1 4130 4164 4161 -1 2108 4134 2044 -1 4157 4160 4156 -1 4144 4160 4165 -1 4160 4157 4165 -1 4157 4128 4165 -1 4133 4150 2042 -1 4147 4162 4148 -1 2701 4148 4162 -1 2042 4166 4167 -1 4145 2119 4167 -1 4165 4127 4144 -1 2042 4167 2119 -1 4128 4127 4165 -1 4126 2706 2661 -1 4149 4127 4145 -1 4145 4166 4149 -1 4150 4149 4166 -1 4145 4167 4166 -1 2706 4129 4148 -1 2701 2706 4148 -1 4160 4163 4156 -1 4161 4164 4159 -1 4166 2042 4150 -1 4168 268 267 -1 253 4169 248 -1 268 4170 292 -1 4171 4172 4173 -1 253 4173 4172 -1 4168 4174 268 -1 253 250 4175 -1 4176 4168 303 -1 4176 4174 4168 -1 4176 303 194 -1 4168 267 302 -1 269 4176 194 -1 4177 4176 270 -1 4172 4177 270 -1 4172 270 4169 -1 270 4176 269 -1 270 248 4169 -1 4169 253 4172 -1 4178 4179 4170 -1 4170 268 4178 -1 4174 4178 268 -1 4180 290 4181 -1 4182 4174 4176 -1 4175 250 293 -1 4176 4177 4182 -1 4168 302 303 -1 4181 290 289 -1 4178 4183 4179 -1 4178 4184 4185 -1 4180 4179 4183 -1 4184 4178 4186 -1 4174 4186 4178 -1 290 4180 334 -1 4179 4180 4181 -1 4187 4177 4172 -1 4185 4183 4178 -1 4184 4188 4185 -1 362 292 4170 -1 4189 4186 4174 -1 4190 4189 4174 -1 4182 4177 4191 -1 4187 4191 4177 -1 4171 4187 4172 -1 4171 4192 4193 -1 4171 4173 4194 -1 4173 253 4195 -1 4170 4179 4181 -1 4184 4186 4196 -1 358 4197 369 -1 4190 4174 4182 -1 4182 4191 4190 -1 4198 4199 4190 -1 4190 4191 4198 -1 4187 4198 4191 -1 334 4180 4200 -1 4171 4194 4192 -1 253 4175 4195 -1 4183 4200 4180 -1 293 365 4175 -1 366 4181 289 -1 4188 4184 4196 -1 4170 4181 362 -1 4189 4190 4201 -1 4199 4201 4190 -1 4202 4198 4203 -1 4203 4198 4187 -1 4203 4187 4193 -1 4193 4187 4171 -1 4193 4192 4204 -1 4173 4195 4194 -1 4200 358 334 -1 4205 4189 4206 -1 4189 4205 4186 -1 4199 4207 4201 -1 4202 4199 4198 -1 369 4197 4208 -1 4192 4194 4209 -1 4195 4175 4210 -1 4211 4212 4188 -1 4212 4213 4185 -1 4185 4214 4183 -1 4205 4211 4188 -1 4205 4188 4196 -1 4196 4186 4205 -1 4205 4206 4211 -1 4206 4189 4201 -1 4215 4216 4217 -1 4217 4216 4211 -1 4217 4211 4207 -1 4207 4218 4217 -1 4217 4218 4215 -1 4216 4219 4212 -1 4211 4216 4212 -1 4194 4195 4210 -1 4185 4213 4214 -1 4185 4188 4212 -1 4220 4221 4222 -1 4221 4220 4223 -1 4221 4213 4219 -1 4212 4219 4213 -1 358 4200 4224 -1 4200 4183 4214 -1 4222 4219 4225 -1 4219 4222 4221 -1 4226 4225 4219 -1 4224 4220 4227 -1 4200 4220 4224 -1 4223 4220 4200 -1 4228 4229 4216 -1 4213 4221 4223 -1 4213 4223 4214 -1 4214 4223 4200 -1 4207 4211 4206 -1 4207 4206 4201 -1 4216 4215 4228 -1 4202 4218 4207 -1 4202 4207 4199 -1 4202 4203 4230 -1 4229 4231 4232 -1 4233 4231 4229 -1 366 362 4181 -1 4228 4234 4229 -1 4210 4209 4194 -1 4232 4226 4219 -1 4216 4232 4219 -1 4229 4232 4216 -1 358 4227 4197 -1 4224 4227 358 -1 4203 4193 4235 -1 4193 4236 4235 -1 4204 4236 4193 -1 4192 4209 4204 -1 4234 4233 4229 -1 369 4208 4237 -1 4225 4238 4222 -1 4222 4238 4220 -1 4227 4239 4197 -1 4228 4240 4234 -1 4238 4225 4241 -1 4242 4228 4215 -1 4225 4243 4241 -1 4237 406 369 -1 4218 4202 4230 -1 4230 4203 4244 -1 4203 4235 4244 -1 4245 4236 4204 -1 4220 4238 4239 -1 4220 4239 4227 -1 4197 4239 4208 -1 4232 4246 4226 -1 4247 4238 4241 -1 4243 4225 4226 -1 4239 4238 4248 -1 4245 4204 4209 -1 4249 4250 4226 -1 4251 4231 4252 -1 4226 4246 4249 -1 4232 4231 4246 -1 4233 4252 4231 -1 4237 4208 4239 -1 4233 4253 4252 -1 4240 4233 4234 -1 4240 4228 4254 -1 4242 4254 4228 -1 4215 4218 4242 -1 4255 4250 4249 -1 4251 4255 4256 -1 4256 4249 4246 -1 4251 4256 4231 -1 4246 4231 4256 -1 4251 4252 4253 -1 4248 4238 4247 -1 4253 4233 4240 -1 4257 4247 4241 -1 4237 4239 4258 -1 4257 4241 4259 -1 4250 4259 4243 -1 4243 4259 4241 -1 4218 4230 4260 -1 4230 4244 4260 -1 4250 4243 4226 -1 4235 4236 4261 -1 4253 4262 4251 -1 4249 4256 4255 -1 4255 4251 4263 -1 4259 4250 4264 -1 4235 4261 4244 -1 4258 4239 4265 -1 4248 4265 4239 -1 4263 4251 4266 -1 4251 4262 4266 -1 4255 4267 4250 -1 4242 4218 4268 -1 4260 4268 4218 -1 4259 4264 4269 -1 4270 4261 4236 -1 4267 4264 4250 -1 4271 4257 4259 -1 4263 4272 4267 -1 4272 4263 4273 -1 4263 4267 4255 -1 4240 4262 4253 -1 4242 4274 4254 -1 4267 4272 4275 -1 4276 4277 4273 -1 4267 4275 4269 -1 4267 4269 4264 -1 4276 4273 4263 -1 4263 4266 4276 -1 4262 4276 4266 -1 4240 4278 4262 -1 4261 4279 4244 -1 4248 4280 4265 -1 4248 4247 4280 -1 4242 4268 4274 -1 4281 4260 4244 -1 4236 4245 4270 -1 4272 4282 4275 -1 4247 4283 4280 -1 4257 4283 4247 -1 4257 4271 4283 -1 4284 4278 4240 -1 4240 4254 4284 -1 4254 4274 4284 -1 4265 4285 4258 -1 4282 4272 4286 -1 4272 4287 4286 -1 4265 4280 4288 -1 4273 4287 4272 -1 4271 4259 4269 -1 4289 4277 4276 -1 4262 4289 4276 -1 4260 4281 4268 -1 4244 4279 4281 -1 4279 4261 4270 -1 4265 4288 4290 -1 4277 4286 4287 -1 4273 4277 4287 -1 4277 4289 4291 -1 4271 4269 4292 -1 4280 4283 4293 -1 4268 4294 4274 -1 4281 4295 4268 -1 4290 4285 4265 -1 4280 4296 4288 -1 4291 4286 4277 -1 4279 4295 4281 -1 4297 4286 4291 -1 4298 4269 4275 -1 4278 4299 4289 -1 4289 4262 4278 -1 4283 4271 4293 -1 4293 4296 4280 -1 4292 4269 4300 -1 4278 4284 4301 -1 4284 4274 4294 -1 4282 4286 4297 -1 4269 4298 4300 -1 4284 4294 4301 -1 4294 4268 4295 -1 4295 4279 4302 -1 4298 4275 4282 -1 4291 4289 4299 -1 4296 4293 4303 -1 4304 4293 4292 -1 4293 4271 4292 -1 4305 4290 4288 -1 4305 4288 4306 -1 4278 4307 4299 -1 4279 4308 4302 -1 4282 4297 4298 -1 4307 4278 4301 -1 4294 4295 4309 -1 4303 4293 4304 -1 4309 4295 4302 -1 4294 4310 4301 -1 4310 4294 4309 -1 4297 4291 4311 -1 4298 4297 4312 -1 4306 4288 4313 -1 4291 4299 4311 -1 4296 4313 4288 -1 4311 4312 4297 -1 4313 4296 4303 -1 4292 4300 4314 -1 4299 4307 4315 -1 4304 4292 4314 -1 4311 4299 4315 -1 4306 4313 4316 -1 4300 4317 4314 -1 4300 4298 4318 -1 4298 4312 4318 -1 4317 4300 4319 -1 4303 4304 4320 -1 4311 4321 4312 -1 4311 4315 4322 -1 4323 4301 4310 -1 4318 4319 4300 -1 4318 4312 4324 -1 4314 4317 4325 -1 4321 4311 4322 -1 4304 4314 4320 -1 4323 4307 4301 -1 4310 4309 4326 -1 4317 4319 4327 -1 4316 4313 4328 -1 4313 4303 4329 -1 4320 4325 4330 -1 4314 4325 4320 -1 4312 4321 4324 -1 4328 4313 4331 -1 4303 4320 4329 -1 4315 4307 4323 -1 4332 4325 4317 -1 4321 4333 4324 -1 4321 4322 4334 -1 4322 4315 4334 -1 4313 4329 4331 -1 4320 4330 4329 -1 4325 4332 4330 -1 4324 4333 4318 -1 4309 4335 4326 -1 4336 4335 4309 -1 4332 4317 4327 -1 4318 4337 4319 -1 4338 4318 4333 -1 4315 4339 4334 -1 4323 4339 4315 -1 4323 4310 4340 -1 4330 4341 4329 -1 4310 4326 4342 -1 4329 4341 4343 -1 4343 4331 4329 -1 4333 4321 4334 -1 4344 4341 4330 -1 4334 4339 4345 -1 4346 4319 4337 -1 4318 4338 4337 -1 4319 4346 4327 -1 4330 4332 4344 -1 4347 4328 4331 -1 4323 4340 4339 -1 4342 4340 4310 -1 4335 4336 4348 -1 4341 4344 4349 -1 4347 4331 4343 -1 4332 4327 4346 -1 4326 4350 4342 -1 4333 4334 4345 -1 4345 4351 4333 -1 4352 4349 4344 -1 4350 4326 4335 -1 4343 4341 4349 -1 4336 4353 4348 -1 4340 4342 4354 -1 4346 4337 4355 -1 4333 4351 4338 -1 4342 4356 4354 -1 4344 4332 4357 -1 4350 4356 4342 -1 4350 4358 4356 -1 4350 4335 4358 -1 4340 4354 4359 -1 4358 4335 4360 -1 4335 4348 4360 -1 4357 4332 4346 -1 4351 4361 4338 -1 4345 4339 4362 -1 4340 4362 4339 -1 4344 4357 4363 -1 4360 4348 4364 -1 4348 4353 4364 -1 4346 4355 4365 -1 4361 4355 4337 -1 4337 4338 4361 -1 4362 4351 4345 -1 4356 4358 4366 -1 4358 4360 4366 -1 4353 4367 4364 -1 4357 4346 4365 -1 4352 4344 4363 -1 4349 4368 4343 -1 4351 4362 4369 -1 4351 4370 4361 -1 4362 4340 4359 -1 4352 4368 4349 -1 4370 4355 4361 -1 4359 4354 4371 -1 4372 4356 4366 -1 4364 4367 4373 -1 4357 4374 4363 -1 4343 4368 4375 -1 4369 4362 4376 -1 4351 4369 4370 -1 4359 4377 4362 -1 4356 4372 4354 -1 4363 4378 4352 -1 4378 4363 4374 -1 4347 4343 4375 -1 4362 4377 4376 -1 4355 4379 4365 -1 4377 4359 4380 -1 4371 4354 4372 -1 4360 4364 4381 -1 4364 4373 4381 -1 4374 4357 4382 -1 4378 4383 4352 -1 4382 4357 4379 -1 4357 4365 4379 -1 4380 4359 4371 -1 4366 4360 4384 -1 4384 4360 4381 -1 4370 4379 4355 -1 4368 4385 4375 -1 4381 4373 4386 -1 4369 4387 4370 -1 4388 4371 4372 -1 4366 4384 4372 -1 4376 4377 4389 -1 4377 4380 4390 -1 4390 4391 4392 -1 4391 4371 4393 -1 4393 4371 4388 -1 4352 4383 4368 -1 4379 4370 4387 -1 4384 4381 4394 -1 4381 4386 4394 -1 4394 4386 4395 -1 4369 4376 4389 -1 4390 4392 4389 -1 4389 4377 4390 -1 4378 4374 4396 -1 4382 4397 4374 -1 4390 4380 4391 -1 4385 4368 4398 -1 4371 4391 4380 -1 4398 4368 4383 -1 4388 4372 4399 -1 4369 4400 4387 -1 4369 4389 4400 -1 4401 4389 4392 -1 4397 4396 4374 -1 4384 4399 4372 -1 4379 4387 4402 -1 4402 4403 4379 -1 4382 4379 4403 -1 4400 4389 4404 -1 4392 4391 4405 -1 4401 4404 4389 -1 4391 4393 4405 -1 4393 4388 4406 -1 4387 4407 4402 -1 4400 4407 4387 -1 4407 4400 4404 -1 4405 4393 4408 -1 4399 4384 4394 -1 4383 4378 4396 -1 4403 4397 4382 -1 4404 4401 4405 -1 4401 4392 4405 -1 4404 4405 4409 -1 4405 4408 4410 -1 4408 4393 4406 -1 4394 4411 4399 -1 4394 4395 4412 -1 4409 4405 4410 -1 4385 4398 4413 -1 4399 4406 4388 -1 4396 4414 4383 -1 4396 4415 4414 -1 4416 4396 4397 -1 4409 4417 4404 -1 4403 4402 4418 -1 4411 4406 4399 -1 4396 4416 4415 -1 4417 4407 4404 -1 4403 4416 4397 -1 4416 4403 4418 -1 4413 4398 4419 -1 4411 4420 4406 -1 4411 4394 4412 -1 4398 4383 4414 -1 4418 4402 4421 -1 4402 4407 4421 -1 4410 4408 4422 -1 4423 4408 4406 -1 4398 4414 4419 -1 4421 4407 4424 -1 4424 4407 4417 -1 4409 4410 4425 -1 4423 4422 4408 -1 4426 4420 4411 -1 4411 4412 4426 -1 4418 4427 4416 -1 4425 4417 4409 -1 4422 4425 4410 -1 4418 4428 4427 -1 4419 4414 4429 -1 4421 4428 4418 -1 4415 4429 4414 -1 4415 4416 4430 -1 4424 4417 4431 -1 4416 4427 4430 -1 4425 4431 4417 -1 4420 4426 4432 -1 4429 4415 4430 -1 4421 4424 4433 -1 4423 4406 4432 -1 4420 4432 4406 -1 4428 4421 4433 -1 4433 4424 4431 -1 4422 4423 4434 -1 4432 4426 4435 -1 4426 4436 4435 -1 4437 4435 4436 -1 4419 4429 4438 -1 4425 4422 4439 -1 4422 4434 4439 -1 4423 4432 4434 -1 4434 4432 4440 -1 4440 4432 4435 -1 4437 4441 4435 -1 4442 4431 4443 -1 4431 4425 4439 -1 4444 4428 4433 -1 4445 4446 4441 -1 4431 4442 4433 -1 4435 4441 4446 -1 4441 4447 4445 -1 4439 4434 4448 -1 4438 4429 4449 -1 4429 4430 4449 -1 4430 4427 4450 -1 4433 4442 4444 -1 4439 4443 4431 -1 4440 4448 4434 -1 4440 4435 4446 -1 4438 4449 4451 -1 4452 4449 4430 -1 4444 4442 4453 -1 4448 4454 4439 -1 4440 4455 4448 -1 4452 4430 4450 -1 4455 4440 4446 -1 4428 4450 4427 -1 4456 4446 4445 -1 4457 4448 4458 -1 4458 4448 4455 -1 4455 4446 4456 -1 4450 4428 4444 -1 4454 4448 4457 -1 4459 4454 4460 -1 4454 4443 4439 -1 4460 4454 4461 -1 4462 4463 4464 -1 4450 4444 4465 -1 4443 4454 4459 -1 4466 4459 4460 -1 4462 4449 4452 -1 4463 4462 4452 -1 4457 4461 4454 -1 4456 4467 4455 -1 4468 4469 4470 -1 4471 4451 4449 -1 4463 4470 4464 -1 4464 4470 4472 -1 4442 4443 4453 -1 4472 4470 4469 -1 4453 4443 4459 -1 4471 4449 4462 -1 4473 4452 4450 -1 4463 4452 4473 -1 4461 4457 4474 -1 4458 4474 4457 -1 4470 4466 4468 -1 4465 4444 4453 -1 4470 4475 4466 -1 4466 4460 4476 -1 4461 4476 4460 -1 4463 4473 4470 -1 4455 4467 4458 -1 4475 4459 4466 -1 4461 4474 4476 -1 4465 4473 4450 -1 4468 4477 4469 -1 4473 4475 4470 -1 4475 4453 4459 -1 4477 4466 4476 -1 4466 4477 4468 -1 4465 4475 4473 -1 4475 4465 4453 -1 4474 4458 4478 -1 4476 4474 4479 -1 4479 4474 4478 -1 4477 4476 4480 -1 4479 4480 4476 -1 4481 4464 4482 -1 4464 4472 4482 -1 4482 4472 4483 -1 4481 4462 4464 -1 4472 4484 4483 -1 4484 4472 4469 -1 4482 4485 4481 -1 4483 4486 4482 -1 4483 4484 4469 -1 4487 4482 4486 -1 4482 4487 4488 -1 4485 4482 4488 -1 4469 4489 4483 -1 4483 4489 4486 -1 4477 4489 4469 -1 4487 4486 4490 -1 4486 4489 4490 -1 4487 4491 4488 -1 4491 4487 4492 -1 4487 4490 4492 -1 4490 4489 4493 -1 4492 4490 4493 -1 4494 4492 4495 -1 4491 4492 4494 -1 4493 4489 4477 -1 4492 4493 4495 -1 4493 4477 4496 -1 4494 4495 4497 -1 4480 4496 4477 -1 4496 4480 4498 -1 4495 4493 4496 -1 4480 4479 4499 -1 4499 4479 4500 -1 4501 4502 4503 -1 4503 4504 4501 -1 4501 4504 2569 -1 4504 4505 2569 -1 4494 4497 4506 -1 4498 4499 4507 -1 4508 4507 4509 -1 4498 4480 4499 -1 4507 4499 4500 -1 4502 4510 4503 -1 4509 4507 4500 -1 4500 4510 4509 -1 4511 4500 4505 -1 4503 4511 4504 -1 4495 4508 4497 -1 4497 4508 4512 -1 4501 4153 4513 -1 4513 4502 4501 -1 4512 4514 4515 -1 4501 2562 2611 -1 4516 4515 4514 -1 4516 4514 4153 -1 4513 4153 4514 -1 4495 4496 4508 -1 4498 4508 4496 -1 4501 2569 2562 -1 4508 4498 4507 -1 4512 4508 4509 -1 4512 4509 4510 -1 4513 4514 4510 -1 4503 4510 4511 -1 4502 4513 4510 -1 4500 4511 4510 -1 4511 4505 4504 -1 4512 4506 4497 -1 4136 4516 4153 -1 4506 4512 4515 -1 4506 4515 4516 -1 4512 4510 4514 -1 2611 2610 4153 -1 4153 4501 2611 -1 4517 311 310 -1 4518 310 296 -1 311 4517 332 -1 4518 296 345 -1 4518 4519 310 -1 310 4520 4521 -1 4517 310 4521 -1 4521 4522 4517 -1 332 4522 333 -1 332 4517 4522 -1 4523 4524 341 -1 340 4523 341 -1 345 341 4518 -1 4052 4520 4525 -1 4519 4525 4520 -1 310 4519 4520 -1 4020 4522 4521 -1 4518 341 4519 -1 4020 333 4522 -1 4052 4525 4526 -1 4527 4524 4528 -1 4036 4521 4520 -1 4524 4527 4529 -1 4524 4529 4530 -1 4526 4530 4529 -1 4519 4530 4525 -1 4530 341 4524 -1 383 4523 340 -1 4529 4531 4532 -1 4527 4531 4529 -1 4523 4528 4524 -1 4519 341 4530 -1 4040 4036 4520 -1 4530 4526 4525 -1 383 4528 4523 -1 4529 4532 4533 -1 4526 4529 4533 -1 4521 4036 4020 -1 4534 4535 4536 -1 4051 4052 4537 -1 4040 4520 4052 -1 4535 4534 4528 -1 4538 4532 4539 -1 4532 4538 4537 -1 4540 4541 4536 -1 4535 4540 4536 -1 4536 4542 4534 -1 4527 4528 4534 -1 4537 4052 4526 -1 4539 4532 4543 -1 4051 4537 4066 -1 4537 4538 4066 -1 4544 4545 4541 -1 4543 4532 4531 -1 4533 4537 4526 -1 4527 4534 4542 -1 4542 4531 4527 -1 4532 4537 4533 -1 4541 4540 4544 -1 4541 4546 4547 -1 4536 4541 4547 -1 4542 4536 4547 -1 4543 4531 4547 -1 4531 4542 4547 -1 4541 4545 4546 -1 4546 4543 4547 -1 4543 4546 4548 -1 4066 4538 4069 -1 4544 4549 4545 -1 4546 4545 4549 -1 4543 4548 4539 -1 4077 4539 4548 -1 4539 4070 4538 -1 4538 4070 4069 -1 4550 4546 4549 -1 4550 4548 4546 -1 4070 4539 4077 -1 4550 4551 4548 -1 4077 4548 4551 -1 4080 4077 4551 -1 4549 4552 4550 -1 4551 4550 4553 -1 4551 4554 4080 -1 4550 4552 4553 -1 4554 4551 4553 -1 4555 4086 4080 -1 4080 4554 4555 -1 4552 4556 4553 -1 4554 4553 4557 -1 4555 4554 4557 -1 4553 4556 4557 -1 4555 4093 4086 -1 4556 4552 4558 -1 4559 4093 4555 -1 4557 4560 4555 -1 4560 4559 4555 -1 4560 4561 4559 -1 4562 4556 4558 -1 4557 4556 4562 -1 4562 4563 4557 -1 4093 4559 4105 -1 4560 4557 4563 -1 4563 4562 4564 -1 4563 4565 4560 -1 4561 4105 4559 -1 4560 4565 4561 -1 4563 4564 4566 -1 4561 4112 4105 -1 4566 4565 4563 -1 4561 4565 4112 -1 4566 4567 4565 -1 4120 4112 4567 -1 4112 4565 4567 -1 4566 4568 4567 -1 4567 4568 4569 -1 4570 4120 4567 -1 4570 4567 4569 -1 4571 4107 4115 -1 4121 4110 4123 -1 4123 4107 4571 -1 4572 4571 4115 -1 4573 4121 4123 -1 4122 4121 4574 -1 4124 4122 4574 -1 4570 4575 4120 -1 4115 4120 4575 -1 4572 4115 4575 -1 4572 4576 4571 -1 4571 4576 4123 -1 4573 4123 4576 -1 4574 4121 4573 -1 4124 4574 4577 -1 4572 4575 4578 -1 4579 4570 4569 -1 4576 4572 4578 -1 4575 4570 4579 -1 4577 4574 4580 -1 4573 4576 4581 -1 4580 4582 4577 -1 4579 4569 4583 -1 4584 4581 4576 -1 4574 4573 4585 -1 4586 4574 4585 -1 4574 4586 4580 -1 4584 4576 4578 -1 4583 4587 4579 -1 4573 4581 4585 -1 4588 4575 4579 -1 4578 4575 4588 -1 4581 4584 4589 -1 4584 4578 4588 -1 4585 4581 4590 -1 4591 4581 4589 -1 4589 4584 4592 -1 4590 4581 4591 -1 4593 4587 4583 -1 4582 4580 4594 -1 4595 4579 4587 -1 4594 4580 4586 -1 4588 4579 4596 -1 4587 4593 4597 -1 4598 4589 4592 -1 4592 4584 4588 -1 4587 4597 4599 -1 4595 4587 4600 -1 4592 4588 4598 -1 4600 4587 4599 -1 4586 4585 4601 -1 4594 4586 4601 -1 4591 4589 4602 -1 4591 4602 4590 -1 4602 4589 4598 -1 4596 4579 4595 -1 4603 4588 4596 -1 4599 4597 4604 -1 4600 4605 4595 -1 4596 4595 4605 -1 4585 4590 4601 -1 4582 4594 4606 -1 4598 4588 4603 -1 4599 4604 4607 -1 4601 4590 4608 -1 4609 4596 4605 -1 4604 4610 4607 -1 4602 4598 4611 -1 4590 4602 4611 -1 4612 4590 4611 -1 4613 4598 4603 -1 4608 4590 4612 -1 4600 4599 4614 -1 4605 4600 4615 -1 4607 4616 4614 -1 4599 4607 4614 -1 4603 4596 4609 -1 4594 4601 4617 -1 4606 4594 4617 -1 4615 4600 4614 -1 4611 4598 4613 -1 4614 4616 4618 -1 4611 4613 4619 -1 4617 4601 4608 -1 4605 4615 4620 -1 4612 4611 4619 -1 4606 4617 4621 -1 4605 4620 4609 -1 4615 4622 4620 -1 4619 4613 4623 -1 4613 4603 4623 -1 4622 4615 4614 -1 4624 4608 4612 -1 4612 4619 4624 -1 4614 4618 4622 -1 4618 4625 4622 -1 4625 4618 4626 -1 4627 4603 4609 -1 4603 4627 4623 -1 4620 4622 4628 -1 4624 4619 4629 -1 4617 4608 4621 -1 4630 4606 4621 -1 4609 4620 4628 -1 4625 4626 4631 -1 4621 4608 4632 -1 4608 4624 4632 -1 4627 4609 4628 -1 4625 4631 4633 -1 4623 4627 4634 -1 4629 4619 4623 -1 4634 4635 4623 -1 4627 4628 4636 -1 4637 4622 4625 -1 4637 4628 4622 -1 4625 4633 4637 -1 4636 4634 4627 -1 4623 4635 4629 -1 4624 4629 4638 -1 4638 4632 4624 -1 4630 4621 4639 -1 4638 4640 4632 -1 4638 4641 4640 -1 4628 4637 4636 -1 4621 4632 4639 -1 4639 4632 4640 -1 4639 4642 4630 -1 4639 4640 4643 -1 4640 4641 4643 -1 4635 4634 4644 -1 4638 4645 4641 -1 4636 4637 4646 -1 4634 4636 4644 -1 4638 4629 4635 -1 4643 4641 4647 -1 4642 4639 4643 -1 4642 4643 2103 -1 4636 4648 4644 -1 4647 4641 4645 -1 4643 4647 2103 -1 4636 4646 4648 -1 4646 4649 4648 -1 4638 4635 4650 -1 4651 4649 4646 -1 4645 4638 4650 -1 4645 4652 4647 -1 2103 2019 4642 -1 4653 4644 4648 -1 4648 4649 4653 -1 4644 4650 4635 -1 4644 4653 4654 -1 4655 4654 4653 -1 4653 4656 4655 -1 4653 4649 4656 -1 4655 4656 4163 -1 4657 4645 4650 -1 4657 4658 4645 -1 4645 4658 4652 -1 4647 4652 4164 -1 2103 4647 4659 -1 2103 4659 4130 -1 4659 4647 4164 -1 2019 2103 2055 -1 4644 4654 4660 -1 4661 4657 4660 -1 4656 4662 4163 -1 4661 4654 4655 -1 4660 4654 4661 -1 4657 4661 4658 -1 4163 4143 4655 -1 4159 4661 4655 -1 4143 4159 4655 -1 4130 2105 2103 -1 4660 4657 4650 -1 4650 4644 4660 -1 4658 4661 4159 -1 4159 4652 4658 -1 4652 4159 4164 -1 4659 4164 4130 -1 4163 4662 4156 -1 4610 4663 4607 -1 4663 4610 4664 -1 4663 4664 4665 -1 4607 4663 4666 -1 4607 4666 4616 -1 4663 4665 4667 -1 4666 4618 4616 -1 4663 4667 4666 -1 4665 4668 4667 -1 4666 4667 4669 -1 4618 4666 4669 -1 4669 4667 4668 -1 4668 4665 4670 -1 4671 4485 4672 -1 4618 4669 4626 -1 4669 4673 4626 -1 4672 4485 4674 -1 4675 4669 4668 -1 4676 4677 4672 -1 4485 4671 4481 -1 4674 4485 4488 -1 4669 4675 4673 -1 4677 4671 4672 -1 4675 4678 4673 -1 4678 4675 4679 -1 4680 4481 4681 -1 4673 4631 4626 -1 4481 4671 4681 -1 4679 4677 4676 -1 4679 4676 4682 -1 4672 4674 4676 -1 4683 4668 4670 -1 4668 4683 4677 -1 4677 4679 4668 -1 4668 4679 4675 -1 4684 4673 4678 -1 4678 4679 4685 -1 4682 4676 4674 -1 4681 4686 4680 -1 4633 4631 4684 -1 4631 4673 4684 -1 4686 4681 4683 -1 4683 4681 4671 -1 4683 4671 4677 -1 4685 4679 4682 -1 4678 4685 4684 -1 4687 4633 4684 -1 4687 4684 4688 -1 4682 4674 4689 -1 4690 4491 4494 -1 4674 4488 4690 -1 4488 4491 4690 -1 4685 4688 4684 -1 4689 4674 4690 -1 4637 4633 4687 -1 4682 4688 4685 -1 4688 4682 4689 -1 4690 4494 4691 -1 4637 4687 4646 -1 4690 4135 4689 -1 4646 4687 4692 -1 4692 4687 4693 -1 4688 4689 4694 -1 4687 4688 4693 -1 4135 4690 4691 -1 4692 4695 4651 -1 4694 4693 4688 -1 4135 4694 4689 -1 4691 4494 4506 -1 4646 4692 4651 -1 4649 4651 4696 -1 4140 4697 4138 -1 4697 4135 4138 -1 4692 4693 4695 -1 4694 4695 4693 -1 4695 4694 4697 -1 4694 4135 4697 -1 4135 4691 4136 -1 4516 4691 4506 -1 4691 4516 4136 -1 4651 4695 4696 -1 4696 4697 4140 -1 4695 4697 4696 -1 4649 4696 4656 -1 4696 4140 4698 -1 4656 4696 4698 -1 4140 4158 4698 -1 4656 4698 4662 -1 4158 4662 4698 -1 4662 4158 4156 -1 4699 4175 365 -1 4699 4210 4175 -1 387 4699 365 -1 4700 4210 4699 -1 4699 4701 4700 -1 4699 387 4701 -1 4209 4210 4702 -1 4210 4700 4702 -1 4701 387 423 -1 4702 4700 4703 -1 4700 4701 4703 -1 4701 423 4703 -1 4702 4704 4209 -1 4702 4705 4704 -1 4705 4702 4703 -1 4705 4703 423 -1 4245 4209 4706 -1 4705 4707 4704 -1 4708 4705 423 -1 4706 4209 4709 -1 4704 4709 4209 -1 424 4708 423 -1 4708 424 431 -1 4704 4707 4709 -1 431 440 4708 -1 4706 4709 4710 -1 4705 4708 4711 -1 4708 440 4712 -1 451 4712 440 -1 4707 4705 4711 -1 4245 4706 4713 -1 4714 4709 4707 -1 4707 4711 4714 -1 4270 4245 4713 -1 4712 451 466 -1 4709 4714 4710 -1 4708 4712 4711 -1 4706 4710 4713 -1 4710 4714 4715 -1 4716 4712 466 -1 459 4716 466 -1 4270 4717 4279 -1 4270 4713 4717 -1 4715 4714 4718 -1 4718 4714 4719 -1 4714 4711 4719 -1 4712 4719 4711 -1 4712 4716 4720 -1 4713 4710 4715 -1 4719 4712 4720 -1 4721 4716 459 -1 459 4722 4721 -1 4721 4723 4716 -1 4719 4720 4724 -1 4720 4716 4723 -1 4722 459 480 -1 4308 4279 4717 -1 4722 4725 4721 -1 4726 4713 4715 -1 4718 4719 4724 -1 4724 4720 4723 -1 4717 4713 4726 -1 4715 4718 4727 -1 4724 4723 4728 -1 4721 4729 4723 -1 4721 4725 4729 -1 4718 4724 4730 -1 4723 4729 4728 -1 4717 4731 4308 -1 4731 4717 4732 -1 4726 4732 4717 -1 4730 4724 4728 -1 4726 4715 4733 -1 4718 4730 4727 -1 4728 4734 4730 -1 4733 4715 4727 -1 4734 4735 4736 -1 4737 4734 4729 -1 4729 4734 4728 -1 4738 4737 4729 -1 4738 4729 4725 -1 4734 4736 4730 -1 4730 4736 4739 -1 4731 4740 4308 -1 4732 4726 4741 -1 4730 4739 4727 -1 4742 4737 4738 -1 4733 4727 4743 -1 4744 4727 4739 -1 4731 4732 4741 -1 4741 4726 4733 -1 4727 4744 4743 -1 4741 4745 4731 -1 4733 4743 4741 -1 4741 4743 4746 -1 4744 4746 4743 -1 4745 4741 4746 -1 4722 480 4747 -1 4725 4722 4747 -1 4747 480 4748 -1 4748 480 485 -1 4738 4725 4747 -1 4738 4747 4749 -1 4747 4748 4749 -1 485 513 4748 -1 4748 4750 4749 -1 4742 4738 4749 -1 4748 513 4750 -1 4751 4742 4749 -1 4752 4749 4750 -1 4749 4752 4751 -1 4751 4753 4742 -1 4752 4750 4754 -1 4751 4752 4755 -1 4750 513 4756 -1 4755 4752 4757 -1 4757 4752 4754 -1 4756 4754 4750 -1 4756 513 519 -1 4751 4755 4753 -1 4756 519 4758 -1 4754 4759 4757 -1 4759 4754 4756 -1 4758 519 2154 -1 4760 4755 4761 -1 4755 4757 4761 -1 4757 4759 4761 -1 4756 4758 4759 -1 4758 4762 4759 -1 4763 4760 4761 -1 4764 4761 4759 -1 4759 4762 4764 -1 4762 4758 2154 -1 4763 4761 4765 -1 4761 4764 4765 -1 4762 2154 2183 -1 4763 4765 4766 -1 4764 4762 2183 -1 4765 4767 4766 -1 4765 4764 2183 -1 4763 4766 4768 -1 2183 4767 4765 -1 4767 2183 4769 -1 4769 2183 2198 -1 4766 4767 4770 -1 4770 4767 2216 -1 4767 4769 2216 -1 4769 2198 2216 -1 4766 4770 4771 -1 4771 4768 4766 -1 4770 2216 2260 -1 4771 4770 2260 -1 4771 2260 4772 -1 4772 2260 2294 -1 4773 4772 2294 -1 4773 2294 2357 -1 375 374 4774 -1 374 373 4775 -1 4535 383 4774 -1 374 4776 4774 -1 375 4774 383 -1 4774 4776 4535 -1 383 4535 4528 -1 4775 4776 374 -1 4540 4535 4776 -1 4775 4777 4776 -1 4775 373 406 -1 4778 4776 4777 -1 4777 4775 406 -1 406 4779 4777 -1 4776 4778 4780 -1 4776 4780 4540 -1 4779 4778 4777 -1 4781 4540 4780 -1 4782 4237 4258 -1 4779 406 4782 -1 4237 4782 406 -1 4781 4780 4783 -1 4778 4783 4780 -1 4784 4785 4544 -1 4540 4784 4544 -1 4781 4784 4540 -1 4783 4778 4779 -1 4783 4779 4786 -1 4782 4787 4779 -1 4783 4788 4781 -1 4786 4788 4783 -1 4786 4779 4787 -1 4544 4785 4549 -1 4285 4782 4258 -1 4786 4787 4789 -1 4782 4790 4787 -1 4790 4782 4285 -1 4788 4784 4781 -1 4784 4791 4785 -1 4789 4787 4790 -1 4549 4785 4552 -1 4790 4290 4305 -1 4285 4290 4790 -1 4784 4788 4791 -1 4785 4791 4552 -1 4788 4786 4789 -1 4792 4789 4790 -1 4790 4305 4792 -1 4788 4793 4791 -1 4789 4794 4788 -1 4552 4791 4793 -1 4306 4792 4305 -1 4793 4788 4794 -1 4792 4794 4789 -1 4316 4792 4306 -1 4552 4793 4558 -1 4795 4794 4796 -1 4794 4795 4793 -1 4316 4797 4792 -1 4558 4793 4795 -1 4792 4796 4794 -1 4798 4795 4796 -1 4797 4796 4792 -1 4799 4795 4798 -1 4558 4795 4799 -1 4562 4558 4799 -1 4797 4316 4800 -1 4799 4564 4562 -1 4799 4798 4801 -1 4798 4796 4802 -1 4797 4802 4796 -1 4803 4798 4802 -1 4800 4316 4804 -1 4804 4316 4328 -1 4564 4799 4801 -1 4801 4798 4803 -1 4804 4328 4347 -1 4797 4800 4805 -1 4564 4801 4806 -1 4802 4797 4805 -1 4566 4564 4806 -1 4800 4804 4807 -1 4805 4808 4802 -1 4800 4807 4809 -1 4808 4803 4802 -1 4805 4800 4809 -1 4803 4806 4801 -1 4806 4803 4810 -1 4566 4806 4568 -1 4803 4808 4810 -1 4811 4804 4347 -1 4811 4807 4804 -1 4808 4805 4812 -1 4568 4806 4813 -1 4814 4811 4375 -1 4811 4347 4375 -1 4807 4811 4809 -1 4806 4810 4813 -1 4810 4808 4812 -1 4812 4805 4809 -1 4809 4811 4814 -1 4810 4815 4816 -1 4568 4813 4817 -1 4812 4818 4810 -1 4568 4817 4569 -1 4813 4810 4816 -1 4817 4813 4816 -1 4814 4375 4385 -1 4809 4814 4819 -1 4815 4810 4818 -1 4385 4819 4814 -1 4812 4809 4820 -1 4820 4809 4821 -1 4809 4819 4821 -1 4817 4816 4593 -1 4569 4817 4583 -1 4816 4822 4593 -1 4583 4817 4593 -1 4820 4818 4812 -1 4821 4819 4823 -1 4816 4815 4822 -1 4593 4822 4824 -1 4385 4413 4819 -1 4815 4818 4825 -1 4822 4815 4824 -1 4825 4818 4820 -1 4820 4821 4826 -1 4815 4825 4827 -1 4593 4824 4597 -1 4815 4827 4824 -1 4597 4824 4827 -1 4826 4821 4823 -1 4825 4820 4828 -1 4820 4826 4828 -1 4597 4827 4604 -1 4826 4823 4829 -1 4610 4604 4827 -1 4827 4825 4830 -1 4830 4825 4828 -1 4829 4823 4831 -1 4610 4827 4830 -1 4826 4829 4832 -1 4826 4832 4828 -1 4830 4828 4833 -1 4610 4830 4664 -1 4664 4830 4834 -1 4830 4833 4834 -1 4413 4419 4835 -1 4835 4419 4438 -1 4823 4413 4831 -1 4413 4835 4831 -1 4831 4835 4438 -1 4828 4832 4836 -1 4831 4438 4451 -1 4833 4828 4836 -1 4837 4829 4831 -1 4829 4837 4832 -1 4831 4451 4837 -1 4834 4665 4664 -1 4832 4837 4838 -1 4837 4451 4838 -1 4839 4833 4836 -1 4680 4471 4462 -1 4836 4832 4838 -1 4838 4451 4471 -1 4680 4462 4481 -1 4833 4840 4834 -1 4840 4839 4836 -1 4841 4836 4838 -1 4838 4471 4842 -1 4840 4833 4839 -1 4841 4838 4842 -1 4834 4670 4665 -1 4840 4836 4841 -1 4843 4841 4842 -1 4842 4471 4680 -1 4843 4842 4686 -1 4842 4680 4686 -1 4844 4834 4840 -1 4840 4841 4844 -1 4844 4670 4834 -1 4843 4844 4841 -1 4843 4683 4844 -1 4686 4683 4843 -1 4844 4683 4670 -1 4736 4735 4845 -1 4735 4846 4847 -1 4846 4735 4734 -1 4734 4737 4846 -1 4845 4735 4847 -1 4739 4736 4845 -1 4845 4847 4848 -1 4849 4847 4846 -1 4846 4737 4742 -1 4850 4845 4848 -1 4848 4847 4851 -1 4739 4845 4850 -1 4846 4852 4849 -1 4852 4846 4742 -1 4851 4847 4853 -1 4851 4853 4854 -1 4847 4849 4853 -1 4855 4850 4848 -1 4853 4849 4856 -1 4753 4852 4742 -1 4854 4853 4857 -1 4739 4850 4746 -1 4858 4851 4854 -1 4848 4851 4858 -1 4746 4744 4739 -1 4856 4849 4852 -1 4848 4858 4855 -1 4857 4853 4856 -1 4745 4746 4859 -1 4856 4852 4860 -1 4858 4857 4861 -1 4857 4858 4854 -1 4855 4862 4850 -1 4855 4863 4862 -1 4746 4850 4862 -1 4852 4753 4860 -1 4855 4864 4863 -1 4753 4755 4865 -1 4866 4746 4862 -1 4860 4753 4865 -1 4760 4865 4755 -1 4859 4746 4866 -1 4864 4855 4858 -1 4863 4867 4862 -1 4867 4866 4862 -1 4856 4860 4868 -1 4869 4859 4866 -1 4857 4856 4870 -1 4868 4860 4871 -1 4867 4863 4864 -1 4861 4864 4858 -1 4867 4864 4872 -1 4864 4861 4873 -1 4861 4857 4870 -1 4870 4856 4868 -1 4860 4865 4871 -1 4873 4874 4875 -1 4873 4872 4864 -1 4873 4861 4876 -1 4876 4861 4877 -1 4861 4870 4877 -1 4875 4872 4873 -1 4874 4873 4878 -1 4879 4872 4875 -1 4867 4872 4879 -1 4865 4760 4763 -1 4867 4879 4880 -1 4866 4867 4880 -1 4878 4873 4876 -1 4866 4880 4869 -1 4877 4870 4881 -1 4870 4868 4882 -1 4876 4877 4883 -1 4883 4877 4881 -1 4871 4865 4763 -1 4878 4876 4883 -1 4881 4870 4882 -1 4868 4871 4884 -1 4884 4882 4868 -1 4881 4882 4885 -1 4878 4883 4886 -1 4883 4881 4885 -1 4763 4887 4871 -1 4885 4882 4888 -1 4889 4878 4886 -1 4886 4890 4889 -1 4884 4871 4887 -1 4768 4887 4763 -1 4888 4882 4884 -1 4891 4890 4886 -1 4883 4885 4886 -1 4888 4884 4892 -1 4893 4891 4886 -1 4894 4768 4771 -1 4895 4890 4891 -1 4885 4893 4886 -1 4893 4885 4888 -1 4884 4887 4894 -1 4887 4768 4894 -1 4892 4884 4894 -1 4895 4891 4896 -1 4888 4892 4897 -1 4888 4897 4893 -1 4893 4897 4898 -1 4899 4892 4894 -1 4897 4899 4900 -1 4897 4892 4899 -1 4771 4899 4894 -1 4898 4897 4900 -1 4899 4771 4901 -1 4900 4899 4901 -1 4771 4772 4901 -1 4902 4900 4901 -1 4901 4772 4773 -1 4773 4902 4901 -1 4903 4904 4905 -1 4904 4906 4905 -1 4903 4905 4907 -1 4905 4906 4908 -1 4903 4447 4441 -1 4907 4909 4903 -1 4907 4905 4909 -1 4905 4908 4909 -1 4447 4903 4910 -1 4911 4910 4903 -1 4911 4903 4909 -1 4445 4447 4912 -1 4445 4912 4456 -1 4910 4912 4447 -1 4456 4912 4913 -1 4912 4910 4914 -1 4456 4913 4467 -1 4913 4912 4914 -1 4458 4467 4915 -1 4916 4910 4911 -1 4467 4913 4917 -1 4916 4914 4910 -1 4915 4918 4458 -1 4478 4458 4918 -1 4919 4915 4467 -1 4914 4917 4913 -1 4920 4916 4911 -1 4467 4917 4919 -1 4917 4914 4920 -1 4916 4920 4914 -1 4920 4919 4917 -1 4918 4915 4921 -1 4915 4919 4921 -1 4919 4920 4922 -1 4923 4479 4478 -1 4500 4479 4923 -1 4921 4919 4922 -1 4924 4921 4922 -1 4478 4918 4923 -1 4921 4923 4918 -1 4924 4925 4921 -1 4925 4923 4921 -1 4924 4926 4925 -1 4906 4927 4908 -1 4908 4927 4928 -1 4927 4929 4928 -1 4930 4928 4929 -1 4929 4896 4930 -1 4928 4930 4931 -1 4909 4908 4928 -1 4932 4909 4928 -1 4896 4891 4933 -1 4891 4893 4933 -1 4934 4930 4896 -1 4931 4932 4928 -1 4931 4935 4932 -1 4930 4934 4931 -1 4931 4936 4935 -1 4934 4896 4933 -1 4931 4934 4936 -1 4934 4933 4937 -1 4938 4936 4934 -1 4933 4893 4898 -1 4937 4938 4934 -1 4909 4932 4911 -1 4932 4935 4939 -1 4939 4935 4940 -1 4932 4939 4941 -1 4942 4936 4938 -1 4935 4936 4940 -1 4933 4898 4937 -1 4900 4937 4898 -1 4937 4900 4943 -1 4943 4900 4944 -1 4936 4942 4940 -1 4911 4932 4941 -1 4902 4944 4900 -1 4902 4945 4946 -1 4937 4943 4938 -1 4944 4947 4943 -1 4944 4902 4946 -1 4948 4942 4949 -1 4942 4948 4940 -1 4941 4920 4911 -1 4938 4943 4947 -1 4950 4942 4938 -1 4944 4951 4947 -1 4951 4944 4946 -1 4946 4945 2438 -1 4773 4945 4902 -1 2356 2438 4945 -1 2356 4945 4773 -1 4941 4939 4952 -1 4953 4950 4938 -1 4938 4947 4953 -1 4951 4953 4947 -1 4950 4953 4954 -1 4949 4950 4954 -1 4952 4939 4955 -1 4939 4940 4955 -1 4951 4954 4953 -1 4942 4950 4949 -1 4955 4940 4948 -1 4956 4949 2436 -1 4955 4948 2461 -1 4949 2437 2436 -1 2427 2461 4948 -1 4948 4949 4956 -1 4956 2427 4948 -1 4951 4946 2438 -1 4951 2438 4954 -1 4954 2438 2437 -1 2356 4773 2357 -1 2436 2435 4956 -1 4941 4922 4920 -1 4941 4952 4922 -1 4955 4957 4952 -1 4957 4955 4958 -1 4958 4955 2461 -1 2461 2460 4958 -1 2437 4949 4954 -1 2427 4956 2435 -1 4952 4957 4959 -1 4958 2460 2540 -1 4960 4926 4961 -1 4924 4922 4961 -1 4961 4922 4952 -1 4960 4961 4959 -1 4957 4962 4959 -1 4959 4961 4952 -1 4957 4958 2540 -1 4961 4926 4924 -1 4957 4963 4962 -1 4959 4962 4960 -1 4963 2541 4964 -1 2541 4963 2540 -1 2540 4963 4957 -1 4308 4336 4302 -1 4309 4302 4336 -1 4336 4308 4353 -1 4308 4740 4353 -1 4367 4353 4740 -1 4740 4731 4965 -1 4745 4965 4731 -1 4965 4966 4740 -1 4367 4740 4966 -1 4967 4966 4965 -1 4965 4745 4967 -1 4967 4968 4966 -1 4373 4367 4386 -1 4395 4367 4966 -1 4386 4367 4395 -1 4395 4966 4969 -1 4967 4745 4859 -1 4859 4869 4967 -1 4967 4869 4970 -1 4971 4967 4970 -1 4968 4967 4971 -1 4970 4869 4972 -1 4970 4973 4971 -1 4974 4973 4970 -1 4906 4970 4972 -1 4974 4437 4973 -1 4441 4437 4974 -1 4906 4972 4975 -1 4875 4976 4968 -1 4968 4976 4969 -1 4968 4879 4875 -1 4969 4966 4968 -1 4880 4968 4977 -1 4879 4968 4880 -1 4968 4971 4977 -1 4880 4977 4972 -1 4972 4869 4880 -1 4972 4977 4975 -1 4874 4978 4875 -1 4978 4874 4979 -1 4875 4978 4976 -1 4978 4979 4980 -1 4976 4978 4980 -1 4874 4889 4979 -1 4979 4889 4980 -1 4889 4874 4878 -1 4980 4889 4981 -1 4981 4889 4890 -1 4982 4981 4890 -1 4395 4969 4436 -1 4395 4436 4412 -1 4976 4983 4969 -1 4983 4976 4980 -1 4436 4969 4983 -1 4973 4984 4971 -1 4412 4436 4426 -1 4984 4973 4436 -1 4984 4436 4983 -1 4983 4985 4984 -1 4971 4984 4985 -1 4983 4980 4981 -1 4977 4971 4985 -1 4983 4981 4982 -1 4973 4437 4436 -1 4977 4985 4986 -1 4975 4977 4986 -1 4983 4986 4985 -1 4983 4982 4986 -1 4974 4970 4904 -1 4904 4970 4906 -1 4974 4904 4903 -1 4441 4974 4903 -1 4975 4986 4929 -1 4986 4982 4895 -1 4890 4895 4982 -1 4986 4895 4929 -1 4927 4975 4929 -1 4927 4906 4975 -1 4929 4895 4896 -1" colorPerVertex="false" solid="false">
    <Coordinate point="4.38262 50.364 -0.594435 5.75485 48.5925 -0.347975 3.69982 49.773 -0.886257 2.77512 48.5717 -0.329208 6.06655 43.2238 -0.187503 2.41865 45.4913 -0.219955 5.76426 45.2263 -0.248319 7.67832 46.2209 0.103766 9.06442 44.9836 -0.243524 1.53844 50.5645 0.226393 5.69465 46.8194 0.470844 8.79791 42.2144 0.10023 3.03233 35.3424 0.0056598 1.38746 38.2072 -0.157 2.32695 38.5806 0.264757 1.02111 43.2535 0.127989 -2.0061 42.9246 0.314024 0.320589 45.3759 -0.0117895 -1.10293 38.138 -0.137883 -1.46193 36.1755 0.582698 7.31566 48.5235 -0.389356 -0.0125708 39.8831 0.364107 7.89739 34.797 0.0910727 6.10162 32.4763 0.14646 5.67529 35.2528 0.0790688 8.73999 47.6701 0.143949 -1.73795 41.1098 0.0051382 6.78871 37.5944 -0.138531 10.8286 37.7686 -0.367791 9.7558 36.3648 0.413559 3.61353 36.9543 0.427351 7.30805 39.1489 0.0787783 11.1326 34.6398 -0.139827 0.404787 50.3626 0.0755846 7.51808 40.3109 -0.267601 8.8614 38.8224 0.386536 2.55781 41.2665 -0.26795 0.241508 42.2671 -0.167496 5.19653 49.2671 0.672044 13.271 33.7373 0.0900944 12.0286 36.8104 -0.013842 10.929 44.3947 -0.178102 10.0185 46.2685 0.529361 6.66322 41.5439 -0.303563 4.6309 39.4101 0.297783 4.26178 42.4309 0.242776 9.59108 41.0906 -0.233305 11.5305 39.6195 0.564666 10.8829 42.1819 -0.166521 9.53002 43.2314 0.375123 1.2532 46.9591 0.879818 4.07664 46.6743 0.261505 -4.00285 38.0649 0.0264275 -6.26819 37.9756 0.481983 -4.49673 39.8285 0.313786 -6.95366 46.2727 0.280967 -3.38482 46.0389 0.0496038 -5.54608 44.897 0.32962 -2.85736 35.4063 0.163316 0.0082105 34.6687 0.057151 3.34157 32.3374 0.37548 4.39955 33.6716 0.748151 -3.00483 39.8151 0.56924 -2.71774 47.1666 0.49999 -0.475387 47.3087 0.0980097 2.35267 31.7738 0.609645 12.8822 38.4294 0.232171 2.66582 50.0935 0.924111 3.31035 49.8028 1.72351 -3.65452 48.4598 0.200148 -0.839575 49.6821 0.0849146 11.6239 44.6106 0.49627 -7.02975 42.2504 0.386118 -4.51087 42.9322 0.0926386 -2.9277 50.07 0.469275 9.7156 27.8721 0.456538 10.3933 30.9474 0.0292876 11.492 28.5974 0.0510436 -4.23839 44.4759 0.521535 12.5155 31.2274 0.118344 -2.25281 52.2998 0.0555363 13.316 30.2129 0.944441 7.31511 30.2154 0.134237 7.55958 31.6887 0.595126 13.2916 40.4563 -0.197029 9.85322 32.2589 0.446168 12.1625 32.9803 0.682283 12.7579 42.0321 0.60353 15.0893 39.5972 0.663151 -5.09342 34.5297 0.404341 -7.4527 34.0337 0.558242 -6.42814 36.2903 0.642588 -6.32788 40.4781 0.928196 0.694727 30.8175 0.315728 -1.09899 29.1348 0.522272 -2.14366 30.3665 0.445089 0.803406 47.8105 0.709093 -4.69558 36.6867 0.853743 -6.13149 43.1185 0.885974 14.4591 36.1096 0.906519 -4.34607 31.5966 0.580172 -1.06227 32.8625 0.392388 4.71737 25.5516 0.372889 4.50976 27.7092 0.588576 6.93904 25.8758 0.568646 -6.7709 48.9906 0.50537 -4.80425 50.5438 0.573888 1.2807 29.1926 0.610196 8.40983 24.9479 0.323617 10.0274 25.4858 0.978921 -0.176808 31.8021 0.869223 13.1723 24.8455 0.819061 11.3133 24.9148 0.253867 11.8831 26.9864 0.755852 3.6728 29.3603 0.315753 2.78712 27.8332 0.786212 10.749 32.0294 0.822996 5.87028 30.6151 0.367726 -4.4681 47.2947 0.319517 -7.87814 47.7616 0.941014 -0.301252 51.5921 0.996382 5.91083 27.5595 1.06659 -7.44241 39.1362 0.306751 -6.66208 50.6874 0.735618 -8.58195 49.7708 0.633205 12.7019 27.6952 1.36323 7.37702 22.746 1.09728 5.16708 22.2777 0.862511 -5.10185 28.4343 0.914194 -5.89871 30.8112 0.802991 13.4001 32.4321 1.38307 -1.55829 27.4895 1.28034 -10.5156 46.682 1.34844 -10.6661 45.3932 0.770295 0.801398 26.5861 1.14855 -10.5099 49.576 0.810201 -7.96476 42.0721 0.458337 -10.9326 42.5229 0.662138 -9.27717 43.8312 0.978544 -10.9992 51.771 1.1235 -9.20034 37.7127 0.578335 10.6495 19.6004 0.727814 6.97091 19.872 0.803473 8.94737 22.0285 0.967403 14.3487 19.7509 1.17943 12.2836 21.3433 0.600477 4.04507 23.429 0.842718 -5.6108 32.4335 1.124 10.7097 22.5599 0.931835 2.81514 25.0167 0.612993 11.7786 22.6513 1.29026 -15.1031 38.7102 1.16501 -12.8647 40.0835 0.946064 -11.8976 38.3439 0.992036 14.2769 35.4316 1.58934 -13.4771 44.5942 1.59131 -13.796 46.0185 1.14766 13.0954 18.6264 1.53469 -11.4887 36.6322 1.41745 0.168565 19.9704 1.05666 -2.51562 19.8913 1.05727 -1.31656 22.2966 1.04848 -8.78853 35.4076 1.04398 12.5019 43.0887 1.64369 13.4326 41.8436 1.56259 -6.63922 29.1284 0.747559 -10.4456 28.8415 1.46075 -8.56475 31.0916 1.0546 0.713945 21.4153 0.79411 7.90563 48.5592 1.68279 13.7888 22.6647 1.14527 -10.7031 31.9388 1.22363 -10.1701 34.4381 0.855197 -8.63335 32.3846 1.45244 0.786904 51.266 1.47857 -10.1092 39.106 1.09177 4.21568 20.6557 0.883973 1.70023 19.7443 0.949309 -2.57536 26.2011 0.943599 0.602618 22.8531 1.29328 1.00749 24.9301 1.18254 15.2155 32.8911 1.50855 3.19595 14.9831 1.70992 1.51191 16.3462 1.2351 3.65083 16.6746 1.48805 2.02219 18.0436 1.49609 4.44086 16.4881 1.34396 7.0103 17.5717 0.964734 5.96841 15.3521 1.88647 -11.4126 26.5053 1.31814 -9.08218 26.3854 1.10189 -10.7301 24.8124 1.48162 -11.3295 46.8181 1.19049 -13.682 47.3303 1.47797 8.03467 13.8131 1.87561 -6.70674 25.1771 1.06832 -7.1244 27.302 1.36347 9.35388 17.1372 1.62439 9.80041 44.8022 1.8878 14.9598 40.6473 1.49516 -14.0761 40.5076 1.21715 -3.52537 18.9035 1.68834 -6.27204 19.9593 1.42635 -12.1361 29.8549 1.43147 -3.29143 22.5799 1.13254 -11.6101 48.9551 0.876677 -4.70165 22.4302 1.35061 13.9571 25.1245 1.72317 -13.5747 37.8335 1.66335 2.55028 50.9905 1.58262 3.62967 50.4152 2.84795 -12.8867 31.238 1.47173 15.5597 28.1855 1.74704 -11.8741 40.8737 1.55309 4.55446 49.6452 3.32365 9.9428 18.3863 1.72878 -11.9318 50.4932 1.7223 -12.8501 32.7085 1.95678 -13.8992 34.9189 1.26391 -2.88432 23.9171 1.4719 -6.79756 23.8155 1.36119 -5.3466 23.0935 1.354 -5.50109 26.3618 1.49941 -15.6641 42.3538 1.66306 -13.396 42.8062 1.05438 9.24257 46.3818 3.02174 15.2828 21.1598 2.06428 0.952739 14.8467 2.22167 -8.79504 23.3623 2.06818 0.622575 17.4818 1.72326 -0.651363 16.2734 1.40126 -5.72353 17.4339 1.47232 -2.27954 17.71 1.22633 -3.82871 15.9945 1.59335 -15.3024 45.1155 1.60035 -2.14239 14.2848 2.25003 -10.4131 26.9664 1.82395 -9.79212 20.3343 1.78847 -7.39289 21.9176 1.52728 17.3624 30.1542 1.73273 2.8317 18.5346 1.91477 -1.78142 18.7284 1.7824 4.04746 17.4486 2.00445 -2.66426 18.814 1.95029 -14.5473 35.9068 1.62967 15.4052 37.4935 2.07021 15.3297 38.8061 2.1747 -10.6767 22.3461 1.60451 10.7487 16.708 1.19206 -14.0498 26.0644 1.85901 14.6443 17.04 1.42605 -14.0611 29.5327 1.70754 -14.9761 30.6564 1.92258 14.6899 14.7599 1.98721 -11.3077 27.9859 1.74277 -16.3867 34.3418 1.47811 -15.4823 31.8229 1.62824 -16.0027 40.7642 2.27304 0.224275 14.0924 1.87847 -16.1297 36.3864 2.35554 -5.47717 15.7202 2.07824 -7.06986 19.0672 2.3411 16.6605 32.7192 2.22046 15.2864 35.1471 2.88145 -14.1355 32.1595 2.21599 -18.0997 31.3567 2.26445 1.63823 13.0517 1.80147 3.79153 13.2269 1.82034 3.14516 10.714 1.89875 9.14941 14.911 2.41091 10.7058 13.9655 1.98441 -13.0096 21.7393 2.03766 14.6115 43.3136 1.94799 3.92128 13.9556 2.41065 -16.7923 38.7495 1.31805 -12.5525 23.2203 2.47559 -14.1665 27.6246 2.45434 -7.6045 16.633 1.89931 -9.65056 17.095 2.13007 -9.30276 19.2804 2.26881 -18.6521 32.2449 2.88299 -19.2204 39.0815 1.8157 18.0464 41.71 1.80754 16.9397 40.7098 1.79078 16.7136 42.9479 2.38096 -20.2397 35.0431 2.41132 -19.4948 36.2693 2.7035 20.6904 42.5695 2.80466 20.6092 43.3491 2.11785 -0.975433 12.7909 1.93592 -1.41269 10.9703 2.11539 -4.2008 13.4293 2.09609 2.18462 11.6689 2.33482 15.5214 19.1792 2.65411 17.0748 24.6207 3.11182 -3.98684 14.9506 2.41853 -12.8669 19.9733 2.25432 -1.15082 14.3019 2.57577 16.2574 26.3614 2.60467 17.7497 29.2516 2.26176 15.5997 33.0552 2.62761 17.497 31.0772 2.38527 5.5542 14.0393 2.21776 6.87801 13.8805 2.41174 13.2885 44.5239 2.48794 -18.0419 30.0513 2.14988 18.0291 44.677 2.22126 0.80702 12.6386 2.62268 -8.1996 15.5023 2.46919 -10.612 18.0947 2.91873 -16.4913 21.6496 2.93091 -14.6109 23.5372 2.30469 16.2633 21.6454 2.32123 20.7284 46.1257 2.09859 20.3925 46.9274 2.32218 22.7697 46.942 2.42492 -10.9677 19.3637 2.78356 19.6355 50.4149 2.36464 23.3346 44.2323 3.0915 -15.481 25.8373 2.05377 17.5802 52.1553 2.48967 16.4035 52.5493 2.20081 18.6733 53.4332 2.49312 21.1872 52.6532 2.29046 -16.335 27.7796 3.08179 14.2923 45.1451 2.49699 15.4852 45.1573 2.81393 22.9195 49.8649 2.55031 6.9143 48.8144 3.86479 23.6835 53.0678 2.30807 -7.34608 11.3692 2.47184 -5.93509 9.94124 2.86316 -15.7271 23.8231 2.97128 -18.0449 26.0691 2.44058 -4.51456 9.44578 2.70748 -21.4052 36.251 2.90796 11.4844 44.7249 3.50874 23.6215 47.9749 2.83396 16.5939 54.3392 2.50239 -18.0551 27.9594 2.5377 -12.9 15.8877 2.72645 -15.2125 18.1692 2.78428 -11.5154 18.2701 2.29372 13.2426 46.4656 2.99575 -10.5467 14.852 3.03292 -13.8583 19.0388 3.11603 15.5633 51.93 2.67433 18.3144 41.5007 3.0425 -9.06558 14.4896 3.25734 -6.61262 13.9774 2.65698 16.9805 27.8893 3.28419 16.9855 47.9104 2.84118 17.1758 31.3547 3.21164 24.3622 46.5223 3.53794 16.793 29.9936 3.34681 -9.24737 9.90994 3.21272 15.2903 37.5234 3.9168 17.0781 39.6027 2.96218 -4.88904 8.14652 3.02299 25.5221 51.5109 3.49872 24.2459 52.2206 3.0841 -10.5848 13.2782 2.65157 2.10635 12.0822 4.23119 14.3251 48.5934 3.34412 25.4462 52.6705 3.28113 16.4701 19.5286 3.06354 0.154408 12.6353 4.80809 13.0492 49.254 3.04197 10.621 47.439 3.0281 -9.27116 9.01653 3.16263 11.6328 50.8219 3.56925 17.4637 40.597 3.77675 8.51087 47.3296 4.30379 -10.5732 9.73119 4.25427 -12.862 12.5209 3.02247 -11.9756 14.7842 3.23682 17.8723 23.5377 3.87845 17.7956 26.4121 4.05899 23.6818 44.2365 4.28696 16.8964 32.831 4.36796 15.9241 33.8719 4.48787 25.424 48.6393 3.94711 16.1199 37.8616 3.48878 -15.0162 14.5174 3.85426 10.0587 48.9294 4.0383 12.1281 52.0043 3.95235 19.1152 42.2242 4.19162 17.7723 20.6957 3.96837 18.409 27.3748 4.06456 17.8908 29.7655 3.97416 20.8903 42.47 4.05723 1.55453 12.5815 5.13037 26.7137 50.0917 4.98018 27.1273 53.8767 4.7428 15.5028 35.216 4.97585 19.0236 27.7227 4.48593 16.8715 34.3586 5.16459 18.5352 35.4414 4.79437 6.83581 47.0441 5.70747 16.538 32.727 5.29058 5.62248 50.4418 5.20189 11.0826 50.3716 6.38076 19.891 26.6082 4.92582 18.5293 38.9768 4.47561 21.1234 39.4219 4.00449 21.8966 34.7289 4.32431 -12.3699 8.50166 4.87394 22.8877 35.4198 4.57649 23.0035 37.5818 4.32369 23.3166 41.9507 4.65167 26.3948 46.6524 5.72736 22.4058 32.3966 4.69392 8.11529 47.9313 6.81966 19.4422 24.7125 5.2455 13.02 52.7119 4.63488 11.5988 51.8255 7.05658 18.4669 29.3532 5.57533 23.4121 38.2208 5.17269 24.388 43.8698 4.8599 19.5039 32.5195 5.02378 28.3241 51.7308 5.74516 23.1677 35.9252 5.90769 6.04613 49.223 5.93948 18.4223 20.5049 5.11019 19.3334 21.7033 5.47372 23.7798 42.4714 5.58096 24.449 43.0718 5.93891 21.319 30.5948 5.32873 23.6127 33.7351 5.57301 28.4178 54.5963 5.40182 9.89037 49.0943 6.82136 20.4221 21.8339 5.61566 13.032 53.2646 6.08485 17.4169 29.7768 6.03512 22.286 28.4123 5.64055 19.1992 28.2692 6.07015 28.4125 47.469 6.74283 16.9813 31.9499 6.09697 24.3891 29.4803 5.68156 25.237 31.4607 6.35433 22.2302 23.8313 5.93111 21.5901 26.3403 5.96483 25.5193 37.9932 5.81933 25.2989 40.5783 6.1053 23.1407 26.871 6.11383 27.6815 46.0545 6.2597 26.1744 43.31 6.20838 28.5037 49.7446 7.03729 9.32418 50.0474 6.98854 23.0174 24.3111 6.11176 24.9752 33.8247 6.12752 22.7017 23.1329 6.34079 26.2633 41.0483 7.11575 24.7104 27.9279 6.74306 26.2685 36.4083 6.86091 23.3906 25.358 6.94246 26.2432 28.7142 7.80882 25.3608 32.9954 7.31618 25.5704 34.3137 7.15776 24.542 22.9302 7.24277 23.9244 25.2727 6.93866 30.5212 52.935 7.45993 25.5223 26.6334 7.21772 7.49957 48.6203 7.58348 24.8373 25.1657 7.81595 28.2541 45.3296 7.92593 22.2954 22.6231 7.41821 26.493 32.169 8.68758 27.3839 39.7562 7.66807 27.8193 42.8977 7.75425 28.3471 47.9316 8.02162 26.853 34.8707 7.75206 10.0747 51.473 7.95325 28.2681 37.7469 8.0012 29.6952 46.5261 8.63043 25.2341 26.9989 8.77472 28.706 41.5563 9.5989 30.0136 49.9891 9.20317 25.9438 28.4737 8.99689 28.9848 44.0525 9.30353 25.295 24.512 10.1008 27.9809 36.1542 9.4177 28.6397 38.0449 9.36616 30.5723 51.5805 9.24922 32.1924 54.6886 8.91535 26.1675 25.5076 10.7208 27.1898 34.4434 10.0825 30.448 47.1144 9.61471 26.3201 27.2258 9.53907 26.2534 31.7004 10.8657 29.0848 39.9853 10.2835 32.9553 52.1782 9.85099 35.4008 56.457 9.8453 26.5865 30.1665 10.7826 31.3968 48.9962 9.88304 33.9027 52.8695 10.8517 27.8503 36.4288 11.1726 28.8309 38.6204 11.3587 29.9669 43.6561 10.6845 30.9126 45.5481 11.9507 31.7166 47.2119 10.9047 32.8364 50.2363 10.7746 29.9515 42.2955 11.5002 27.6495 32.671 11.5331 33.9882 52.2637 11.7249 27.1996 28.1025 12.4585 27.9178 30.5887 11.8635 28.7216 35.4421 12.5591 30.5974 41.2909 12.039 33.6029 47.8792 13.468 29.1803 37.4114 12.2144 34.3953 49.7445 12.3699 32.6062 46.8285 14.0605 27.1135 26.0903 13.1053 31.0815 40.1411 13.0347 28.9393 34.1407 13.2495 32.107 43.5189 13.631 28.7887 36.7575 13.6938 31.881 41.2987 14.0558 28.3373 28.4446 14.8847 28.9814 35.3773 15.0582 28.7409 38.1831 14.6896 29.0222 31.5835 15.1045 30.8378 39.4912 14.9898 34.0444 42.2087 16.562 30.4571 35.0071 15.7533 33.0711 38.23 15.6062 30.0898 32.1979 15.7674 29.7515 30.8276 16.7276 31.5529 33.5163 17.3627 -1.59323 55.6948 -0.358393 -3.87241 54.4913 -0.138306 -4.50024 56.9619 0.103763 2.84316 53.3928 -0.390875 0.852906 54.8585 -0.360997 2.36501 55.6383 -0.489179 6.46452 58.4954 0.156701 2.74019 58.6095 -0.361875 5.4437 60.4152 -0.273996 3.41275 60.6337 -0.0751107 3.43671 63.3468 -0.29999 4.69032 64.4956 0.421601 5.48043 62.9899 -0.198441 1.85852 52.1667 0.0627213 0.270485 53.2927 -0.317686 -5.37951 56.0919 -0.0055767 0.881055 63.6835 -0.146282 -1.11811 62.0763 0.03497 -0.96207 65.011 0.0007648 3.87317 57.5862 0.402337 -0.238968 59.3015 -0.25525 2.30881 57.3916 0.0727784 -1.621 53.52 0.0584056 -3.56269 57.5689 0.414126 0.792291 60.8605 0.376423 0.276044 57.2979 0.582525 -1.52421 57.8401 -0.192596 -4.18797 59.4141 0.0757862 -2.82873 61.648 0.0457361 1.83165 66.1059 0.340498 -3.77415 52.9938 0.530844 -3.78946 63.8603 0.272698 3.08821 67.281 0.140998 -0.25073 68.2034 0.172778 0.0741989 52.4058 1.33571 -2.49509 65.0994 0.639568 2.00835 69.3702 0.346851 -7.02774 58.66 0.461065 -2.33791 68.4831 0.369347 -6.75621 60.834 0.184617 -7.73175 61.7236 0.356562 -4.2488 62.1378 0.715174 4.61936 52.8851 1.47898 6.64237 64.9262 0.784745 6.03359 66.4995 0.304346 5.59884 68.8814 0.858355 -6.85296 64.3151 0.26366 -4.76445 65.2427 0.767637 -9.49125 57.7349 0.365613 5.97169 55.5777 0.679477 8.85252 67.3428 0.177769 8.40414 65.8104 0.997048 -3.27663 66.5854 0.412446 -4.73585 68.3985 0.754973 2.6511 70.2198 0.81786 5.30827 71.238 0.771859 -8.55313 52.4574 0.88741 -8.98416 54.2939 0.809966 -7.56157 54.4102 0.448321 -3.30496 69.6913 0.5075 8.06539 71.3961 0.595891 6.53461 71.0118 0.474955 5.77665 74.2102 0.825185 7.33839 55.3666 0.718734 11.0803 68.9902 0.542144 9.52274 71.9539 0.607885 11.375 71.3802 0.707395 6.84619 59.5049 0.901747 -6.69599 52.5041 0.305442 -7.04866 62.7236 1.03837 -5.74213 62.0422 0.734171 -10.0792 61.0175 0.454285 -7.82191 55.3011 1.02593 -11.7841 61.3438 0.761724 -11.1951 62.8606 0.979594 -5.78747 66.6734 0.467234 -9.23394 61.7738 0.999632 7.01099 54.2234 1.50253 8.73444 69.3161 0.895513 9.71812 68.35 1.01545 -8.79277 63.6632 0.652591 -8.51701 65.3091 1.23668 -7.91932 67.8722 0.734492 -5.82643 69.755 0.95548 -10.4165 65.191 0.663086 -13.2118 64.8955 0.952391 8.75332 58.2326 0.90742 2.82861 71.7555 0.782239 1.03056 72.8578 0.675383 0.670095 69.8283 1.09541 -0.505734 70.5264 0.980115 -13.5653 59.6326 0.890515 -13.1807 61.6971 0.913795 -2.9162 70.7382 1.2723 -1.34031 71.5139 0.519056 -3.71204 72.1571 0.613104 0.302989 75.0107 0.759634 -4.38186 74.9782 1.26731 1.67801 74.8089 0.989177 8.73627 74.6622 0.672052 4.70128 75.8197 0.947819 11.5655 74.9345 1.17434 2.59867 72.6208 1.27895 -11.8034 52.7858 1.11345 -4.72997 70.0984 1.33438 -6.86255 71.6689 1.05677 -5.03085 73.4595 0.877427 3.32536 75.1793 1.06537 1.66448 77.3512 1.00454 3.32461 77.4666 1.98193 6.37153 62.7034 1.4605 -11.5387 66.6694 0.937143 -8.23109 74.5573 1.23696 -10.658 55.8357 1.33878 7.94645 76.6169 1.28652 -14.5864 57.1726 1.50609 -12.8326 57.7051 0.82654 12.019 69.0512 2.1715 -10.8682 68.1475 1.16449 -9.69428 69.8167 1.06473 4.41989 72.424 1.09337 -16.6684 60.3508 1.03503 -15.6613 61.668 1.14925 -4.05717 76.9403 1.20696 -12.3133 62.5448 1.56209 -1.95104 77.3993 1.24458 8.19047 54.7571 1.57405 -9.82977 73.7048 1.43005 -17.7258 61.4502 1.36925 -15.9998 62.8958 1.20389 -13.7311 65.8753 1.92926 9.50265 60.2215 1.68524 -18.218 64.999 1.48254 -15.818 64.7177 1.1971 -8.45511 70.559 1.68911 -13.3993 69.2159 1.29533 -11.7178 70.0569 1.32754 -12.8706 52.7965 1.159 -13.0961 54.814 1.26384 -10.2709 66.6705 1.67015 7.69574 62.4954 1.31492 7.27627 64.7263 1.96014 10.6517 67.1988 1.52106 -7.31214 75.5345 2.20647 9.6968 76.3305 1.67019 -5.86048 77.1511 1.34627 -16.0071 59.3497 1.30057 12.4937 75.4733 1.14464 -14.839 62.037 1.77442 -14.1993 64.6946 1.41322 -13.4889 63.0211 1.34834 -13.9592 71.3091 1.75711 -16.4498 70.1221 1.74308 -15.5182 66.7472 1.31132 9.92403 62.9242 1.25478 0.16927 79.1986 1.51586 3.45831 79.8902 1.62525 9.18414 65.7153 1.90043 -11.5279 73.9652 1.55546 -13.2494 74.1613 2.04851 -10.5077 70.5948 1.98947 2.71082 81.1404 1.57365 1.24549 80.8501 1.8908 6.81011 80.4672 1.5355 5.42428 79.0301 1.36273 -9.29532 71.3831 1.34424 -0.51305 77.3208 2.11853 9.56748 78.1945 1.30409 5.35326 77.8665 1.44998 9.12541 80.2692 1.77795 -5.83496 78.7655 1.5458 5.07433 74.1231 3.54458 -2.25967 78.632 1.42364 12.3136 77.6052 1.61953 12.0061 80.215 1.64656 -2.41157 79.3341 1.30651 -1.86109 80.5135 1.65701 -0.218295 80.9624 1.567 10.5416 57.7445 1.67052 -19.7249 65.2038 1.7422 -19.8162 66.6389 2.05885 -17.9985 66.1663 1.96977 -19.2514 68.4898 1.81908 -18.4074 70.4436 2.08729 14.2369 76.9421 1.80175 -17.083 65.6659 2.19606 -15.3899 70.8406 2.34771 -17.6939 67.4633 2.0308 -16.3011 73.9851 1.83941 -14.2133 74.3629 1.91862 11.3093 62.9867 2.12907 -9.87507 78.5295 2.30964 9.80601 64.5873 1.99477 3.57459 81.3452 2.05407 11.4425 67.6805 2.22446 -10.0384 80.347 2.13228 3.08838 74.4445 3.31013 -4.65695 78.9584 2.07773 12.539 72.3287 2.16055 5.55225 83.2253 1.63609 7.84954 83.4661 1.72211 -5.87053 80.8384 1.76435 -10.353 74.6797 2.31208 2.13834 83.2175 1.78388 -18.7496 62.3305 2.29905 -3.22274 81.5193 1.82035 5.89144 85.5077 2.37821 -8.74543 76.9789 1.46632 -10.8082 77.4449 1.78141 -1.54101 81.3673 2.11816 10.2519 80.0445 1.80641 -13.0697 75.8805 2.3152 13.7125 78.9291 1.59113 5.37747 52.1434 3.36551 10.1606 56.4108 2.30882 8.88137 54.8025 2.70085 13.3325 81.0163 2.47267 15.0263 77.8565 1.81749 17.3019 78.6933 2.44797 15.2706 80.6742 1.91284 6.99244 54.3522 2.75287 3.59928 72.7949 3.61874 -16.5652 71.7953 2.5596 11.8935 58.1012 2.56212 10.5958 83.2578 1.71959 11.0354 60.0537 2.07497 -17.7481 72.8804 2.16924 13.6915 82.7551 2.37557 -11.1598 79.7166 1.8976 15.4718 72.3557 2.17728 16.5856 80.3459 2.54739 12.696 61.7268 2.06903 17.0439 75.2616 2.3261 -21.2242 65.2091 1.73961 13.1369 84.2882 2.73921 -9.73464 81.8969 2.04976 12.2306 65.0462 2.05178 0.814631 82.438 2.42557 1.29445 83.642 1.89271 -13.854 76.7215 1.98798 -12.456 77.6183 2.40751 -13.4678 78.5565 2.27269 1.83133 84.72 1.91389 13.4325 67.6945 2.17294 0.0656425 84.3025 1.93095 2.97714 84.7802 2.53422 -7.83081 81.6363 2.01394 -20.1745 70.7288 2.13193 -20.6536 68.947 1.91336 9.28395 84.2699 2.6335 -5.4115 81.7547 2.4127 -1.61773 82.3595 2.20356 -0.258147 82.1535 2.12826 18.2104 79.8823 2.32212 -19.2041 72.0206 2.77565 15.6094 82.9211 2.1514 -12.4928 80.9214 2.35374 14.2303 61.7671 2.45581 -17.7483 73.9285 2.05669 -20.7827 73.1991 2.55649 -19.8864 74.656 2.43647 12.7647 64.5804 2.76923 -18.0078 76.0404 2.3536 15.9951 68.9816 2.52727 17.7426 71.5337 2.46677 -15.7194 76.0013 2.71943 18.2839 82.3412 2.23124 -22.7731 66.5699 2.4905 -16.5982 77.8148 2.26567 -22.0913 68.2574 2.52404 -7.40725 83.9109 2.2202 -23.0326 69.3419 2.41585 -4.50351 83.6114 2.14485 5.26762 86.8556 2.28647 8.11582 87.1042 2.27695 -8.69418 85.3075 2.42493 -8.56741 83.5574 2.56703 -5.48097 85.1875 2.28308 21.7769 55.5808 2.19661 19.1559 54.6726 2.86779 -2.67739 84.091 1.97519 -2.5813 82.4877 2.56734 4.33011 85.5991 2.904 -2.43961 85.3352 2.63819 -1.37008 84.8659 2.81639 18.6386 75.7831 2.77066 -2.22164 88.4536 2.6614 -0.794111 87.2478 2.50494 15.9065 67.8313 2.69458 -16.055 79.654 2.4039 -15.1511 78.8056 2.73643 19.7176 81.9563 2.81646 0.065606 89.5205 2.78202 2.23242 86.0722 2.36644 6.14564 53.4853 3.61981 17.5741 84.3332 2.49776 -16.5845 81.3241 2.7166 3.79205 88.8257 2.58658 7.21585 85.1023 2.93837 -13.1162 82.4932 2.21824 9.25174 85.3463 2.33503 14.6407 59.4871 2.57493 13.4821 57.1596 2.72098 24.591 56.0245 2.74873 -11.2283 82.354 2.92726 5.01795 88.5384 2.63047 -11.9083 85.2978 2.52804 15.1511 64.2003 2.88215 14.7791 62.3304 2.74612 11.4091 85.505 2.65819 10.9075 86.97 2.46669 -23.0902 71.1519 2.52815 -22.1506 72.7906 3.11537 -9.86987 83.2436 2.41284 -9.05008 82.7451 2.77631 -10.4086 85.6873 2.50989 15.5866 84.5729 2.90756 0.108123 86.0062 2.86713 -22.4556 74.6293 2.60125 -21.9799 76.0256 2.90381 -20.1125 76.4016 3.46351 18.4738 61.615 2.9727 -10.0734 87.6052 2.94167 -8.54609 87.249 3.17063 -23.463 67.7275 3.34789 19.4985 79.8029 3.48784 20.8164 80.1974 2.83081 14.7897 65.1506 3.63637 22.0788 81.0281 2.75058 17.4529 67.2423 2.69174 -5.35312 88.4142 2.73428 -4.90025 86.1243 2.83132 -6.95868 88.1371 2.80745 -16.2283 83.1746 3.1665 -14.4521 85.6113 2.83015 -4.0294 86.7691 3.11091 17.2282 55.9569 2.70393 14.8797 86.2992 2.6365 -4.15926 89.4096 3.02838 -25.1012 70.575 2.99936 -24.3302 71.8112 3.39008 22.1976 83.4651 3.16353 20.2774 84.2921 2.84685 18.0555 87.7827 3.02242 19.0892 57.782 2.49988 -12.1729 86.7622 3.79031 19.0415 85.818 3.05467 -23.6081 73.78 2.92377 20.547 67.9871 3.51609 20.4847 56.2434 2.80915 20.0262 71.7002 3.15891 1.88607 90.347 3.35707 6.52131 88.7814 3.4373 24.4973 57.1022 3.12538 11.3347 55.7472 2.97299 16.8775 57.4599 2.74024 11.1953 89.0841 3.19192 13.6594 88.5763 2.85968 22.8215 58.87 3.0218 15.715 55.0118 2.90822 14.8018 56.7746 2.63046 8.24165 89.2362 3.14463 14.9405 58.3061 3.44427 15.7221 88.1087 2.90179 -22.2546 77.0371 2.84103 -21.1734 78.4368 2.85242 -18.2113 79.5302 3.2347 -18.3614 81.0049 2.79516 -18.7496 82.3169 2.96586 17.757 59.142 3.27735 6.23018 90.3244 3.41513 14.829 54.4942 3.46708 -11.6595 88.7256 3.0811 4.72937 90.8903 3.44322 1.973 92.3242 3.05601 5.69936 92.236 3.14355 19.1711 77.3655 3.26353 12.6142 88.9373 3.40006 16.8766 60.2937 2.99574 -10.3194 90.1722 3.12912 -22.5317 79.5578 3.5296 24.8168 59.4284 3.05808 -6.40125 89.6879 2.9967 -9.80564 91.3653 3.87046 24.4667 79.992 2.98846 24.5834 82.5533 3.21813 22.5852 62.2872 3.23492 26.2812 61.1107 2.86584 26.0214 81.2611 3.74758 26.6073 57.4165 3.52337 19.0744 84.1824 3.51453 -21.3508 81.0216 3.17749 17.614 65.5508 3.31184 20.4215 65.8252 3.58896 22.5611 82.5981 3.41123 -23.9989 76.8512 3.9421 23.9673 63.3556 3.0964 -2.39093 89.615 3.45261 23.2982 83.2046 3.05065 4.23242 73.6054 5.23302 3.90118 90.2197 4.00072 -0.272615 90.8667 3.67933 19.9106 61.3331 3.2828 19.9189 74.8793 3.5438 20.9475 72.3342 3.53916 -15.5323 87.1919 3.47476 -13.7423 87.2048 3.59055 21.1361 61.6757 3.37711 -13.4741 88.9622 3.05329 -0.260181 92.608 3.27961 -17.6379 89.1567 3.4317 12.7671 56.5548 4.46668 3.32351 93.7474 3.89786 25.5887 80.2558 3.74717 27.8406 60.3576 3.6535 -12.3563 90.8839 3.31703 8.79937 91.2168 3.20671 20.6156 85.5446 3.01352 21.8665 84.479 3.70216 21.4863 63.082 3.43225 -11.2864 91.1389 4.072 6.13871 93.8631 4.13522 23.8589 85.3995 3.2992 -26.1305 72.703 3.88072 -17.1791 85.7714 3.12782 -3.19691 92.257 3.25826 24.2471 84.1617 3.77752 -6.93346 92.7332 3.4269 16.3559 89.7776 3.90411 11.7694 92.6134 3.43476 14.193 91.4253 3.3729 26.7759 64.2652 3.60943 18.3186 89.1563 4.58975 20.022 87.5183 3.30273 22.2977 87.1961 3.38693 20.0129 79.3995 3.99663 22.3293 79.5524 3.80098 24.5189 78.9278 3.6062 9.32422 92.4962 4.23536 13.1869 53.9229 4.07578 12.3858 93.9508 3.74685 26.3774 84.8833 3.61433 -14.165 90.9164 4.31229 17.4963 59.9631 3.97473 17.1669 91.0003 3.35224 15.325 93.0999 4.47007 25.345 64.4286 3.87298 29.2072 61.9662 3.89653 20.7322 88.8087 4.36426 21.1691 71.0859 4.01924 -4.46034 92.2668 3.63376 28.805 58.8846 4.08378 22.1517 71.1484 3.52589 23.255 73.8049 3.86395 -5.56865 94.7954 4.15259 5.20185 94.6974 3.6858 8.60184 93.3276 4.1057 14.5835 89.4932 4.19157 1.39669 93.9379 4.34538 0.508493 95.2225 4.19512 -2.26173 94.9139 3.94574 19.6142 77.3047 4.02763 21.2099 76.7719 3.6531 21.8064 62.5476 4.47153 21.1339 64.7223 4.40267 23.2003 77.1822 3.98609 -12.1544 91.7071 3.73955 20.7663 69.0964 5.1079 21.2848 66.0544 4.83423 6.19762 52.503 4.87149 25.728 87.4707 4.08139 16.7964 93.3606 4.1286 -10.5188 92.9154 3.76539 29.7815 64.7922 4.55239 1.96215 95.1248 3.77747 6.0779 95.688 4.10259 22.1205 69.0391 4.27257 24.0419 72.1191 4.34342 -8.4307 93.7923 4.14567 10.0131 95.2069 4.25605 19.784 89.8665 3.83215 23.1878 88.5807 4.3581 25.0525 75.652 4.07721 18.1469 90.8121 3.84261 20.7064 90.6006 4.15634 27.5945 78.6705 4.8101 -3.54141 95.7035 4.34502 30.7452 60.2365 4.82257 -0.969136 94.7875 4.56261 0.891673 95.8735 4.15712 -3.20626 97.1987 4.29066 14.7808 94.3914 4.16751 27.3555 66.1948 4.63469 -12.53 93.126 3.94193 7.84605 94.7028 3.80726 7.67175 53.1125 5.24661 10.9509 53.8786 4.88915 -15.0843 95.6056 4.10069 -11.5746 94.2374 4.40039 -9.82905 93.7921 4.49321 27.9684 57.0563 4.75472 22.1392 89.9623 3.96923 25.6355 77.1431 4.42256 7.4099 96.5346 4.04518 0.541885 98.1103 4.56188 9.61209 96.2238 4.34348 25.5648 90.5111 4.18072 17.857 92.0109 4.56729 23.5644 91.7495 4.20984 28.4204 86.9843 4.00942 28.6523 85.1843 5.20887 26.3833 77.7137 5.30343 27.2608 81.6367 4.41483 11.032 96.451 4.20668 -8.5895 95.9922 4.30843 16.9643 94.8189 4.78446 -6.86118 97.7906 4.36972 31.0332 62.7093 4.77519 16.7344 95.8815 4.56219 13.7376 93.3875 4.73737 4.38706 98.0681 4.5859 19.499 94.057 4.57896 -3.27182 98.5866 4.69138 9.18195 52.9029 5.16753 21.4281 91.2542 4.92103 12.5525 54.5433 5.24218 26.549 88.0182 4.96653 27.6684 88.4859 4.58085 22.8021 62.1078 4.84086 -9.87307 99.0191 4.90518 19.1848 95.0352 4.82173 9.87868 97.5392 4.63805 6.04985 100.026 4.94497 22.543 93.4668 4.58118 24.1774 92.2734 4.919 25.6265 65.4512 5.13745 8.3644 100.283 5.10579 26.9599 90.2314 4.64425 29.5494 87.462 4.66125 16.2196 96.9643 5.05823 26.9621 91.1814 5.14036 30.3453 58.0716 5.4551 21.7388 68.809 5.20256 25.4703 75.0688 5.96182 21.4212 92.9771 4.88188 3.55364 100.254 5.02135 25.5662 93.6121 5.12725 22.2577 94.5047 5.00335 -3.72875 99.8362 4.74729 0.604904 101.174 5.0715 20.1491 96.2371 5.3692 15.1903 98.8712 4.99004 12.4482 99.79 5.13346 28.4295 89.0328 5.75125 29.5072 89.5201 5.43354 29.1825 91.6969 4.97723 16.1409 98.1154 4.99551 -3.29654 101.575 5.31824 -1.09616 102.066 5.75471 22.1978 97.3785 5.19634 11.6647 54.358 6.03783 18.9393 99.2816 5.35589 21.9831 96.3801 5.22882 29.2826 56.3019 5.53382 26.3706 95.036 5.20028 8.75628 51.7615 5.02965 30.1592 66.0141 5.22778 23.2602 70.5061 5.72537 2.18246 101.775 6.16042 20.1416 66.5397 7.47429 6.86854 100.782 5.84754 5.22913 101.697 5.96622 27.4027 93.8745 5.58591 -2.47505 101.757 6.09098 13.523 100.474 5.68384 10.5351 101.141 6.08972 14.5771 100.111 6.41498 21.1689 67.3446 6.84095 32.7316 65.1875 5.67103 31.8254 60.0892 6.09618 31.5223 61.8957 5.53743 24.6111 98.4956 5.51323 22.8909 98.7975 5.58626 26.5261 65.9941 7.46915 20.6304 99.4991 5.59414 29.896 67.679 5.35583 32.3222 67.0518 5.58949 24.1891 73.0114 6.13655 28.2791 81.5713 6.31187 28.6761 67.4301 6.48593 15.4503 99.5503 6.07849 18.0138 100.381 6.13884 30.3913 87.8759 6.34345 27.4835 95.9583 5.88153 31.9575 69.165 5.37069 33.0952 68.6692 5.44948 28.7593 94.8234 5.50847 20.3194 63.9574 7.65403 20.7608 62.1171 6.72607 34.5927 70.7485 7.32694 27.0953 97.0313 5.66789 3.75415 102.346 6.10017 19.7239 100.18 6.68873 -5.21639 102.787 5.92186 -3.13157 104.819 6.05332 23.8994 69.4571 7.38129 27.4743 98.6841 6.02397 26.6401 76.5697 6.82219 27.6343 80.6061 6.83274 25.4124 100.17 6.55342 -2.07258 104.489 6.17117 3.19925 104.536 5.80977 5.38199 104.492 5.86406 7.92598 103.98 6.19899 9.882 104.093 6.00493 11.2918 102.231 6.00599 11.4525 103.847 6.01443 9.90397 52.841 6.98387 1.16515 103.297 6.17945 0.267093 104.863 6.17771 20.1359 62.8825 7.13687 22.9252 62.901 7.27683 24.9302 64.2396 8.40221 34.6923 66.3829 6.55817 6.79947 102.196 6.55989 21.4687 100.495 6.38944 22.8376 99.8744 6.52788 23.3935 68.2005 6.37976 24.1175 99.7903 6.7621 30.9334 68.9422 6.78862 32.2145 96.5559 6.34395 12.075 102.346 6.4566 14.7405 103.193 6.50558 14.5032 102.285 6.40201 13.4517 105.061 6.46247 15.3743 102.725 6.24561 16.4885 101.66 6.40855 17.943 102.428 6.33983 12.134 53.401 7.03733 2.45931 105.943 6.70343 8.31103 105.464 6.56705 5.66137 105.773 7.05838 35.3489 67.6243 8.34303 23.1089 66.8209 6.78677 12.4164 105.33 7.14652 17.6137 104.646 6.647 34.2967 62.1528 7.41293 20.0864 102.361 6.68144 -3.43365 105.81 7.06658 -2.46194 108.217 7.25589 26.8512 99.7434 7.15185 9.78201 105.051 7.37246 11.5731 106.502 7.50332 22.0166 102.488 6.53753 25.088 102.005 6.90923 13.8291 105.869 7.34983 32.8551 70.6987 7.80167 21.2639 101.495 6.9886 4.26265 106.233 7.44792 20.5006 105.016 7.07891 23.5882 104.14 6.95935 28.1272 81.0738 7.73147 16.4437 104.459 7.78273 -0.867793 107.574 7.72337 0.824097 106.068 7.24401 25.8367 104.512 7.11829 26.698 74.9496 8.60599 32.3844 57.1753 8.30989 8.05951 107.392 7.39908 9.30289 106.232 6.96374 19.178 105.682 8.03246 18.3035 105.935 7.71873 27.621 101.264 7.32485 21.2288 67.4035 8.09502 24.1207 67.2545 7.66302 23.2309 66.3178 8.06327 1.40359 108.57 7.97319 3.51019 107.627 7.54136 29.8915 70.5733 7.55435 5.85097 107.33 7.68745 26.4459 73.2791 8.488 13.1159 106.673 7.86381 14.3184 103.518 8.12365 35.5571 70.1941 8.34798 34.3506 59.7201 8.61113 4.89594 107.884 7.28208 28.9625 69.5825 8.2885 10.1036 106.754 8.1156 27.0571 68.9079 8.93641 35.5831 72.224 8.43188 25.4313 71.5327 8.91279 -0.81088 108.546 8.34227 20.53 106.527 7.82687 20.3875 107.943 7.8033 22.0259 105.849 8.61457 19.934 63.6202 8.50552 20.7975 63.1293 8.46245 3.21311 108.923 8.82244 36.4139 64.9162 8.88498 25.5727 68.999 8.60594 25.0201 65.3612 9.13941 16.2351 105.788 9.11689 24.0553 105.651 8.36542 20.0697 65.1319 8.41199 22.9003 63.4841 7.99639 22.962 107.819 7.98831 29.5902 72.0987 9.31761 28.8133 78.3059 8.85094 36.3287 60.9793 9.85626 11.1895 106.884 9.39617 14.1449 106.074 9.12777 17.9457 106.337 9.15103 34.1976 57.8979 9.04155 20.3414 63.6938 9.06673 33.08 71.8305 9.33909 22.1068 64.1315 8.74008 25.3142 67.2054 8.86675 8.16563 107.089 10.3691 36.8404 61.8439 9.41512 28.6128 71.0388 9.38773 27.8203 73.5411 9.14725 26.6893 72.02 9.47549 29.5152 79.2319 10.0611 30.2289 80.8083 9.90061 29.5015 74.881 9.61646 28.1692 74.9589 9.78092 29.7105 77.6763 10.5082 31.8232 74.1962 9.9855 37.4345 60.7533 10.3781 38.5588 65.2365 10.6284 30.0458 77.121 11.7867 36.1571 60.0562 10.3881 37.3684 58.0692 10.8763 30.5601 78.4752 11.7333 30.6213 75.6043 11.5095 31.5463 74.9379 12.5017 31.5931 76.4811 11.7426 -19.215 85.7879 3.24709 -19.4057 87.863 3.80061 -16.8396 87.5295 3.69138 -23.8617 78.7026 3.16906 -15.264 90.3599 3.51589 -23.1417 81.6884 3.39388 -19.9589 83.7493 3.73279 -27.9358 74.3271 3.32638 -25.7347 75.7362 3.34687 -26.086 77.8281 3.46049 -27.4639 78.9567 3.61648 -26.0097 79.8281 3.69382 -25.1996 80.5673 3.96736 -25.792 82.8308 3.96997 -23.0899 84.914 4.07787 -21.4557 85.7534 3.44805 -16.8914 90.8473 4.23654 -26.5217 81.5677 4.00546 -24.5956 86.1434 3.82809 -30.0907 74.6708 3.91124 -28.0173 75.7923 3.91165 -29.1314 77.5855 3.96085 -27.5103 77.3666 4.08146 -24.1693 87.5713 4.50282 -21.2347 86.7073 3.8804 -23.0481 89.0659 4.06567 -20.6031 90.1578 3.81834 -19.2178 92.2312 4.97141 -17.8515 92.8517 4.18145 -15.528 91.7815 4.24101 -30.1428 80.205 5.2184 -25.2165 84.1802 4.43 -27.7809 87.1676 4.36523 -25.9668 88.1579 4.56389 -31.2234 78.7604 4.26718 -21.0041 91.9166 4.60299 -16.6571 92.0181 4.81587 -30.8851 82.2354 5.13474 -18.0695 93.7864 4.23139 -20.8355 93.4684 4.46084 -19.6932 94.6188 5.26663 -27.5013 83.8967 4.16962 -26.9569 84.8527 4.80067 -16.4872 94.4309 4.47538 -18.2975 96.4556 4.6473 -32.3536 73.8339 5.33414 -32.2967 75.1284 4.78489 -30.522 76.4439 4.84649 -23.576 91.578 4.73967 -12.9881 95.4967 4.96098 -31.066 83.1528 4.99393 -15.7306 96.9567 4.80081 -30.8607 86.667 5.14568 -31.2283 84.3544 5.54906 -11.0439 96.0436 4.54595 -27.2056 88.4807 5.54495 -12.831 98.361 4.69272 -24.9954 90.5087 5.23341 -30.45 72.1158 4.52608 -33.4398 75.5247 4.91441 -19.7291 97.8551 5.33483 -8.94857 100.025 4.8553 -7.05036 101.243 5.1255 -22.7819 92.699 5.52869 -21.4705 94.6246 5.02402 -32.968 77.8358 5.37561 -32.8872 79.4833 4.94135 -13.3189 101.267 5.08128 -10.8994 101.656 5.24007 -23.06 94.9392 6.26549 -31.2559 72.0331 5.51113 -8.24865 102.42 5.56643 -18.748 98.6239 5.13065 -32.0803 80.7555 5.52193 -33.77 82.4063 5.45034 -25.7667 93.3292 6.83567 -6.88852 101.968 6.09355 -21.4616 97.515 6.04056 -18.7449 99.8927 5.59255 -33.3196 83.8001 5.48563 -34.439 78.683 5.47211 -32.0704 86.9522 5.58808 -29.5577 87.423 5.68611 -15.3719 102.574 5.73466 -18.2136 101.745 5.8279 -34.2421 74.498 5.98585 -34.1591 79.7258 6.33385 -32.9128 85.714 5.54786 -34.1767 84.5956 6.35483 -33.0712 87.3766 5.92156 -28.0191 90.6374 6.15598 -6.90533 104.194 6.26149 -20.4361 99.5402 6.91462 -12.5247 103.077 5.97442 -11.4759 102.705 6.40116 -8.35939 105.074 6.14267 -31.4473 89.3618 6.38823 -26.3109 92.2709 6.5725 -15.4542 103.291 5.87181 -14.1215 103.803 6.1879 -34.9894 85.4962 7.23012 -11.8346 105.678 6.38866 -30.7532 91.2448 6.63655 -6.59544 105.962 6.50854 -34.5825 77.8567 6.77951 -35.7012 88.0985 7.11864 -22.8665 96.6269 7.3742 -21.4973 98.9496 7.36361 -16.8022 102.338 6.97959 -14.8009 104.354 6.69884 -16.6634 105.396 6.62367 -14.0174 106.035 6.48446 -9.32559 106.532 6.90769 -35.4067 86.8611 7.61209 -5.28997 106.782 7.19051 -17.9281 103.18 6.20537 -19.975 102.083 7.9122 -7.65819 106.239 7.23865 -34.1241 79.9652 7.10063 -15.6754 107.192 7.1028 -12.8723 106.584 7.11587 -28.354 93.9763 7.42672 -26.9685 94.6167 7.37402 -13.9635 107.526 7.45954 -4.09529 107.536 7.05534 -19.9497 105.011 8.75774 -18.3406 105.231 7.06285 -37.3458 75.6675 7.80527 -5.85119 109.466 7.6519 -35.4777 90.9319 7.22595 -10.9439 107.382 7.63758 -33.8208 82.2628 7.50264 -35.5754 83.3423 7.21795 -37.3726 81.9827 7.18014 -36.7298 84.0158 6.87236 -34.7347 84.4628 7.59294 -29.9656 94.6652 7.81635 -36.6185 86.4782 7.18271 -9.11297 108.057 7.2757 -24.9016 96.6783 7.91397 -3.257 109.075 7.63667 -32.7175 95.053 8.42651 -34.3763 82.2124 7.76438 -11.3851 108.957 7.60662 -7.92114 107.764 8.04177 -7.98756 109.369 7.40722 -10.1145 110.539 8.11217 -35.9425 79.9738 8.1254 -38.0171 79.4542 8.14701 -34.8987 80.4364 7.99423 -36.2762 82.1355 7.99896 -22.4309 98.4074 8.4843 -17.3984 106.791 8.29364 -26.4557 96.2575 8.27984 -38.2398 86.6893 8.77035 -39.1873 81.0277 8.04252 -36.2066 88.8562 8.21235 -35.806 90.1925 8.89624 -36.5447 92.683 8.62774 -35.7229 94.2484 8.28939 -22.5706 100.454 8.77167 -39.4603 83.7836 8.99302 -29.2461 95.3294 8.58171 -8.16859 111.235 8.39094 -27.5441 97.2343 8.57169 -4.16612 108.073 9.59253 -2.67835 108.33 8.99838 -38.0931 78.4802 8.86194 -16.1367 107.75 8.71231 -13.9501 108.774 8.37642 -38.5103 84.5163 9.15819 -6.00596 108.652 10.188 -25.9689 98.5152 8.78264 -39.3841 80.3555 8.60847 -33.6732 96.5296 9.04246 -13.244 109.99 9.98477 -30.5609 96.5224 9.05046 -10.6699 110.381 9.59124 -26.7858 100.406 9.05721 -36.7074 88.134 9.55288 -21.1684 103.936 9.02328 -16.7822 108.429 11.2085 -40.3383 85.5066 10.4394 -27.8248 100.437 9.37912 -8.46777 111.012 10.1817 -35.8932 92.7158 9.88563 -40.1113 78.8444 9.45403 -40.7594 81.1117 11.0772 -7.85009 110.141 10.8087 -25.2277 102.111 9.52427 -23.0905 102.417 9.3212 -40.4623 76.1297 11.1116 -21.116 106.621 10.2203 -40.7643 82.0583 10.27 -18.2327 108.114 10.3116 -35.6851 95.8912 10.5387 -39.6087 87.606 10.0451 -38.2487 88.0444 10.5708 -39.5697 89.7155 12.2016 -32.6069 99.0562 9.95146 -30.4806 99.8691 9.90279 -31.3895 101.011 10.4478 -22.0791 103.799 10.4471 -35.1131 98.1477 10.3101 -27.5317 102.781 10.5793 -26.352 103.81 10.7123 -41.1528 77.426 11.0914 -10.565 110.902 11.374 -34.2922 101.05 10.459 -29.1412 103.486 10.8013 -40.8219 83.4558 11.6951 -36.5379 93.4833 10.8956 -33.6687 102.444 11.369 -24.3859 105.47 11.3539 -22.2163 105.904 11.1797 -39.9772 88.4045 11.1594 -41.2236 85.854 11.9893 -31.39 103.169 11.2755 -41.8359 78.5063 11.6789 -41.0098 79.514 11.5049 -8.8544 110.99 12.0966 -27.4905 103.838 11.5764 -20.0476 108.456 12.0435 -17.9549 108.383 11.9485 -35.6621 95.4354 12.4722 -34.8656 96.7721 11.8931 -35.6487 98.259 12.5847 -6.39096 110.57 11.8762 -41.7797 82.5103 12.12 -30.6866 104.126 12.0294 -35.765 99.6199 12.5923 -29.6038 104.606 12.7907 -24.9652 105.746 12.4348 -23.9004 105.934 12.5407 -15.1157 109.732 12.6069 -13.5804 110.023 13.7544 -34.163 103.475 12.7415 -41.7952 80.0267 12.2975 -41.6219 74.7421 13.2617 -36.3043 95.6795 13.5129 -27.6746 106.05 12.9195 -22.6906 107.42 12.9814 -40.6492 87.6867 12.6622 -41.3445 75.8958 13.7442 -10.4634 110.388 13.3152 -41.9238 82.332 12.9461 -37.8672 93.5138 13.2386 -19.3174 109.236 12.9936 -33.2004 104.624 12.9201 -41.8015 85.1259 13.0245 -16.8866 109.95 14.3272 -36.0108 98.8038 13.7385 -35.5132 102.563 14.5006 -41.1608 85.5358 13.9277 -32.0866 105.274 14.0041 -25.5404 108.019 14.0982 -24.0126 108.38 14.1043 -30.2426 105.607 13.6989 -41.4089 78.5269 14.4638 -41.5126 81.486 14.1538 -35.5247 97.1244 14.3719 -33.9371 105.521 14.804 -21.726 109.271 14.5728 -12.9973 109.933 14.8185 -41.073 85.2483 15.7609 -39.6869 90.2895 13.5503 -37.7694 94.3781 15.6402 -15.388 109.32 14.7695 -41.5319 83.0861 14.5841 -29.6368 107.943 15.4115 -18.8641 109.438 14.7515 -14.0175 109.788 15.5843 -34.5815 104.122 15.3142 -41.4724 83.7578 15.7395 -30.6912 105.879 14.6425 -27.3553 107.788 16.1201 -34.8582 97.1521 15.4994 -20.3334 109.243 16.1914 -16.3858 108.724 15.3665 -31.8043 106.841 15.2554 -23.2234 109.233 16.3158 -24.3437 108.704 16.0039 -35.8047 96.4461 16.7393 -34.8707 97.6597 16.2127 -41.3305 82.278 16.5995 -39.4214 91.4139 16.0178 -16.3026 109.762 16.3722 -34.1655 99.4673 16.7894 -34.7057 101.695 16.9635 -25.5285 108.779 15.7002 -32.898 106.27 16.6442 -25.5571 108.19 17.7922 -18.5118 108.739 15.857 -40.8851 73.7665 17.4126 -31.5676 107.954 16.5893 -40.9498 77.9223 16.8742 -17.2583 108.901 16.6277 -15.4895 110.383 17.0665 -34.2274 104.64 16.6849 -20.9364 108.54 17.7905 -37.2576 94.4035 18.7063 -33.95 98.5699 17.6034 -17.4825 109.047 17.8672 -31.5777 106.712 18.212 -29.4402 107.399 17.6786 -27.716 106.692 17.9589 -39.8481 88.4406 19.1337 -19.1826 109.097 17.5993 -33.9116 102.193 17.4769 -26.2251 107.601 18.558 -40.6546 84.2213 18.5438 -34.0695 98.7773 18.5365 -35.295 96.5252 18.5918 -32.2724 103.585 18.1461 -40.4317 79.4109 18.8774 -35.5607 98.1009 18.3643 -32.8641 100.895 18.3778 -20.5445 108.812 18.9071 -17.7833 108.751 18.7531 -38.7662 89.9262 20.6332 -31.5451 103.113 20.8349 -24.4599 107.885 18.4779 -22.9845 108.688 20.0996 -34.8153 97.5728 19.8893 -32.4308 100.935 19.7099 -31.0989 103.914 20.7695 -30.7984 106.328 19.5446 -40.0173 74.6563 18.872 -27.3368 106.407 20.0431 -18.9139 109.176 19.0892 -16.8243 110.265 19.7948 -34.1949 100.708 19.5899 -29.4707 106.897 19.9599 -24.7669 108.37 21.2476 -21.5288 108.234 20.0322 -39.335 77.8701 21.8911 -40.0947 81.8922 20.8305 -33.8529 99.161 21.1023 -34.4941 95.2952 20.6588 -18.3176 110.318 20.9672 -39.3037 85.2546 21.9202 -37.1518 92.1867 21.1233 -21.8477 108.266 21.4951 -20.5173 109.464 20.9919 -29.3764 105.011 21.0813 -28.4781 105.699 21.6306 -32.5849 100.925 21.3965 -31.0235 101.753 21.3394 -27.1137 105.369 20.6813 -29.9684 103.709 21.4843 -31.7468 103.588 22.0836 -24.5424 107.213 21.8759 -27.3633 107.664 22.439 -20.9789 108.107 22.2359 -34.1288 96.1629 22.157 -34.2456 98.1233 22.1262 -32.8859 101.801 22.3783 -35.692 88.9189 24.1724 -34.4967 94.1081 23.0372 -30.7766 105.746 22.5273 -37.3069 85.7621 23.9341 -34.1803 92.1901 23.356 -24.0934 108.412 23.3988 -38.465 78.2188 23.4201 -34.0011 97.7852 23.2082 -31.4728 103.166 24.137 -28.0359 107.435 24.1421 -34.0101 95.1435 23.3285 -33.8233 100.107 24.1058 -29.6361 106.365 24.3689 -25.9132 107.732 24.107 -37.2432 78.8142 24.6016 -32.9034 96.8245 24.7009 -31.8479 101.315 25.5416 -27.7012 106.479 25.2724 -33.2435 91.1434 24.6402 -33.1844 94.1535 25.1469 -33.2268 98.3875 25.4838 -32.3001 88.8012 25.6198 -34.818 83.7725 25.5639 -32.1565 90.7809 25.8557 -25.9641 106.317 25.3434 -31.1008 95.5792 26.6939 -30.4239 102.975 25.6586 -32.1 97.9102 26.4199 -27.1472 102.594 25.5946 -28.1497 103.806 25.7295 -34.4568 75.9425 26.238 -30.8052 85.9846 26.4481 -30.8512 92.8929 26.4506 -29.1152 100.483 26.0475 -32.7262 81.9718 26.3634 -30.0438 88.2429 27.8207 -31.8811 76.478 26.747 -29.7332 96.6267 26.79 -27.5853 98.4808 26.2609 -25.836 98.2395 26.3119 -29.0708 84.8482 26.5041 -29.8484 90.8789 27.2851 -28.6161 96.6789 26.7202 -30.1066 80.7248 26.6144 -29.4504 75.0135 26.8632 -25.7711 97.5762 27.3985 -28.9137 95.4986 27.9017 -28.8251 92.1358 27.9145 -29.1796 93.5279 27.1326 -28.7221 91.0916 27.0558 -27.0332 90.7348 27.827 -14.0304 49.4267 1.14896 -16.5886 49.8176 1.48849 -13.673 50.6693 1.70802 -17.827 58.6516 1.2139 -16.4766 57.0055 1.86448 -20.1244 60.8679 1.51603 -14.9798 52.9823 1.86903 -14.7538 54.6714 1.70258 -22.8076 60.0255 1.77361 -20.1346 58.6193 1.39973 -21.6355 57.8238 2.05223 -15.4981 48.2171 1.92658 -16.7646 46.0387 1.46278 -21.554 61.3935 1.73487 -15.2754 51.1447 1.54998 -16.7313 54.2414 1.42009 -17.7314 40.5624 2.16612 -18.3651 42.6537 1.69575 -17.5404 51.9967 2.28823 -19.3049 57.6031 2.48855 -18.1957 56.6789 2.57554 -21.293 63.3097 2.14696 -19.7457 49.5608 2.07618 -18.9889 53.0372 2.11001 -23.6749 62.3182 2.10376 -20.2659 63.2002 2.36827 -20.0001 41.0614 2.43134 -24.2363 43.7037 2.81112 -18.2248 54.8121 2.49365 -18.6256 44.4531 2.64646 -19.9353 46.4939 1.94593 -18.396 47.8607 2.48422 -22.4303 63.3624 2.98792 -24.3108 63.7865 2.92359 -23.8981 64.7806 2.27138 -20.2107 38.7303 2.10872 -21.8511 41.4315 3.25251 -24.3236 59.7401 3.0655 -26.0194 60.701 2.48827 -20.26 44.1284 2.38676 -21.0258 45.98 2.36103 -20.5039 48.0648 2.57633 -24.8078 67.2758 2.6127 -21.9753 37.8041 3.14471 -22.2622 39.1188 2.47588 -20.981 40.7272 2.96002 -25.0513 43.2348 2.92415 -23.4597 45.7002 3.07495 -22.6721 46.4066 2.36533 -22.1078 48.7784 3.18245 -20.107 52.9909 3.51478 -21.66 50.8983 3.26648 -23.6067 57.898 2.937 -26.5027 62.6186 3.01518 -25.3588 62.9829 3.22936 -26.1247 66.1815 2.67628 -24.962 68.5959 2.55024 -23.7426 37.7447 3.00915 -23.0996 40.2332 3.41528 -27.046 69.6548 3.00032 -23.9525 41.2723 3.11136 -19.7203 56.3208 3.50658 -21.1085 56.3735 2.95213 -23.0232 47.5405 3.55057 -20.2529 56.4388 3.8488 -22.0911 56.0178 4.36131 -25.7884 41.0405 3.92919 -27.4258 64.5311 3.19252 -25.6222 63.9606 3.368 -24.7253 39.2775 2.81312 -22.3775 36.2887 2.78918 -28.2303 67.685 3.78899 -28.0764 71.7431 3.71576 -25.6632 58.6832 3.16849 -24.0942 36.5183 3.23274 -26.6382 37.2087 3.84096 -28.6665 39.0748 3.9887 -25.5492 43.7705 3.93439 -27.4243 66.0876 4.37703 -25.6368 56.9869 4.26903 -26.8064 60.2434 3.63957 -26.8535 62.0168 4.14994 -21.85 54.4251 3.79049 -24.3208 56.1399 4.09063 -26.6543 35.9276 3.57363 -26.9686 40.304 3.89958 -21.8624 52.5938 4.12652 -26.788 57.7535 4.6936 -29.313 35.5726 3.97919 -28.7613 59.8258 5.02413 -23.0376 53.3872 5.60662 -30.271 36.8439 4.88788 -29.1256 38.7575 4.74898 -25.9053 40.9976 4.80456 -29.2813 62.9239 4.92257 -27.971 63.5516 4.66058 -25.1309 44.0667 5.49314 -27.9847 70.7967 4.6566 -28.9482 65.7387 4.81674 -27.8599 39.2545 5.81867 -30.666 34.5112 5.07518 -27.7798 57.961 5.53514 -23.3986 55.7174 5.46782 -27.9679 39.827 6.79542 -30.1601 61.4069 5.05186 -28.2406 67.313 5.93558 -28.6004 71.3524 5.54461 -25.9599 55.8491 5.47306 -24.8992 45.2961 6.13814 -23.8481 48.3177 5.98884 -28.4388 67.8881 6.19559 -26.6198 42.2513 6.559 -24.8659 46.6174 6.09433 -29.8848 58.5325 5.75658 -31.3983 60.2203 6.16778 -23.4246 52.0053 6.77866 -29.8559 65.6059 5.74118 -30.1221 36.1292 6.44322 -32.2177 64.7603 7.02913 -25.4371 55.574 7.12456 -30.6466 62.3455 6.09621 -33.5618 70.9635 6.27691 -28.2413 56.748 7.06581 -32.0195 62.9088 6.83059 -30.2661 67.157 6.32783 -31.7031 34.1996 6.75425 -29.9857 38.3384 7.12016 -30.3553 59.1639 6.92178 -31.6849 66.4793 7.06789 -26.3608 45.7217 6.52227 -25.0908 48.636 8.0567 -31.0047 36.2447 8.08905 -26.788 43.1395 7.48266 -26.6841 55.6093 7.61809 -27.3234 44.696 7.42281 -36.6214 71.4753 8.00276 -28.3815 41.1962 7.37065 -33.8455 66.5103 8.20108 -28.1028 59.2 7.80389 -30.1806 60.4906 7.69468 -31.6874 62.0212 8.07518 -29.6415 40.2248 7.52038 -33.312 65.4915 7.58695 -26.6377 46.1327 7.95123 -24.7345 51.2767 8.6118 -28.3284 57.6073 7.76951 -31.1553 34.9876 8.60443 -28.2585 42.8434 7.77223 -25.273 53.8694 8.95645 -32.6081 63.5129 8.8848 -33.2162 64.7784 8.87529 -27.7221 59.5709 8.34173 -30.4908 60.1364 8.9891 -30.3041 39.0994 8.46773 -28.7183 41.1065 8.57889 -29.6663 40.0168 8.4852 -25.4536 59.0529 8.58061 -25.1364 56.1141 8.60845 -27.3463 45.1963 8.85641 -31.2281 60.5805 8.61285 -28.2045 43.9924 9.34841 -30.3452 35.5898 9.5259 -25.3736 56.4985 9.2731 -29.7205 37.8723 9.25384 -29.265 41.7123 9.23992 -30.2118 40.2914 9.03837 -29.7436 57.8976 9.32038 -25.7951 59.0016 9.15692 -30.3894 38.9078 9.98622 -32.8934 61.7675 9.06597 -28.1051 48.6865 11.9753 -28.4763 57.5246 9.62038 -38.5733 71.3259 10.5437 -26.1663 53.2704 10.4528 -32.4724 34.8364 9.54286 -29.2042 43.184 10.1717 -29.1512 45.0299 10.3864 -32.361 59.4145 9.9365 -27.1692 51.5529 12.0853 -28.1956 55.6948 10.2997 -31.4327 36.1905 10.7798 -30.4494 40.1414 10.405 -31.7362 57.6498 10.0479 -28.5764 46.4405 10.4009 -33.9519 61.6393 10.5788 -33.533 64.8084 10.3656 -31.3209 57.2861 10.6518 -35.4802 66.9187 10.7685 -32.716 36.1128 10.0778 -32.8693 59.9367 11.2885 -30.5465 41.4896 11.3009 -29.7044 43.6802 11.1757 -30.5847 55.9523 11.1713 -31.7438 38.1381 10.927 -32.2868 58.0796 12.0848 -29.5958 54.5786 11.7573 -34.9746 64.9516 11.0194 -32.3566 36.6877 11.2627 -31.3672 40.0995 12.3633 -35.2004 64.0721 11.7273 -32.9652 37.2976 12.0503 -31.5091 44.7168 11.4454 -32.47 42.9765 12.3144 -28.7788 53.8517 13.001 -31.9601 57.5381 12.1546 -31.3924 47.454 14.7307 -41.0385 72.6448 14.2258 -36.3767 67.7052 12.6001 -34.6547 36.9053 12.1658 -33.9231 59.7112 12.9463 -33.7675 39.1035 12.25 -35.1023 37.8096 12.7199 -34.7457 61.2409 13.1117 -34.443 62.5177 12.6623 -32.9621 57.938 12.4525 -34.0493 43.132 12.2928 -37.0167 65.9422 13.4351 -31.5275 56.2856 14.0067 -34.4917 35.2859 12.6782 -35.3567 41.542 13.0801 -34.3969 45.632 14.9976 -36.1703 39.1098 13.6448 -33.5876 57.5738 14.443 -35.7353 61.2504 14.186 -36.5721 64.321 14.1806 -35.8539 37.456 14.1384 -35.0444 44.1415 14.5901 -36.5314 67.4775 13.6438 -29.3749 53.7143 14.0428 -31.8214 56.6828 14.3168 -35.34 34.5025 13.6274 -35.0726 58.5817 14.4772 -37.6606 69.144 15.0579 -40.8499 72.3559 16.4942 -38.2562 65.8553 15.7142 -37.2269 36.1068 14.5942 -35.7817 40.8344 15.0004 -30.9934 52.0825 16.4107 -37.9215 67.385 15.8737 -30.9273 50.2038 15.6291 -31.8668 54.3477 15.0495 -37.1672 37.1921 15.4187 -34.1642 55.9549 16.2286 -36.9472 60.5188 16.1996 -37.5155 62.8645 15.9288 -36.3198 41.9941 16.4037 -36.2798 45.0756 16.321 -38.6394 70.078 16.2556 -35.6762 56.0683 16.9003 -33.7101 53.4081 18.7641 -36.1907 57.892 15.8275 -36.8865 38.9093 17.2966 -37.3893 62.2116 17.5649 -33.3087 47.8577 17.5012 -35.7147 54.6119 18.9967 -34.9485 56.2836 17.3545 -37.309 57.9031 17.9709 -36.8913 40.2897 18.3535 -36.3082 43.5707 18.0059 -36.7936 45.2455 18.7963 -35.2775 45.911 17.5033 -38.9978 67.4081 17.2104 -35.9007 55.9106 17.8519 -39.1888 65.6133 18.6466 -38.6853 71.3169 17.9808 -37.8294 62.8572 18.7455 -39.5759 69.1272 18.5613 -32.3553 50.0401 17.3214 -34.1125 50.2078 19.7112 -34.5517 51.7389 20.3586 -37.1858 57.4837 20.282 -37.2556 59.6591 19.7102 -34.341 47.6014 19.1666 -36.969 54.9876 20.7346 -37.9923 36.8607 18.5789 -37.3074 38.682 19.6755 -39.3783 68.4678 19.8343 -38.027 61.7679 20.1813 -37.0245 41.1519 20.2171 -38.3962 64.2295 20.5242 -38.528 66.5254 19.7963 -37.0952 43.4749 20.8834 -35.8357 47.1581 21.1745 -38.2383 73.6245 21.8339 -34.6701 49.2142 20.9585 -37.5332 71.2455 21.1357 -35.9854 54.0493 20.9076 -38.3973 37.6066 21.5336 -37.5436 61.6153 21.739 -38.0913 68.9358 21.7314 -37.6112 38.9902 21.9273 -36.584 56.6626 23.2514 -38.7956 67.882 22.3129 -37.6418 33.8814 20.896 -35.5802 48.7384 22.0175 -34.9971 51.0587 22.4893 -38.7561 65.8826 23.5321 -36.4436 54.7862 22.1155 -37.5682 60.1133 22.0437 -38.1401 64.5642 22.7806 -37.9101 36.1063 23.5917 -36.2218 45.6152 23.0257 -35.9406 50.5847 22.6451 -35.5432 53.4049 22.4755 -37.3723 69.8724 22.8743 -37.6558 39.9097 24.6875 -37.4675 43.9059 23.2018 -36.2355 52.8963 22.9742 -36.1616 48.924 23.8366 -36.4393 70.5019 24.1197 -36.2978 55.8912 24.7219 -36.7156 59.5622 23.5912 -36.9676 62.7928 23.7161 -37.5315 45.5427 24.0446 -37.6123 69.8603 24.5184 -36.6281 52.4871 23.6811 -38.2369 68.4541 24.6323 -37.3994 42.5865 25.4583 -36.5046 52.167 24.8983 -35.9497 54.9613 25.9482 -37.7594 64.543 25.5922 -36.9111 61.3686 25.352 -37.4787 49.2365 25.3572 -36.5023 58.7367 25.3011 -37.8297 67.5679 25.8679 -35.0439 70.2499 25.7504 -36.8935 36.8221 25.9887 -37.3468 40.2762 25.8586 -36.6622 45.3517 26.6865 -36.2542 53.9104 26.7461 -35.4234 56.7688 26.3029 -36.2842 42.2709 26.6241 -34.6935 67.9954 26.8746 -34.4425 58.9233 26.9467 -36.0267 66.5382 27.0194 -33.4573 69.6549 26.5049 -35.983 47.2805 27.8532 -34.4429 40.5945 27.87 -34.3878 55.7033 27.8808 -35.4935 61.8429 26.7252 -36.3573 63.4364 26.9138 -32.043 71.3269 26.8761 -36.6204 51.1017 27.8635 -30.2657 73.692 26.9207 -34.7105 37.7079 27.1125 -34.3078 57.8839 27.7805 -33.2829 61.3129 27.7659 -33.3503 63.5572 27.8612 -33.9728 65.3644 27.4454 -31.8777 67.7826 28.1351 -29.7882 71.0395 28.126 -35.2564 53.4131 27.6822 -33.169 44.4546 27.9764 -30.8088 58.3516 27.2033 -30.134 55.9635 27.955 -29.4336 57.4764 27.8982 -22.3752 62.1326 28.0275 -22.7689 61.0212 27.5649 -21.5979 59.9852 28.0503 -20.5722 59.0734 27.4597 -20.1247 60.3712 28.0177 -20.1944 56.5836 28.0322 -18.5463 57.812 27.3275 -19.6557 58.1836 27.5872 -18.185 59.2413 28.1942 -16.2696 59.8096 27.4821 -18.3937 60.7015 27.7836 -23.1789 37.9547 28.0532 -23.6391 42.4235 27.5402 -24.4724 39.5152 27.5724 -22.729 41.8367 28.1836 -27.1674 52.7517 27.4375 -26.7709 51.4132 27.7982 -25.3829 52.0015 27.9486 -21.8594 45.9385 27.4811 -24.0231 44.5734 28.1278 -21.9982 47.2894 28.1665 -32.3751 58.4114 27.9605 -20.99 44.1772 28.1947 -19.2673 48.9218 27.7818 -33.3047 37.7436 28.0343 -22.5587 53.1035 27.8384 -23.7563 52.9372 27.4256 -23.2644 51.8597 27.706 -20.2796 49.6668 28.0891 -20.5156 51.3325 27.5344 -22.8492 55.0312 27.4685 -20.9941 54.0651 27.9529 -18.6574 54.6689 28.0944 -26.04 53.6771 28.0628 -28.9354 53.5522 27.9289 -19.4548 49.7258 27.7574 -16.9008 51.0856 27.5472 -17.8319 51.6782 27.9702 -25.8533 56.8884 27.4314 -24.8281 55.0061 27.7123 -24.597 57.9904 27.7775 -30.6067 59.3733 28.0993 -29.6581 56.0795 27.8789 -27.8056 59.6397 27.2689 -28.0143 61.4479 28.1073 -23.4752 58.6306 28.0682 -17.6358 56.8638 27.7382 -30.2352 69.9311 27.7254 -24.5177 41.9123 28.1073 -25.45 46.8539 28.1205 -23.5455 48.4067 27.6118 -27.0549 49.5169 28.1696 -24.0224 49.6109 27.8292 -22.4119 62.805 27.8174 -26.0637 64.4654 27.7421 -24.7251 63.1132 28.0116 -26.4128 65.4598 28.0968 -19.9678 62.4407 28.1876 -27.6581 72.6157 28.0286 -28.4883 50.8481 27.965 -33.6682 53.1573 27.8856 -32.727 50.9141 27.9312 -30.4758 55.0526 28.036 -24.0286 71.1612 28.2197 -33.4502 54.1809 28.1243 -32.4992 49.9413 28.1407 -22.3841 49.0517 28.1612 -29.1844 55.3062 27.6138 -27.6553 56.5784 28.0175 -25.8089 59.404 27.8472 -24.6548 60.78 28.0347 -26.4655 62.0044 27.7789 -32.7884 35.7133 27.2388 -31.0058 38.6699 28.2246 -29.8731 38.0016 28.0238 -30.1516 40.7366 27.6893 -28.6943 40.3231 27.9781 -26.9908 38.832 28.0501 -31.0203 42.0519 28 -25.0143 62.2607 27.7106 -16.5279 58.2558 28.0932 -16.2219 61.5028 28.0762 -29.5893 65.4515 28.1635 -27.872 64.7569 27.8107 -13.5186 64.2743 28.0816 -24.277 69.2045 28.1064 -18.3221 48.358 28.1971 -15.9317 44.2263 28.0422 -19.3373 39.2684 28.167 39.48 60.9173 11.6384 35.3405 53.6013 11.225 36.6531 55.417 10.7119 35.3623 52.5451 11.7958 39.9811 61.5899 12.6775 37.6142 55.923 11.8316 38.6272 56.7567 11.5073 39.6186 58.3893 12.0862 39.1785 55.2265 12.7124 39.1992 57.7275 12.9005 39.9363 59.4461 13.0328 37.9515 55.017 14.1649 35.9314 51.0097 13.3147 36.845 52.3854 13.4742 35.5512 48.5686 14.5314 38.7272 52.2713 15.0872 39.9001 55.9739 15.1912 40.2767 58.628 16.2138 40.9119 60.0332 14.255 37.5642 50.0847 14.742 40.0415 61.0562 15.0008 34.1197 46.1087 14.4088 34.6441 45.1794 15.0653 39.074 55.4644 16.0543 40.8129 60.051 15.3879 34.987 43.842 15.2778 36.8058 47.9323 14.858 36.7874 45.1886 16.335 39.2522 49.9763 15.7894 39.1522 54.5703 16.8178 37.4851 46.3991 16.0097 40.0735 60.6297 16.7384 34.8624 40.6041 17.1211 35.6045 43.4074 16.5146 29.268 28.7337 17.4647 38.6331 53.0385 17.1623 39.626 48.9835 16.8133 39.336 51.542 17.8666 33.7246 38.5882 17.2866 40.0318 63.5982 16.3729 33.3436 31.8899 19.6185 31.9516 35.5863 17.9839 37.2713 45.3036 17.6862 39.8493 58.0202 17.9336 40.2604 60.387 19.0147 36.2351 45.1798 19.3916 39.1499 46.3962 18.6079 39.4845 64.9302 19.1902 31.6432 30.7107 19.3539 39.1597 49.3516 18.3157 33.3446 33.4509 18.5276 39.3493 56.4681 19.2018 30.341 28.592 19.1766 39.5049 61.6854 18.6222 34.2324 37.4913 18.5739 35.504 38.9303 19.6874 39.7221 65.4953 16.5059 39.0661 55.1683 20.5571 38.3437 45.2254 20.2979 36.6589 42.8825 20.9645 39.8776 51.8823 19.7384 39.7834 49.307 19.0973 34.9237 35.4155 20.261 28.176 24.5315 20.0793 34.9054 34.8103 21.0434 36.2719 41.1893 20.8914 39.1702 62.2378 20.6831 30.2397 28.349 21.2182 40.3254 61.0132 21.1461 38.758 65.9312 19.4972 39.9784 57.0034 20.902 39.6172 51.4197 21.569 40.6144 48.1514 20.8678 37.4307 43.8703 21.5879 39.931 59.0547 22.4558 38.3979 65.7531 21.4908 31.4609 31.0769 21.5852 39.7769 46.0921 21.65 29.1794 26.759 21.3508 35.2879 37.8816 21.1685 40.0057 49.5737 22.705 38.6943 54.1528 22.5406 30.3493 29.199 23.3256 12.1331 51.0126 21.4183 9.44619 51.5619 21.5577 10.0488 49.1004 21.9848 33.5219 32.8575 23.6646 10.6265 52.5918 22.2003 35.9291 39.2607 23.5975 40.0545 47.7188 23.1983 37.9443 64.445 22.6696 8.91518 52.8229 22.586 13.1266 51.9079 22.2005 39.7525 62.0272 23.5277 11.8058 54.0929 22.6214 10.0566 54.245 22.5669 28.5719 25.0001 22.628 29.6323 27.1172 23.77 11.6612 50.1223 22.8477 7.68382 53.8534 23.6813 8.27235 53.5795 22.5757 37.2287 65.9135 23.7429 6.7039 54.7526 22.5655 8.564 56.2846 22.5523 35.6398 36.4266 25.2639 38.4448 42.5363 24.0449 38.5505 51.0493 23.4306 30.6597 31.3603 23.6081 14.9855 53.5315 23.5077 14.7965 54.0174 22.455 7.55426 58.2314 22.9747 5.98765 56.7318 23.5765 10.0246 48.4519 23.965 13.3177 52.4152 23.9314 35.5601 34.2702 23.4552 38.9624 43.6931 24.5315 11.554 70.0432 23.1673 10.9144 71.084 22.8754 10.2619 69.5626 23.4818 6.97101 55.7269 23.9751 8.94 55.4612 23.5995 8.15008 50.1279 23.8577 12.7523 49.4759 24.4962 8.85908 47.6405 24.0763 7.90484 58.0582 24.0835 38.5888 56.3259 24.8221 12.4469 55.6573 23.912 38.8213 63.2804 24.6 22.6084 53.4283 24.3149 21.9984 55.034 22.2878 20.8534 53.696 23.3485 26.6529 65.4534 24.2256 27.8236 65.9992 23.0079 25.6238 66.6729 23.2458 27.9666 64.5832 24.9258 5.37244 59.0158 24.0222 37.7953 54.7347 24.1042 14.2331 55.2349 24.3821 19.7641 52.8589 23.7877 20.115 52.8442 23.3208 29.0186 22.7927 23.4268 29.5157 25.4183 24.5089 21.668 55.7096 24.0124 23.6739 55.7982 23.0967 38.4988 48.9554 25.0778 12.1607 72.3968 24.015 32.8976 33.4739 25.0357 35.2137 34.286 25.4774 36.3315 39.2843 25.0359 38.7139 58.0666 24.7503 13.9604 71.1252 23.5886 30.0103 32.7941 24.4402 10.488 57.3675 24.3852 24.4145 55.2872 24.6033 27.6298 67.2787 24.5507 10.8424 69.2338 24.5252 15.2901 72.7771 24.5489 5.58344 58.3574 25.4386 25.371 58.0348 25.0624 25.8038 57.3421 24.9853 25.5032 66.2873 26.7161 38.3991 47.173 25.2204 29.2462 26.5454 24.6551 30.0172 29.584 24.6788 29.8439 30.9556 25.758 28.5688 66.5254 25.8512 38.1185 52.1299 25.0928 11.0149 72.7007 24.4084 5.56651 56.7461 25.3145 19.697 52.6126 25.0027 21.8339 50.5651 25.9186 8.97758 57.8341 24.8043 20.8173 53.8181 25.5527 37.5269 41.1165 25.2735 27.8871 21.0728 25.4533 37.9953 54.2841 25.4111 10.1772 70.4765 26.9721 8.50162 49.2548 24.6861 6.89053 53.341 25.9873 12.0913 73.7221 25.3658 7.9034 52.3177 25.3725 9.432 47.152 24.8897 12.5653 49.9264 26.2143 38.1951 44.4249 25.6541 26.6679 59.8889 24.8532 35.9192 56.9585 25.8302 28.0301 27.0898 25.202 12.0822 56.9424 25.3275 36.2475 67.8693 25.1981 25.0443 53.4484 26.0066 22.7277 56.5088 25.4221 9.33547 47.4914 26.5451 0.717279 30.5979 25.2268 2.13893 29.7302 25.1387 2.14816 31.5145 24.7027 23.3432 50.9846 26.9009 28.724 60.8613 25.4888 27.4321 62.5232 25.0376 28.8556 64.7074 25.3524 28.8753 25.8237 25.6521 29.8413 68.2523 25.7768 29.1262 70.4796 24.4926 28.5043 68.3088 24.8387 12.5462 69.5477 27.3483 11.0113 74.3221 26.2811 29.5237 33.7957 25.5282 13.9675 71.2155 27.525 7.3567 57.9845 26.9095 10.9703 57.4253 26.8578 10.4023 72.7816 27.25 35.6803 59.84 25.448 37.195 62.8284 25.2787 1.98876 32.2483 26.8755 35.4232 62.8462 25.2352 2.94697 31.4681 26.19 36.3709 39.9432 25.6414 5.23118 29.9952 26.4173 6.34335 28.3736 24.85 6.37022 30.2253 25.5 35.7155 66.3135 25.4913 33.0077 45.2153 25.51 34.7612 43.6664 25.3718 35.7486 45.6861 25.389 27.4062 57.2241 25.6174 36.4675 47.1637 25.2165 37.6705 45.2535 25.6963 37.7499 55.8234 25.7998 31.4369 43.633 25.2703 32.0116 42.0847 25.2168 27.1199 64.13 26.3455 19.6776 50.6636 26.3685 14.5183 55.4814 26.0949 28.2527 29.5354 25.8402 29.7426 35.6543 25.2398 30.8893 34.0969 25.8242 24.6414 25.8732 25.181 23.7221 24.6944 25.9324 26.5116 23.9957 25.7517 23.0464 26.3792 25.536 32.2328 66.8804 25.5766 18.5285 52.9882 25.8549 23.9256 27.92 25.9494 20.4814 54.0491 27.0637 34.2888 37.7354 25.6884 10.5004 47.6336 26.7516 24.6161 58.3662 26.1663 34.7774 69.2813 25.6306 22.1754 36.6042 25.166 21.2605 39.2752 25.2342 19.7875 39.7905 26.4265 23.6724 34.7804 26.0562 22.1366 39.1791 26.2637 19.4847 42.2508 25.9921 28.8881 56.2021 26.0958 31.8212 58.027 25.7779 32.5956 68.6506 25.5675 28.775 34.5604 25.8569 28.167 38.6983 26.0133 30.8968 60.4402 25.5949 29.2879 39.6515 25.6263 30.1899 37.2357 25.8969 28.0427 40.278 25.4137 26.9768 39.4426 25.9895 28.4335 42.179 26.1262 25.7099 27.328 25.4992 34.7608 41.4164 25.818 34.6112 46.7456 25.7327 14.7439 72.7379 26.8754 5.29958 27.8673 26.774 27.2638 43.247 25.6436 31.6202 38.3706 25.7791 36.5597 49.4085 26.119 22.0869 35.0843 26.1221 22.9662 34.3451 25.6793 26.674 62.1053 26.8508 35.4676 49.7412 25.4862 34.9127 51.613 25.9685 33.0883 51.9015 26.38 13.5147 53.2049 26.4728 36.3883 53.328 26.3014 31.4767 64.7493 25.7229 31.3555 45.5342 26.2413 27.4387 67.8984 27.2621 7.97212 51.1259 26.7356 34.6679 55.2961 25.9634 19.7888 30.7266 25.986 18.2822 28.6103 26.0978 20.3231 27.5591 25.8447 21.2019 36.1447 26.1504 0.927426 29.2907 26.939 0.628755 31.1402 26.7299 34.1591 47.0842 25.932 34.5212 48.8563 26.1529 32.5589 50.0766 26.1656 22.3346 27.5302 25.9755 23.2232 30.4077 25.8209 24.8895 30.284 25.9811 26.3919 42.8449 26.2755 24.8656 46.8485 26.1199 8.25725 28.1752 26.4625 21.7632 33.1841 26.1948 31.2767 47.9492 26.0395 30.762 49.404 25.5838 6.67379 31.3214 26.4345 7.8222 29.4931 26.5025 15.9053 28.7469 25.7385 14.8546 29.256 26.2583 14.345 25.5565 25.8923 16.4823 27.6967 25.9946 14.7185 54.7567 26.9746 13.557 73.3834 27.6143 11.654 74.4481 26.0187 25.857 53.5122 26.3934 28.0982 54.247 26.327 21.2236 25.335 25.9317 16.8323 24.9487 26.0986 18.9641 23.8963 25.602 21.0899 23.5105 25.9693 22.5736 22.7335 25.6947 13.5052 26.9213 26.2847 8.18855 49.4792 26.8977 16.6337 31.8764 26.3342 27.7646 70.0713 27.4241 9.51005 69.8407 26.8808 26.7255 46.0233 26.4032 22.8808 47.7735 26.6427 20.326 33.8221 25.8995 18.667 32.9284 26.1971 9.70608 27.7062 25.9127 5.24369 56.7161 27.4742 5.04299 58.2999 26.6025 15.5024 33.032 26.0436 14.1251 32.3429 26.3921 9.69206 69.0085 26.6497 17.7621 35.1792 26.1369 16.2835 43.119 26.3254 17.3182 45.2386 25.9277 17.4798 37.8829 26.1677 14.818 35.7573 26.3514 12.4584 26.4402 26.1406 10.2743 25.3316 26.0512 13.2677 23.8779 26.1938 30.0857 54.3724 26.0017 29.7845 52.2348 26.4993 30.926 52.4778 25.8805 31.2006 55.0466 26.0509 32.2351 52.7492 26.4465 34.1747 52.4865 26.2731 28.6181 49.2585 26.1535 31.0326 51.4722 26.5175 17.6886 47.3146 26.6994 19.3811 45.4486 26.6342 19.7238 49.1297 26.4743 18.3313 48.8485 26.2106 21.0929 48.2319 26.2971 8.92822 26.7714 26.8882 7.93512 38.7237 26.7008 8.14623 40.8435 26.1432 6.69823 40.6366 26.7361 9.47399 42.0512 26.4436 21.9837 49.2165 26.5548 7.2776 52.2844 27.2677 6.2301 54.0792 27.3924 2.56665 29.264 26.9082 0.780071 32.4808 27.1225 15.0027 46.3229 26.6629 10.5791 38.1287 26.3971 11.6467 39.5917 26.6534 13.78 48.1459 26.3488 12.397 38.3436 26.6053 13.5663 38.3181 26.2159 15.9411 53.0544 26.8489 13.1974 50.1712 26.8927 24.0747 50.065 26.7218 16.4421 54.377 26.0797 15.3966 39.3159 26.4508 13.353 42.4035 26.4995 27.0188 48.1674 26.409 6.19047 27.5143 26.9427 27.9703 50.1323 26.5306 26.4624 50.964 25.9749 22.0466 56.2521 27.2005 28.4465 52.2671 26.2857 24.616 58.9978 27.2325 11.6845 74.0503 27.5637 11.4046 76.343 27.6661 7.7062 35.8826 26.6577 10.1142 37.1181 26.5465 7.57613 37.53 26.4743 8.88913 43.8224 26.6523 11.0438 45.2862 26.6456 5.78314 31.3233 26.9634 12.6041 48.0361 26.7296 17.7571 54.8289 27.232 11.7104 42.6127 26.5335 6.97634 42.0415 27.0974 24.9459 64.3019 27.3011 7.90146 46.9001 27.0905 -4.80846 57.6314 26.6048 -6.29986 58.0872 27.5823 -5.64752 57.0639 27.4537 1.75061 58.3758 26.99 -0.496035 58.2851 26.4345 1.86889 57.6152 27.6665 -2.66329 57.5721 27.5666 -4.52488 56.6339 27.8423 6.38489 50.9351 27.146 15.6175 55.9375 27.2238 13.2472 56.9105 27.102 15.266 57.4469 26.9217 7.10143 65.4594 27.0034 5.33121 62.7272 27.5398 6.21829 62.6371 26.9882 8.26076 62.5636 27.6158 9.00758 67.467 27.1456 6.88754 68.2888 27.6958 1.77544 21.8217 27.0352 5.08147 25.5438 26.6621 2.61783 28.5487 27.043 3.9088 30.8529 26.999 9.86434 24.0418 26.8743 6.05288 26.4912 27.2475 4.18651 33.6838 26.8439 4.87164 36.6015 27.0916 4.12369 38.0277 26.9631 4.74974 40.8657 27.0416 3.03908 40.1482 26.9558 2.94793 37.8351 26.9709 17.7911 73.3924 27.4443 20.7484 73.5086 26.9701 17.2403 74.1294 27.8585 1.93552 44.348 27.459 0.512555 46.0256 27.3393 22.0499 61.7293 27.2108 22.6201 60.3132 27.3481 24.3303 62.0758 27.1399 -2.75498 59.1559 27.7548 2.34174 49.4882 27.2149 1.06791 49.2001 26.8748 1.22342 47.0854 27.4432 4.53912 47.8694 27.4031 4.11648 59.5827 27.6524 -1.50701 22.7999 27.3405 -1.97334 24.1114 27.0657 -3.65538 24.3514 27.1389 0.303249 26.4534 27.1542 -10.0136 63.8307 27.752 -10.8646 62.4243 27.3076 -10.7787 61.9205 27.8782 -0.138893 20.6598 26.9192 0.0790095 29.2401 27.2536 10.0773 58.2953 27.546 6.02296 58.9183 27.4741 -0.57514 25.7545 26.9161 21.9069 66.1484 27.5002 5.4221 49.5983 26.8866 16.7683 58.2285 27.3679 -1.40707 25.4505 27.304 -1.91574 29.4663 27.3438 -0.11898 50.5973 27.6805 12.8692 58.2259 27.5 2.7555 51.0219 27.6201 -1.27978 32.246 27.0021 10.5546 74.1924 27.67 -0.956953 36.6566 27.3435 2.09305 52.1568 27.377 3.32389 53.2379 27.5917 6.04678 65.8729 27.5711 -2.88707 34.6823 27.4523 -1.87385 36.1267 27.1922 7.96306 64.6044 27.5287 12.7315 61.3774 27.5417 14.4664 61.0458 26.906 12.6393 63.8629 27.5466 14.827 63.4279 27.0809 14.5563 64.4266 27.43 1.52614 39.9655 27.2706 11.9978 68.6912 27.6338 1.89813 41.2586 27.203 3.82106 61.7373 27.1879 1.95106 61.5897 27.5939 -0.0028671 64.5756 27.7641 1.61753 65.0248 27.2788 -6.74994 57.7349 27.935 3.09854 64.402 27.4653 3.29196 66.4318 27.755 4.97314 65.894 27.2004 0.602456 59.4659 27.6721 -6.98783 36.4102 27.5604 -3.13062 38.5666 27.5081 -8.66746 23.7764 27.4775 -6.46387 22.4431 27.3932 -6.18152 24.0369 27.3736 -7.70185 40.116 27.686 -3.62889 40.4343 27.4515 0.803226 61.2949 27.2404 -0.652243 61.8782 27.6884 -1.87914 60.688 27.7517 -4.04598 63.15 27.7656 -1.79371 62.7728 27.3878 -2.05906 63.9622 27.6975 4.04327 68.8158 27.6798 2.88787 67.982 27.3212 -6.63407 24.8826 27.6665 -2.93495 66.6303 27.7992 -1.50814 66.294 27.3207 -1.20937 67.9428 27.4413 -2.14512 69.0579 27.8215 5.27753 67.829 27.3499 -5.41808 31.3172 27.5888 5.67184 69.446 27.557 15.8304 61.8838 27.4078 16.3392 65.5514 27.6556 -0.600555 45.4438 27.5704 14.2568 65.5749 27.0811 11.648 66.2393 27.7529 1.24175 56.6008 27.7621 -1.89584 47.5796 27.7349 10.5469 65.3302 27.712 13.2212 68.348 27.4011 9.56352 59.5687 27.6022 20.2543 72.505 27.743 16.9398 68.2085 27.7466 20.6155 60.9465 27.4528 19.5946 65.1758 27.371 24.4215 67.4532 27.5884 0.610048 69.0893 27.858 2.74619 69.7552 27.5197 0.573062 71.2649 27.7306 5.26714 71.7399 27.8102 4.02834 70.6583 27.1877 8.12983 71.3905 27.6506 6.5249 71.3678 26.9928 5.82197 72.63 27.6534 15.1828 73.2631 27.4563 -0.75781 70.4028 26.9869 -1.80253 51.008 27.7063 15.6137 75.2868 27.6621 12.1573 76.5589 27.9512 -2.77621 51.7126 27.5796 -17.5147 40.3247 27.5628 -17.7151 37.7841 27.9636 -16.0862 40.9556 28.0678 0.919096 66.6178 27.6923 -12.8873 55.9929 28.0963 -14.6362 56.6466 27.5794 -15.1268 53.9631 27.8738 -9.15946 55.7773 27.5148 -12.7772 53.8562 27.6866 -11.1699 53.6227 27.9577 -10.0312 56.4058 27.8858 -12.0465 57.6341 27.5789 -8.5564 59.4253 27.4247 -7.24367 59.4776 27.8605 -9.02897 60.2766 27.9542 -8.26598 55.3549 27.9617 -14.0972 35.963 28.0448 -11.2961 38.0941 27.7704 -13.6914 38.615 27.7733 -8.1249 35.4807 27.7611 -8.35973 38.1323 27.0954 -9.39844 39.2274 27.6007 -11.1276 25.4494 27.8317 -12.3534 41.005 27.7962 19.2159 71.9535 27.9073 -5.69733 44.1805 27.7666 -5.78782 47.6767 27.7319 -13.1067 34.7422 27.8678 -7.81635 50.113 27.5308 -12.6961 48.4068 28.0648 -10.4356 48.1029 27.5609 -8.80122 47.0588 27.9182 -6.41761 47.6315 27.6155 6.23844 74.0285 27.8011 -3.90934 47.5269 27.4519 -6.33876 50.0072 27.8054 -9.30229 50.7911 27.9754 -5.67834 52.098 27.973 15.0946 72.1839 28.009 20.5172 75.898 27.6494 -14.6628 52.8736 27.7586 -13.1344 28.6327 27.8293 -14.7576 59.0751 27.8997 -13.6843 59.3466 28.1021 -10.5474 59.7725 28.0752 -16.1546 50.5201 28.1721 -16.9884 35.6195 27.919 -13.8382 40.6038 28.0092 -15.8773 39.1579 27.8578 -14.4408 41.9087 27.6683 -13.4493 44.6047 27.9425 -11.0827 44.3654 28.0332 -15.1787 43.9908 27.6166 -12.1577 46.2009 27.8801 -7.78344 42.9017 27.7446 -9.64547 42.9119 27.8681 -9.42073 44.3446 27.6867 -13.3071 50.5542 27.8686 30.0141 93.0627 5.76506 30.1665 85.3309 6.89534 32.6529 92.682 6.17091 32.8634 94.3893 6.16099 31.7974 89.2325 6.74894 31.3012 95.744 6.39357 28.389 99.4518 6.29654 29.8573 99.3327 6.70536 32.332 98.5224 6.687 34.9519 95.1443 7.13974 35.7456 95.787 7.15781 36.3833 98.0702 7.30222 29.0584 101.488 7.15495 32.1799 100.051 7.40336 31.724 86.6931 7.75595 33.5649 91.3158 7.82979 35.1223 99.1371 7.60345 29.9087 100.518 7.9912 27.8275 104.349 7.41884 30.5156 84.0872 8.57422 34.0762 99.5687 7.87699 33.0377 99.3471 8.08713 30.0325 102.891 7.47823 30.2873 104.312 7.91688 32.12 101.917 7.58035 38.3159 95.9793 8.50406 25.5294 105.465 8.03743 36.978 100.407 8.29865 37.6438 98.8046 8.65395 26.8829 105.511 8.87074 32.6024 104.499 8.2535 33.2995 103.561 8.24113 35.9578 92.417 8.93871 35.2653 89.6698 9.03198 40.1645 97.6002 8.55077 39.0561 98.8548 8.23769 19.4113 110.673 8.7227 24.7736 109.624 8.76514 34.1719 103.232 7.96751 34.9912 101.021 8.67642 37.5464 101.933 8.34429 26.658 107.336 8.21687 34.2608 87.1555 9.39478 28.6612 105.363 9.26168 33.8456 105.49 9.6846 35.679 104.378 9.14601 37.3923 103.962 8.86206 30.2178 107.111 8.67823 32.2271 84.8878 9.9707 38.5459 100.265 9.14939 31.3581 105.302 9.46831 30.5793 106.782 9.00536 19.0445 108.553 10.1579 37.9201 69.6685 9.57806 37.1435 66.5868 9.45624 30.3296 108.32 8.89417 35.2851 73.9949 9.05198 34.1437 77.7156 8.60348 35.9541 75.6434 9.17194 35.0312 75.0663 9.95953 36.1699 77.3474 9.735 24.511 112.22 9.51101 38.9008 94.2364 9.78743 40.165 100.094 9.13478 35.3882 105.329 9.22685 32.5524 106.546 8.92829 36.5494 72.9799 9.48717 31.1553 82.6351 10.873 33.9866 76.3582 10.5181 39.7139 95.4653 10.3707 33.6398 78.4403 9.1261 37.2018 107.14 9.58294 37.2926 104.888 10.1569 33.671 108.978 9.60004 20.9201 111.632 9.69355 39.0579 104.907 9.99776 33.833 73.6794 9.71605 18.5372 109.971 10.8176 35.6664 88.8147 10.3157 37.1866 90.3708 10.5828 40.6982 100.317 10.8524 29.4302 112.478 10.3418 27.1889 111.934 9.59895 16.4243 108.201 10.1133 31.7054 78.4216 10.6551 33.1972 79.8504 9.90176 38.5272 91.7886 10.4506 37.6289 75.9175 10.3005 41.3073 97.2859 11.0106 33.5079 86.4865 10.3994 32.3534 111.392 11.084 40.0755 103.103 10.7596 34.4626 80.1507 9.82569 24.3814 112.549 10.5678 37.1127 108.81 10.0259 38.5294 71.8267 11.2033 37.4789 73.4347 10.3677 33.4006 80.6292 10.1973 26.8671 112.474 11.2725 34.5305 86.9093 10.7036 40.2323 94.1238 11.0613 41.5378 94.9975 11.3275 37.7338 78.6772 11.2401 40.6587 104.674 11.3386 38.9756 106.52 11.6494 35.4834 111.184 11.0103 33.4684 74.2086 11.3409 31.2648 80.3237 11.574 31.766 81.0909 11.2261 34.5031 75.1416 11.4344 15.4004 109.021 10.6751 16.6922 109.737 11.0323 31.9668 81.7381 11.5666 33.3078 84.5149 10.7056 21.5988 110.239 10.9096 39.4065 67.5226 11.0231 37.0853 86.9586 11.4434 38.0332 89.9962 11.3681 38.6444 75.9445 12.0365 39.3235 77.238 12.4717 23.1188 110.676 11.1407 29.9046 112.443 11.2342 33.2163 112.913 12.5946 36.6805 85.1617 11.5457 39.2491 73.3099 11.5912 33.3683 82.4617 11.138 13.2507 108.518 11.3458 15.2522 109.599 11.7634 19.8945 109.956 11.604 35.1191 83.4108 12.4513 37.8278 81.125 12.6118 36.9437 110.33 11.5199 40.3528 91.6983 11.8222 40.251 69.7059 12.3082 41.3053 95.0194 12.51 41.5857 101.778 12.4184 24.4159 111.732 12.7227 35.9082 80.7524 12.1615 40.382 67.7143 12.4072 23.9017 110.042 12.4037 26.2792 112.765 13.118 30.2614 112.956 12.4145 39.8092 65.0601 12.1578 39.6828 71.8262 12.5539 18.1066 109.005 12.2347 37.3362 86.3738 12.2988 37.1794 87.5132 13.6403 38.7367 80.179 13.4927 28.7589 111.984 12.6891 42.4164 99.5876 14.1255 38.5216 107.928 12.7081 14.2791 107.37 13.0611 12.7273 107.599 12.4768 21.5458 108.515 12.7306 36.3279 82.7186 13.0696 41.6978 92.2859 13.2794 37.593 82.9463 12.9715 38.9638 84.2708 13.2333 41.9413 95.481 14.6827 39.7543 106.462 14.167 34.5599 113.128 13.8798 37.1419 111.449 13.3913 40.3543 67.9503 14.5874 40.3056 74.8317 13.6012 16.7841 107.774 14.1089 39.929 70.6156 14.0812 40.6037 73.3015 14.1205 38.7866 88.872 13.6582 20.0433 107.744 13.6576 18.4586 108.453 13.8115 40.0989 66.0831 13.7106 39.4633 86.5186 14.5434 41.5794 90.9341 14.4843 41.5181 104.196 13.9862 23.4943 109.549 13.6686 23.55 110.334 14.3276 37.9846 108.944 14.3197 26.1617 111.734 14.0235 38.0652 87.4128 14.1695 39.5263 71.9209 14.1484 22.1452 108.984 13.9584 40.5614 84.8261 15.3306 41.9572 102.753 14.8369 27.1367 110.788 14.4647 31.0371 112.612 14.7157 28.9186 111.255 14.9767 29.7497 111.491 15.0548 39.7194 72.4978 14.9508 40.7673 77.9088 14.7772 42.2612 76.7835 15.7523 14.9963 107.049 15.2385 14.3101 105.565 15.0109 35.9682 111.453 15.2973 42.4305 91.2822 15.5258 39.8992 81.3598 15.3469 40.318 105.122 15.0979 19.9781 110.002 14.859 38.5645 107.39 16.0184 32.3951 111.765 15.139 38.7232 86.6496 15.548 17.2854 108.333 15.0809 23.3958 109.004 16.251 39.1769 68.5423 16.0889 38.3762 72.7187 14.9775 39.1973 87.9461 15.5744 40.5176 89.6174 16.0412 25.8721 109.736 15.2056 34.1132 112.293 16.2157 38.0355 71.461 15.274 21.194 109.069 15.7936 41.298 80.4369 16.5217 37.7107 72.9879 15.8331 17.3015 108.209 16.9277 42.7472 98.6087 16.2793 25.315 109.372 16.703 41.644 103.57 15.7608 28.3184 109.635 16.4534 41.9851 87.4972 17.7627 41.6137 72.7314 15.7652 41.3015 89.9981 16.1557 42.2967 94.569 16.4741 26.2665 109.385 16.2211 39.6722 105.845 16.1356 39.6668 71.8738 16.4897 36.5162 110.079 17.206 29.8334 110.705 17.2969 31.9772 111.327 17.1498 38.6372 87.0527 16.6147 40.8387 87.8071 17.0961 39.5012 87.6845 17.1075 41.7483 92.7919 17.7347 41.8005 101.202 16.7114 42.9394 96.6693 17.635 19.4595 108.578 16.9809 12.596 104.629 16.9688 42.8102 74.2003 17.2624 42.5264 78.6229 17.8715 42.0674 102.308 17.2509 40.2807 104.92 17.1937 39.9631 89.3619 17.3245 41.9933 91.3463 18.2876 41.7115 98.7894 18.6841 41.5892 103.899 17.2539 40.1665 106.284 16.795 33.13 111.701 17.7743 13.0926 105.295 17.8798 13.9726 106.972 17.7647 39.5125 87.6614 17.6919 36.1736 73.2739 16.8329 35.668 71.2651 18.6757 41.3401 70.896 17.1724 42.25 71.1638 18.4337 41.9727 83.4054 18.5748 41.8679 84.1113 17.4674 21.001 107.675 17.6183 28.9681 110.221 17.763 37.9838 69.4434 17.8169 41.4118 100.434 18.87 37.3046 72.8532 18.3226 43.165 77.5286 18.2218 41.9341 103.032 17.6295 34.4939 72.1895 17.0135 33.4998 72.6451 17.6564 35.2846 72.8366 17.8617 40.7687 105.521 17.5733 40.0142 107.272 18.8913 18.7723 107.787 18.3919 38.6349 108.167 17.5332 34.3693 110.079 18.7405 27.4004 109.215 18.7722 42.0979 88.6443 18.2775 41.1422 70.2854 19.3261 42.6602 96.6117 18.3747 42.607 103.723 17.6914 36.9725 109.478 18.1261 15.0238 106.89 19.3869 24.1087 108.37 19.402 39.5358 72.7769 19.1907 41.4081 106.116 19.4833 30.2336 110.393 18.8272 42.6181 85.9616 20.0702 11.9058 105.208 18.4451 33.2457 72.1344 19.6899 12.8838 106.684 18.7672 41.2825 94.9061 19.8766 42.3173 101.63 18.8532 21.0366 107.715 19.396 25.791 108.604 19.6521 37.7247 109.709 19.2474 42.9992 103.531 18.6431 42.2121 105.476 19.6102 40.5837 88.2708 20.2666 42.5968 72.8409 20.1408 17.8181 107.736 19.5369 42.7731 76.2177 21.2728 40.5857 92.8146 19.6079 41.5105 97.316 19.5873 32.1296 110.88 19.1199 34.7785 70.9255 19.9195 36.5195 69.4167 19.4006 40.2846 89.0053 19.6556 12.3209 106.707 19.8545 40.9282 90.0118 19.6954 42.2625 81.7191 20.0139 38.8691 107.818 19.9067 33.2006 110.3 19.9498 35.5995 110.165 19.8764 42.2692 70.1717 21.5247 42.8969 77.5822 21.4499 43.1136 80.2232 20.345 41.8129 100.167 19.6587 14.3378 107.553 20.4047 42.0096 98.5383 20.1355 39.5024 107.087 19.7508 38.8673 109.05 20.3709 30.7771 110.499 20.0925 36.8726 73.7014 22.0085 36.8402 68.6421 20.6824 40.3506 89.167 21.9989 40.4264 90.5047 21.5604 17.8907 108.916 20.3588 42.9449 87.3039 21.5482 32.9804 72.0348 21.4772 22.8806 110.168 20.3244 37.5339 110.277 20.5918 19.6071 110.255 21.0503 28.6913 111.386 20.9185 30.6636 111.74 21.0903 42.0655 101.695 20.6666 39.9779 107.416 20.8014 42.0586 102.854 21.3458 12.7261 106.663 21.0342 42.9553 81.5708 22.7532 25.1914 111.932 21.8181 35.7981 112.144 22.2474 39.2106 73.553 21.8941 15.0622 107.899 21.5037 40.8443 92.9237 20.908 18.6573 109.092 21.8402 43.0701 84.9181 22.1414 41.6602 98.3646 21.5338 41.1827 105.248 21.2557 38.7585 109.388 21.1727 42.3424 73.8404 23.4027 18.8452 110.832 22.2565 20.8556 112.443 23.5511 42.063 100.948 21.9681 33.6294 112.402 21.9536 41.5269 70.7762 23.1051 37.5801 111.093 21.6785 35.4335 69.7352 23.0812 40.3066 88.226 23.2904 16.1102 108.737 23.0807 38.7889 106.196 21.8657 33.4473 71.6065 22.7626 33.203 73.3386 22.5078 42.4739 70.8303 22.975 40.8378 93.8419 22.1286 41.6722 97.0731 22.763 41.9988 88.1604 23.2524 12.713 108.256 22.5691 42.4216 83.3705 24.4899 40.6418 103.281 22.3718 28.5332 112.479 22.9856 40.3217 90.8594 23.3071 36.787 67.6343 21.9126 41.4739 99.8219 23.3862 37.8433 110.683 23.0567 24.6605 112.574 23.8499 40.996 95.7149 23.7161 38.1509 74.6326 23.1803 40.2071 73.5231 25.0375 38.4467 103.44 23.5697 38.633 105.045 23.2343 32.0925 72.7976 23.1014 31.9267 73.5466 23.0195 34.5821 112.063 23.4495 42.3169 85.5278 24.672 41.091 98.3931 23.8622 37.9648 108.227 23.5756 41.257 77.9167 24.4474 30.42 72.6584 22.8711 30.5254 74.1879 24.2111 19.1097 109.834 23.7927 17.4505 109.241 24.9269 38.8558 74.8632 24.8135 39.9497 101.771 24.2514 38.8784 105.631 24.4148 35.4975 111.14 25.3443 27.454 111.666 24.0045 31.6087 111.487 24.2989 33.4842 70.8198 25.2738 40.9515 87.6964 24.2929 39.5217 94.5433 23.3285 39.1029 95.2851 24.4234 14.5259 109.171 24.2907 41.8128 71.3167 24.2304 41.2446 72.6083 24.7561 40.6996 90.6694 24.5414 39.4031 91.906 25.8872 28.6749 73.3221 24.8318 12.2121 108.763 24.1678 37.4749 107.613 25.2809 31.7445 71.3148 25.904 32.8676 110.709 25.5458 35.875 74.8806 26.4382 20.2592 111.135 25.0496 28.9869 74.1635 24.9885 27.4748 110.967 25.4933 39.4552 87.4266 25.234 31.4323 74.497 26.349 14.3745 108.722 25.5824 38.7401 99.8648 24.8207 30.4855 71.7443 25.264 39.9357 88.6355 25.8279 38.2186 97.3161 25.3844 38.6232 102.28 24.9907 15.3368 108.579 25.5128 40.9664 74.6651 25.1194 40.8169 80.1149 25.1787 11.4331 86.5454 23.9125 11.771 86.1669 25.6074 11.6351 88.8363 26.2793 41.6491 86.2007 25.8141 13.4144 107.525 26.182 22.5027 110.594 26.0803 41.1032 83.1747 25.5674 30.3468 110.313 25.9855 38.7339 94.0339 25.9804 37.7879 101.753 25.8386 28.3873 71.745 25.4527 19.5756 109.486 26.1828 18.3876 108.081 26.2871 39.5864 87.0639 26.4405 40.7675 75.5053 25.9725 40.7016 78.5808 26.8112 35.9666 110.178 25.7556 35.487 100.09 27.1324 35.7682 96.0322 27.0356 38.1997 103.221 26.2413 28.3837 74.0707 26.32 27.1495 109.328 26.0991 33.6507 109.135 26.4447 37.9458 86.5451 26.5396 40.2317 80.4814 26.6042 39.6644 82.4649 27.1672 10.6547 84.9791 26.1574 11.5353 87.4529 27.2033 35.7415 107.189 26.5342 20.3409 106.897 26.2947 33.194 75.4391 27.1775 24.0233 106.94 26.3961 29.2372 75.2905 26.3667 28.0223 107.12 26.231 30.916 79.4202 26.2444 29.7697 79.9416 25.5961 29.6954 78.6259 26.1586 30.8536 107.945 26.1566 14.2188 106.401 26.6939 36.2243 105.204 27.0287 38.4057 76.0691 27.037 38.6668 77.4494 26.5824 33.7248 83.5743 26.1593 37.2308 85.2625 26.7431 36.3716 86.0187 26.8786 38.8339 84.6692 26.6555 28.5661 78.5804 27.0925 29.069 80.277 26.2673 28.1432 80.6854 26.5327 29.8092 81.1198 26.6303 29.7989 76.4185 26.2493 32.2757 76.8376 26.8014 33.1723 78.3486 26.7318 32.2418 80.09 26.4096 31.6133 80.7044 27.1895 33.3166 107.533 26.6696 37.525 89.0345 26.7617 16.2689 106.624 27.1684 37.9456 92.6472 26.7563 11.317 85.2454 27.1931 36.173 80.3786 26.5696 33.2807 80.935 26.5209 36.1731 78.5355 27.3104 28.0991 73.3899 27.3816 36.0526 82.3428 27.2729 33.6926 82.3848 26.7016 28.1587 76.6133 27.0481 28.8372 77.3208 27.2861 33.3882 86.5838 26.3502 26.42 77.6225 27.3912 27.1099 79.2788 26.4445 26.0147 79.4515 26.9866 37.7988 81.6487 27.3449 28.9215 106.364 27.276 32.037 105.684 27.5573 35.2296 87.9571 26.9786 29.6504 82.3862 26.3068 27.1574 82.5569 26.6267 30.7621 83.7604 26.9161 12.5456 106.352 26.8811 34.9281 94.2754 26.745 33.7278 98.8012 27.56 25.1421 73.9075 26.9097 23.9967 72.4964 27.4992 26.826 75.2379 27.3141 11.4459 89.8507 27.8532 11.5833 91.5773 27.498 35.2869 77.2491 26.9239 24.0659 77.2252 27.5773 24.217 79.2349 26.6248 21.9192 77.7568 27.0362 25.7516 81.9466 26.5727 23.7893 81.4034 27.2442 24.8469 81.0406 26.9749 24.3725 82.618 26.9482 25.7666 84.1422 27.4026 29.9401 87.7149 26.9572 29.5402 84.9414 27.38 31.3602 87.0797 26.7219 26.2339 80.6469 27.3137 31.1652 90.4223 26.5769 29.8776 90.3793 27.082 29.9535 88.7786 27.2843 32.8676 90.4461 27.1151 31.7553 92.3119 27.6531 27.0977 83.9431 27.2488 31.8521 84.2449 27.2644 19.3506 105.793 27.9416 37.7236 76.3886 27.2397 37.6229 79.1331 27.245 26.6875 106.549 27.3193 28.2705 105.34 27.7848 36.2687 90.1424 26.7895 35.6729 91.053 26.6323 34.0041 88.9081 27.5536 34.2031 91.9378 27.4094 33.5101 93.434 26.9743 35.2773 102.214 27.4588 33.0319 100.46 26.7348 30.8314 100.701 27.2044 22.3557 74.7416 27.5814 31.3878 102.286 28.0084 33.3598 101.976 27.875 22.4768 105.853 27.63 25.0033 105.001 27.9067 20.4741 85.8914 27.2043 21.958 85.3794 27.163 22.5245 87.3936 27.8667 22.7787 79.9593 27.6451 20.9836 79.436 27.0269 24.8149 85.2122 27.3947 23.4522 86.612 27.0692 25.1314 86.8223 26.8521 25.0068 88.1976 27.6909 24.9346 91.053 27.4972 24.5805 92.9526 27.0286 22.4863 91.7635 27.7325 26.2432 92.7898 27.0324 18.2252 85.5452 26.9906 19.2043 87.0965 27.7301 26.8173 86.2576 27.5327 28.2596 86.4706 26.6554 22.5906 82.2577 27.1216 27.2786 88.4642 27.4993 24.333 83.9299 27.5992 33.0962 93.8174 27.4452 33.9055 95.5144 27.5017 26.1462 89.5831 27.1279 32.7141 88.3978 27.5813 33.0343 103.952 27.2569 28.3319 91.6923 27.7854 29.5395 93.481 27.3864 27.1849 94.4388 27.8901 22.5358 97.6072 27.6084 21.9754 99.5282 27.2235 21.5274 98.6748 27.3394 18.8974 98.9936 27.6676 17.1913 100.116 27.3102 17.186 97.416 28.0804 20.2133 99.9966 27.4632 23.0802 100.357 27.3738 23.6915 97.6858 27.9787 20.8783 101.454 28.2866 26.2813 100.622 27.5908 24.4143 100.079 27.3765 26.9574 98.2013 27.8592 15.6791 87.5225 27.9012 18.1534 87.1266 28.0673 15.5059 89.397 27.3536 18.9153 89.4043 27.6895 31.6089 96.7365 27.1186 28.9556 96.8562 27.1481 31.1144 94.9232 27.7525 25.0172 95.178 27.3445 26.6284 97.0157 27.2489 24.9921 97.8489 27.3713 15.9582 90.4174 28.1826 13.4325 79.3755 27.4249 11.4679 79.7508 28.1136 12.4946 78.1519 27.7257 13.9129 77.5189 27.279 15.8603 79.0567 27.5241 16.8855 76.7474 27.7152 17.6827 79.0567 27.1059 31.261 98.4242 27.9459 18.2537 80.1162 27.8651 16.2202 81.6935 27.136 15.1186 79.9477 27.8778 28.084 100.281 27.3538 25.9092 101.794 27.9178 28.5617 101.843 27.9447 15.552 82.9096 27.6954 13.9421 80.8891 27.7896 15.1712 93.7869 27.931 18.2033 95.9564 27.3353 15.8123 96.279 27.3772 13.898 83.8981 28.0019 13.3722 85.6845 27.4948 16.5092 85.064 27.2496 19.3059 88.0965 27.7757 22.2851 88.487 27.4696 21.7422 90.096 27.4 14.3429 105.017 28.2147 21.655 75.9153 27.4227 15.5931 104.644 28.357 19.1511 92.8223 27.4092 18.2231 94.0387 27.8721 17.4801 93.5839 27.8494 21.733 91.0063 27.9408 23.4957 93.5999 28.0556 28.8178 103.342 27.4392 32.0753 103.99 27.5544 20.1082 80.8736 27.8554 14.9186 76.2942 27.9345 19.6076 94.2856 28.2095 19.7682 95.959 27.8299 19.4665 97.6312 28.3288 21.6789 96.087 27.9088 23.4276 95.5433 27.9252 16.1301 99.0715 27.5838 19.0114 99.9441 27.937 24.4024 101.653 28.0165 23.559 102.367 27.6859 12.2133 86.6257 28.1482 13.9508 88.9976 27.8254 14.1432 86.7476 27.8706 15.1094 85.0507 27.1113 28.0117 97.5046 27.6599 14.5871 90.3553 28.0609 16.1351 92.4347 27.4279 13.8147 91.41 27.2129 18.5799 90.5558 27.938 13.2563 92.7662 28.1743 12.4973 97.089 28.0413 12.2784 96.0154 27.3295 14.031 96.0261 28.0422 14.7119 95.0814 28.2116 14.0228 103.071 27.6552 11.9023 102.628 27.4106 14.511 100.953 28.319 13.4025 99.5161 27.6844 15.0634 97.5679 28.3291 12.8608 81.8773 27.242 10.5603 81.7451 27.5235 25.8835 103.226 27.521 22.9175 105.251 28.0225 18.8954 83.0688 27.827 21.6643 83.6163 27.9372 18.013 101.162 28.3978 21.5892 102.914 28.1695 19.9086 103.306 27.6173 12.4561 90.9978 27.9114 13.0293 103.344 28.2006 16.53 103.154 27.7659 19.1027 103.748 28.1804 20.8775 104.894 28.0642 11.6886 99.1659 27.7329 20.4751 91.3644 28.1964 4.8834 108.804 9.75099 12.4768 106.705 9.26711 13.1934 106.026 9.67316 16.3336 105.896 10.0263 9.69612 107.821 10.2877 -0.318436 109.193 8.99438 0.337425 109.737 9.58859 2.20534 110.433 9.88936 5.11 110.08 9.54941 -3.48438 108.828 10.1824 7.53634 107.773 10.6025 -3.01803 110.328 9.45243 -3.40776 110.731 10.1558 13.7296 106.224 10.6322 -0.660769 109.945 10.6416 5.00965 110.513 10.7294 6.83892 109.977 10.3942 13.3107 105.147 11.354 -3.6683 110.223 11.3994 2.03906 111.102 11.6542 12.234 106.031 11.4 10.4972 106.766 11.8129 -2.17393 110.712 11.8575 7.74529 108.234 11.7571 9.3246 108.307 11.3282 3.0126 110.831 12.5592 10.8056 107.408 12.7978 10.0046 107.694 13.0341 -3.87333 110.972 12.8924 7.64342 109.195 13.8188 6.42363 110.632 13.3863 12.6256 106.027 12.8773 7.8654 106.9 14.0199 -6.71287 110.346 12.9981 -0.214161 111.605 13.5555 4.35785 111.4 14.0573 11.8525 106.478 13.4101 10.3833 105.984 14.1131 12.2476 104.671 13.567 11.6971 104.727 14.1291 -8.04676 110.437 15.0219 -5.3241 110.61 15.3089 -2.15799 111.223 14.2495 12.1126 107.216 14.0799 1.03871 111.773 15.1837 0.11171 111.089 15.9721 9.30657 107.395 14.7327 9.18719 109.562 14.947 5.3342 111.661 14.9149 11.7111 105.846 15.3495 -11.8676 110.242 16.3833 6.99456 110.728 15.5115 12.7597 104.455 15.4963 11.6122 107.234 15.7862 3.4171 111.187 16.3908 10.7154 107.842 15.6041 9.22547 107.432 15.5521 -2.61036 111.342 16.4834 9.40168 109.747 16.0477 11.1805 104.391 16.7756 -8.63862 109.304 16.1099 10.1425 108.943 16.3983 -11.9432 109.591 17.5722 10.9341 105.571 17.0932 10.1961 106.538 17.7223 5.38919 111.944 16.8965 -7.07541 109.862 16.8956 7.35384 111.426 17.4497 9.35687 111.133 17.1693 0.914403 111.01 17.2333 -2.05699 110.627 17.5863 8.63715 109.998 18.6043 -13.2811 110.882 17.6555 -9.92102 110.316 18.1484 -3.77016 110.091 17.6699 3.32359 111.038 17.6074 -0.232984 110.27 18.1 -6.17155 109.038 18.865 5.87779 110.364 18.5628 1.83131 109.853 18.4577 9.85148 103.788 18.3756 -8.89362 109.601 18.855 9.10539 107.37 19.0978 -11.747 109.847 19.6045 -14.2811 111.18 19.7445 -1.07291 109.67 18.9894 8.38625 102.927 19.4872 8.34455 109.292 20.6408 4.79668 110.162 20.1904 -1.87829 109.147 21.0543 -17.9484 110.692 20.1331 -7.74144 108.606 19.7752 1.77691 109.903 21.5136 -11.476 109.573 21.3651 -5.21418 108.824 21.0441 7.89304 103.74 20.8402 8.16873 104.775 20.9958 8.37713 107.377 20.8044 8.33288 102.712 20.7222 9.77034 104.073 20.5587 11.4282 105.473 20.9762 -0.176278 108.851 21.1188 3.68154 109.735 21.4778 -12.9538 110.059 21.9326 5.63825 109.632 21.223 7.51113 109.238 21.4889 -16.0828 110.173 20.377 -8.71617 108.536 21.146 10.2461 104.557 21.1449 -19.3213 108.188 21.3946 7.49367 106.716 22.1127 -6.5267 110.413 22.4489 10.2387 108.207 22.3505 -1.0895 110.933 22.4657 6.58314 110.939 22.2857 -17.0271 109.507 22.5404 -15.3852 109.8 22.234 -10.9416 109.726 21.9921 3.80726 110.549 22.2308 -19.4786 108.511 22.0834 7.29282 109.75 22.9715 -9.49642 110.93 23.1883 7.42883 107.787 23.3668 8.46953 108.83 23.1023 -13.5795 111.434 23.7337 11.1238 91.3036 23.7922 10.2994 92.679 22.4346 9.17728 92.2401 22.5057 9.4937 93.3262 23.3596 6.45596 111.137 23.7537 -19.4388 109.546 22.7938 -16.7223 110.789 23.4072 9.31676 91.6297 23.3739 10.0588 94.0591 25.7858 11.3756 93.0428 26.2737 -22.3147 109.508 24.6211 -7.35705 111.233 24.4198 -2.34355 111.454 23.6589 2.8775 111.396 24.3953 8.38398 108.746 24.1725 11.4114 88.4266 23.9558 9.77372 87.1922 24.1687 9.45261 88.5179 24.2459 -18.812 110.711 24.8732 9.74752 109.027 24.3852 10.4882 84.3043 23.0616 11.3083 84.0797 23.425 8.70964 93.6932 25.4954 10.3736 83.2368 24.6072 5.63134 111.611 24.6929 9.02873 91.4935 26.3621 -12.2952 111.299 25.0579 -4.81624 111.446 24.8807 -1.34837 111.597 24.7665 8.19322 106.182 25.0654 6.62243 109.644 25.03 -23.7848 107.842 25.2061 11.2121 90.3432 25.8868 9.65906 84.9689 25.1079 -14.7482 110.992 26.3697 -12.8635 64.4892 24.4155 -11.2541 62.8596 25.6438 -12.2355 64.6104 23.7557 -8.80367 110.907 25.7672 6.90963 105.584 24.4722 8.48777 106.522 26.4723 3.94904 111.049 25.9497 -22.2624 109.042 25.3386 -19.3644 110.427 25.8264 -7.66331 110.327 27.467 -11.2298 65.6985 25.1188 -10.5381 64.5645 25.6987 7.26474 103.58 26.4084 9.2214 106.604 26.8014 -1.66565 90.9399 25.25 -3.25376 91.469 25.5471 -2.82228 89.888 25.5453 1.76847 110.86 26.0888 5.8793 110.92 26.9972 10.0758 81.2933 26.7133 9.7403 81.5916 26.0379 -21.7761 107.403 25.8616 9.63109 86.8204 26.2393 -2.66029 89.647 26.7338 -26.0663 104.235 25.4157 -11.6102 67.4849 26.909 -19.8326 107.639 26.3869 -18.4361 109.508 26.6891 8.63796 94.5697 26.0422 6.02182 106.54 27.6021 -21.8874 102.742 26.0467 -1.07859 111.317 27.2234 -3.43859 89.733 27.0085 -23.8344 100.827 26.2414 11.4575 76.2962 25.9911 10.4127 75.4206 26.3504 6.1647 105.172 27.5133 11.8016 107.413 26.7207 -10.8068 66.2397 25.0956 -27.0811 77.9994 26.3312 -26.7474 82.5284 26.2656 -25.5095 79.5247 26.1364 -14.7362 110.213 27.3317 -11.526 110.208 26.5492 9.30505 83.644 27.2404 -5.01461 110.995 27.1606 9.30943 88.7782 27.3692 6.39193 109.003 27.0718 -3.88777 91.1702 27.4777 -0.989549 90.6392 27.7722 -10.102 64.9279 27.4154 -9.46981 66.2049 27.2596 10.4086 77.8907 26.4115 9.98546 76.9824 27.0986 10.6114 82.9533 27.7564 8.53009 91.437 27.3605 9.05125 93.2447 27.0552 -13.1821 65.4443 27.0619 8.81726 94.5791 27.058 8.20875 95.3189 26.5669 8.62643 96.6665 27.3903 7.53632 97.5137 25.8804 -21.0943 100.061 26.7295 -24.7796 78.6717 27.2476 -25.1671 82.4743 27.2449 -18.1597 101.956 27.1774 -19.5487 105.319 26.5191 -10.3523 110.233 27.9438 10.1619 75.4496 27.4202 -22.8861 98.2744 26.6351 -27.1013 75.4588 26.9024 8.03665 94.2242 27.4039 9.00566 87.0082 27.6673 6.98713 97.9178 27.5886 8.24901 98.8399 27.1379 7.35796 99.7035 26.4921 -24.9728 80.7769 27.6461 -26.5001 84.4533 26.76 7.45635 101.694 27.7764 6.09986 103.918 27.9376 -11.1003 76.3996 27.3131 -9.99391 76.3508 26.7983 -10.7228 77.9961 27.7739 -4.08496 110.474 27.8599 -13.0044 83.3361 27.1632 -14.1903 83.8707 26.8247 -14.0226 81.5522 27.4697 10.2732 94.6176 27.7898 9.9619 105.668 27.4422 -17.5848 104.496 27.2336 9.82541 76.2035 27.729 -16.9577 108.242 27.1375 8.84332 81.3332 27.293 -28.1942 73.7936 27.1844 -26.2409 78.1346 27.5333 2.63778 110.76 27.5142 -26.3725 87.0394 27.1399 -28.6429 88.2881 27.9108 -22.0817 77.9108 27.6426 -22.4841 79.733 27.2353 0.352623 89.4171 27.5927 0.661419 91.796 27.1807 -15.6714 106.907 27.7074 4.34505 92.0622 27.8095 4.7273 90.9911 26.9953 5.99887 91.2399 27.2259 -22.9971 97.7048 27.5879 -18.9613 84.1176 27.0795 -18.8409 80.9977 27.5349 -15.1389 84.1088 27.2801 -22.1138 98.3221 27.5314 8.73246 93.5775 27.5805 -20.6866 99.5245 28.0784 9.56619 104.439 28.2458 -18.9725 99.7575 28.3091 -9.10642 75.0898 27.6733 -10.9829 87.9624 27.2497 -12.3529 88.748 27.84 -12.1193 86.7984 26.9607 11.6824 93.9661 28.2444 -9.59633 77.8513 26.9074 -8.54438 77.2758 27.5403 6.89373 95.2279 27.8655 6.79411 99.687 27.7415 -12.9089 90.7634 26.8486 -10.2959 90.6172 27.7035 -10.6402 91.4351 27.919 8.77189 100.415 28.0113 -3.44503 88.3293 27.3987 -2.5301 86.3795 27.7629 -4.00937 89.3768 27.8124 -14.2315 79.4468 27.1172 -12.5035 79.922 27.3257 -1.60226 92.3223 28.0464 6.08954 76.7693 27.6328 7.21415 77.1483 26.8566 6.94618 79.1565 27.8951 -9.89839 93.2102 27.6491 -8.47554 94.8393 27.4792 -10.5435 95.788 27.026 9.35239 77.5976 27.3636 7.92617 76.0608 27.7717 -25.7731 76.3677 27.4859 -21.8554 76.6092 26.8478 -22.5094 75.1637 27.3836 -21.9012 73.5809 27.4796 -22.8548 76.4203 27.3756 -25.0369 74.6647 27.0945 -16.8835 107.19 27.7418 10.7506 78.1542 27.3166 4.69781 75.8072 27.6544 4.62211 78.7633 27.1154 3.80876 78.002 27.5043 -15.0455 76.3525 27.366 -16.0148 77.3315 27.8849 -17.9961 76.4025 26.8436 0.0723088 82.3647 27.8967 -0.129513 80.0477 27.1327 0.558988 80.3111 27.5796 -1.90971 80.3147 27.6179 -25.7133 84.7051 27.7696 9.05968 79.7864 27.8344 9.75638 79.7792 27.5033 8.04852 83.3033 27.6796 -11.2416 93.7307 27.8411 0.0797604 78.5256 27.9778 0.764017 76.2654 27.8332 1.8131 77.5211 27.1047 -5.13677 85.4338 27.7385 -6.55445 84.9355 27.2805 -4.9164 83.7007 27.3075 -8.99395 96.2105 28.1031 -7.4137 86.3302 27.8724 5.31419 88.3736 27.255 3.29343 87.9992 27.2914 4.24677 86.7807 27.8187 -3.90406 85.0022 26.9126 -14.9732 103.056 28.359 -16.3142 101.241 27.3625 -14.4942 101.171 27.5958 -3.74148 86.3166 27.7941 4.28292 81.0716 27.1909 3.48413 80.1645 27.8429 -2.59844 84.1937 27.11 3.17067 81.662 27.8104 4.09357 83.3025 27.7078 7.2701 88.633 27.2338 6.68909 86.164 27.7058 -10.1764 102.633 27.3885 -10.2933 101.085 27.42 -9.03575 102.41 27.7154 -24.4002 77.2418 27.8468 -7.88923 101.332 27.2933 7.88239 90.4315 28.0789 6.27433 88.18 27.5977 0.351259 84.4055 27.0569 -1.58083 85.5615 27.7406 1.1002 86.121 27.8585 7.24893 81.1005 26.9666 5.39223 82.7735 28.0833 2.52303 89.2663 27.8452 -20.4925 76.4931 27.721 3.53256 91.279 27.6224 -11.7989 69.2407 27.7467 1.78321 93.379 27.6716 0.197254 92.7454 27.9269 -9.49905 69.2087 27.8155 -24.6463 86.5036 27.6297 -25.3719 88.6206 27.8783 5.3155 89.7541 27.9265 -25.6846 90.1488 27.0067 -27.0017 88.5827 27.9185 2.30449 84.9863 27.3958 2.24585 82.9357 27.7612 4.5593 84.9013 27.1846 6.26778 92.9628 27.8238 -19.0612 75.5605 27.1293 -16.5831 74.7661 27.8534 8.8273 92.6875 27.8084 -13.5731 109.713 27.8933 6.49058 84.785 27.3239 -19.1099 78.0622 27.6435 -23.088 92.3319 27.7922 -24.3114 89.7839 27.3952 -25.1316 91.9521 27.7015 -6.16518 104.48 27.0767 -5.3517 107.007 27.8074 -6.83285 105.377 27.8575 -27.336 93.6925 27.407 -26.9932 94.6415 27.4729 -1.39929 104.641 27.2207 -1.24977 106.073 27.3136 -2.23392 105.151 28.0684 0.671242 105.36 27.4378 -25.5906 73.3943 27.7172 -21.4237 84.9962 27.9394 -20.1277 86.2361 27.6062 -21.2679 87.0636 27.2556 3.05317 95.9987 27.5407 1.54983 96.7484 28.1151 -17.0142 89.0024 27.9355 -16.3259 91.4595 27.6962 -18.4805 89.8022 27.0224 -21.9208 91.6729 27.3284 -21.1039 89.6777 27.6922 -24.2235 84.0657 27.271 10.0813 96.5268 28.1094 -24.8185 94.0555 27.203 -23.1598 95.3701 28.1135 -18.1158 91.2762 27.3218 -25.8053 94.3308 27.8082 4.29798 106.925 28.1344 -24.8684 95.9837 28.0908 1.52515 109.063 27.9378 1.30164 107.498 28.1274 2.54238 108.733 27.3585 -18.1215 95.5311 27.8671 -19.0726 95.1076 27.4133 -17.4201 94.5785 27.0885 5.55079 109.634 27.897 -15.7867 96.1881 28.1777 11.3566 104.106 28.4215 -19.9489 79.6127 27.3347 -14.9657 85.7016 27.8808 -13.5409 87.2117 27.0322 -15.1274 88.0764 27.8262 -21.5279 80.5626 27.8933 -22.6397 81.167 28.005 -14.2133 89.2654 27.9234 -12.7635 85.5437 27.8229 -10.1959 85.2949 27.6796 -17.3166 78.3108 27.7934 -18.4663 79.7077 26.9991 -8.79605 87.3765 27.0009 -7.13322 87.7685 27.0129 -7.6103 88.9199 27.8838 -13.5236 92.4014 27.9581 -16.9609 80.5709 27.7458 -16.2422 79.3072 26.7437 -9.11215 90.8152 27.1631 -5.41862 88.1691 27.2942 -6.28505 88.7329 27.9019 -0.842459 87.2051 27.4093 -1.80741 88.9447 27.5673 1.77345 88.3367 27.3146 -4.67864 92.0742 27.348 -6.55695 91.7398 27.6437 -5.84576 90.4555 27.4338 -2.86395 92.4553 28.0769 -21.7097 83.5287 27.3084 -19.9569 83.4702 27.5021 -20.5414 84.8525 28.0557 -18.1216 85.077 27.9418 -13.8361 76.341 27.4653 -13.5468 74.6849 27.6838 -12.9214 76.276 26.8435 -13.0266 77.4467 27.6835 -12.3458 78.8313 27.6617 -7.4694 74.729 27.6519 -7.4807 76.3644 27.1005 -1.44053 71.827 27.8059 -3.51733 76.4331 27.6733 -4.76613 78.0102 27.0105 -5.19122 76.5117 27.3732 -2.47235 74.3739 27.6768 -2.72827 78.1545 26.9417 -10.9324 80.2129 27.1776 -9.6464 78.6555 27.3739 -8.84994 79.8243 27.1964 -7.26418 80.0677 27.0882 -6.2061 78.7168 27.9569 -7.96985 81.9379 27.9814 -12.4118 82.0629 27.9244 -11.2419 83.4598 26.8768 -12.0536 84.6818 27.7653 -8.38922 83.8601 27.4458 -3.68257 78.4402 27.7374 -5.44261 80.6395 27.4938 -2.95404 80.8849 27.3203 -3.94875 82.551 27.8081 -2.22028 79.055 27.8563 -14.2816 98.1875 27.7174 -11.4109 96.9975 27.625 -13.2713 98.9902 27.516 -1.73871 82.7846 27.9598 -9.87642 98.8228 27.3789 -8.03115 98.2562 27.2362 -8.57143 98.9535 27.9945 -14.4135 99.8003 28.2375 -13.5084 72.7603 27.8049 -19.3096 73.0429 27.7359 -20.0854 71.3777 27.6846 -22.9401 74.2867 27.8755 -20.299 74.141 27.8808 -13.0999 102.965 27.676 -12.4441 101.052 27.7668 -11.1166 101.966 27.8269 -10.6644 99.6238 27.972 -6.3498 98.2021 27.5848 -18.2001 73.6584 27.5703 -7.63756 103.553 28.4435 -6.78007 103.076 28.2104 1.27937 80.9915 27.2597 0.0363915 95.4551 27.4207 -6.99903 96.4607 28.3337 -4.60286 96.6268 28.1804 -3.64978 98.4282 27.449 -25.5779 92.8567 28.0564 5.76253 94.0487 28.1354 -24.3395 85.1886 27.9986 -22.8827 87.2849 27.3665 -1.163 95.3648 27.8773 -0.502802 96.5641 27.8133 -23.6629 88.8722 28.019 -2.95452 96.6365 28.3244 -1.35899 98.5341 27.3641 -17.66 87.5555 27.1613 -19.6972 88.4643 27.9821 -5.68423 99.9713 28.2785 -3.04174 103.239 28.1587 -5.19246 102.126 27.7037 -3.58526 100.295 28.2542 -20.0809 90.6785 27.9903 2.24044 99.0156 27.5763 -0.301449 99.868 28.1802 -2.13854 100.441 28.0979 -0.363427 102.011 27.5546 -2.13951 102.376 27.4178 -17.071 102.781 28.3237 -19.5642 91.5669 28.1902 -22.6315 84.2164 28.0258 -20.5856 93.4079 27.8348 -13.4408 104.744 27.3711 -21.193 94.8624 27.769 -14.4166 105.505 27.9428 -18.4126 92.6953 27.8987 3.80215 96.5887 28.0249 -10.331 103.449 27.9604 -11.6752 103.014 28.2508 -10.6545 105.066 27.4651 -15.9039 92.255 27.8296 -14.5787 107.243 28.1851 -14.3051 71.2579 27.8134 -8.54545 66.216 27.7893 -13.7344 67.7719 28.1191 -8.18593 109.142 27.8648 -10.2101 108.458 27.7577 -8.81994 106.381 28.1179 -8.72359 73.127 27.8211 -11.7765 74.0535 27.5851 -10.3312 72.0628 27.6094 2.40839 103.903 28.2576 2.44068 102.813 27.4343 3.93421 102.455 27.4631 -26.2202 96.1994 28.2614 3.77143 105.199 27.3774 -5.84047 72.2062 27.6641 0.832519 106.501 27.7489 2.78889 105.756 28.0064 -5.0456 103.419 28.324 -3.50446 105.133 28.0779 -20.5707 96.065 28.2493 -20.9215 97.1992 27.5759 -19.6988 96.1458 27.7195 -19.9549 97.6232 27.6654 0.0086895 103.571 28.0424 -14.3716 74.5553 27.8428 -1.89305 103.461 28.0533 -2.28696 106.539 28.091 0.349158 108.962 27.3256 3.29887 109.675 27.7576 -7.51862 107.304 27.4515 -4.83331 107.638 27.409 10.0446 99.8684 27.9023 -18.875 98.7793 27.5756 -18.4667 98.1267 27.6125 -16.4848 97.2212 27.7314 -17.1652 99.5876 28.1535 9.62064 102.131 27.3943 10.8087 101.454 27.7921 -3.1026 109.147 28.2413 0.756274 72.7129 27.5475 3.51884 74.2416 27.7138 -0.776788 73.5521 27.8767 0.83594 110.641 28.143 -15.2862 91.6398 27.1662 -3.23292 73.9341 27.6949 -9.27685 89.0274 27.8113 1.88219 74.8064 27.5204 -22.7225 71.6357 27.814 -13.7453 94.2478 27.4063 6.87377 74.8604 27.4847 -10.4887 81.5009 27.8353 -4.66665 92.9959 27.9704 -6.56024 94.834 27.6259 -3.50961 94.6255 27.4639 -22.2373 70.5058 27.8904 -6.92841 109.552 28.2117 -2.83313 108.004 27.52 -18.916 69.775 28.1706 -0.588826 108.395 27.8864 -0.107935 109.885 28.1541 -11.9574 95.7548 28.1098 -11.3148 99.9848 28.3271 3.97456 98.7242 27.2819 -8.79982 100.325 28.2718 5.84691 98.5825 27.9604 1.65785 100.44 28.1142 3.46824 100.796 28.1741 5.45037 100.838 28.1734 -11.9306 106.28 28.3072 -13.4568 107.147 27.8031 -21.0989 31.3588 2.82458 -19.6956 31.5318 2.50485 -20.9927 30.9109 2.90693 -20.8642 33.132 2.99573 -21.5771 34.8003 2.42242 -19.1691 27.5291 3.45865 -20.1533 28.9976 3.04222 -23.8604 34.6575 2.91635 -22.8737 27.6454 3.38536 -20.617 27.1125 2.92199 -23.3802 25.7688 3.45416 -20.5518 25.2447 3.52056 -19.6972 24.8299 3.51038 -23.3654 30.0481 3.24547 -21.6125 32.8186 3.51616 -22.1116 28.6536 3.80561 -25.9398 30.0281 3.64988 -23.6772 31.46 3.27465 -23.8066 33.0327 3.6617 -26.6369 31.3775 3.84857 -25.3954 32.1589 3.36744 -25.636 34.3309 3.72711 -24.862 26.6517 3.64338 -24.0201 27.8916 4.23329 -26.694 33.5623 4.43844 -26.6622 32.8335 4.27921 -27.3893 26.6518 4.32703 -25.1362 28.8058 4.27626 -21.744 23.047 3.69115 -28.7199 30.7981 4.32276 -28.3811 32.5895 4.06694 -25.9365 24.4811 5.00804 -25.2496 22.9113 4.236 -22.9009 24.5433 4.40206 -28.5143 34.2819 4.90368 -28.2986 27.4858 4.33491 -27.7527 28.28 4.40481 -26.6266 27.4143 4.62631 -28.0017 29.5475 4.56553 -29.4589 28.1817 5.60656 -31.2327 32.0028 5.03872 -27.6586 22.0896 5.16688 -27.4199 22.9942 4.71904 -26.3013 20.9205 4.55994 -22.6278 21.1608 3.84029 -28.3568 26.3871 4.50827 -30.8234 30.529 4.63225 -29.9816 33.2224 5.13713 -30.3936 26.9484 4.72401 -28.9953 24.7951 5.39864 -31.1011 29.2044 5.76773 -28.8136 20.8048 5.75089 -33.3001 28.4214 6.20505 -33.1742 31.2034 5.26561 -33.3465 33.773 5.6843 -34.0707 33.0914 5.59108 -30.2794 22.2137 5.58547 -31.6808 24.3763 6.04179 -26.3655 19.9478 5.19366 -32.1827 26.0346 6.09696 -34.2672 30.9429 5.9759 -27.3919 18.9015 6.06889 -28.555 18.4275 5.95327 -34.4037 27.8087 7.5094 -35.3675 32.3594 7.29116 -30.0484 19.479 7.06646 -35.5097 33.0164 8.10759 -32.1627 23.8511 7.34173 -31.3308 21.347 7.78933 -28.6469 17.0092 6.90687 -33.4137 33.8608 8.4781 -36.2174 31.1711 8.32426 -29.8397 16.7241 7.43377 -33.5268 25.5718 8.89676 -31.9407 33.9457 8.60693 -35.4362 27.3026 9.25386 -32.7695 22.6183 9.13706 -34.632 33.1124 9.28269 -30.5831 18.4432 9.0257 -36.7462 32.4748 9.70528 -34.5641 25.4717 9.89762 -36.6036 30.3219 9.92407 -35.8028 28.9213 10.6062 -35.6849 32.9498 9.81513 -32.5944 21.433 10.4446 -31.491 17.4738 9.98536 -36.3777 30.1898 10.6549 -35.0222 36.122 11.1474 -34.0554 24.0409 11.2007 -35.9639 27.0997 11.7984 -35.9845 31.7838 10.9366 -36.394 29.3732 11.5097 -36.0959 34.1498 11.9848 -31.9997 19.9985 11.5357 -34.4777 25.5371 12.1552 -36.0496 31.7491 12.4932 -33.2657 21.5664 12.0984 -31.4058 17.6105 12.1006 -33.4474 23.7319 12.4784 -32.3051 19.7309 12.926 -34.0516 27.5469 12.8468 -33.8862 32.2873 12.5598 -32.6328 20.8202 13.3697 -34.7269 29.8618 12.5636 -32.0462 15.438 13.3419 -33.6679 30.2447 12.8568 -33.5985 23.3259 13.353 -31.7423 16.6685 15.0533 -32.9335 24.6984 13.9439 -34.981 29.1217 13.7788 -33.4943 31.6709 13.4714 -35.1221 29.636 14.8043 -31.4619 14.642 14.8754 -33.2344 23.6198 14.4633 -34.1965 26.579 14.0947 -32.2422 21.2617 14.4075 -34.8101 27.8469 14.7176 -36.9946 33.145 15.9018 -18.9925 35.6326 27.3625 -20.4527 32.8287 27.8912 -20.463 29.9702 27.7736 -19.6343 31.6795 27.1953 -28.5197 37.0194 27.4057 -26.1538 35.8648 27.7391 -26.7923 37.624 27.2782 -24.8571 36.2696 27.4156 -25.4053 38.1493 27.741 -16.9038 19.7009 27.06 -14.6338 19.0942 28.0183 -16.1063 22.2318 27.5078 -17.5126 21.7157 27.0977 -18.1467 24.9321 27.771 -20.7579 23.209 27.463 -18.9997 25.3121 27.457 -26.0082 33.3907 27.3532 -25.7259 31.6107 27.203 -23.3122 33.3584 27.8698 -19.6612 36.5018 27.9945 -19.775 27.3807 27.4624 -19.009 28.7811 28.0577 -17.5465 31.2411 27.9765 -21.5618 34.2184 27.5119 -23.4916 35.5382 28.0166 -12.4356 22.7249 27.6471 -13.2169 24.0506 27.8036 -8.36545 20.2295 27.794 -15.24 26.3813 27.7524 -13.7412 27.4894 27.7496 -24.2047 27.149 28.0716 -22.4143 29.6082 27.7841 -20.5128 25.2803 28.0037 -26.9973 31.621 27.8984 -24.3793 31.2159 28.144 -26.7699 34.7112 28.201 -15.5563 28.6397 27.8761 -25.3627 26.526 27.9865 -28.0782 33.4739 28.0771 -23.0018 32.3804 27.6007 -21.4204 36.1167 27.8791 -20.9404 37.4142 27.5777 6.02823 12.2774 1.72189 11.559 14.0634 2.56516 1.94357 10.7832 2.18836 13.9176 10.8956 2.55641 12.6756 12.3362 1.93463 15.3856 13.959 2.30855 6.9946 9.92334 2.27222 15.7174 16.6442 3.20462 8.26578 12.6563 1.75718 9.84343 11.5768 2.08501 3.39256 9.64944 2.42122 0.95329 9.75873 2.52054 -1.3278 9.27586 2.4876 0.127366 10.3058 2.80195 8.05782 10.4238 3.07795 0.556158 7.88315 2.89997 3.93793 8.63969 2.39557 2.63951 6.33301 3.59749 6.03856 7.45789 3.0263 13.1124 8.98202 3.38211 3.84012 5.34718 3.78122 7.53003 6.9962 2.97256 8.76521 8.51244 2.95969 9.99778 9.25507 3.03418 15.3488 11.484 3.55312 14.5666 9.71826 4.00274 15.8274 13.5569 3.82399 15.9238 14.8147 3.38484 5.05029 6.08387 3.98049 -5.67088 7.08356 3.61605 11.916 7.99314 2.89463 10.2447 7.24915 3.25071 -2.00241 6.46721 3.82496 8.62422 7.12572 4.05711 12.2631 6.10873 4.08345 14.0304 7.81648 3.52965 15.4899 11.0765 4.49959 6.24124 5.56768 3.97424 7.55878 5.64533 3.82307 9.86024 5.42976 3.8633 -9.32066 6.57409 4.51389 17.9632 13.3978 4.92669 17.51 14.7042 4.05048 6.72682 4.42755 3.53555 2.11087 4.37523 3.50611 -0.622736 4.63776 3.93279 -0.474116 6.3778 4.05069 11.4286 3.14175 4.11448 6.23214 3.69365 3.96746 9.72964 4.48391 3.47792 11.8283 4.36449 4.08746 1.56732 3.45641 3.95805 -4.06258 4.66961 3.88045 -1.21952 4.43948 3.73933 -3.86268 3.73277 4.11852 -1.81537 5.29828 3.99321 -3.39911 6.66729 4.38543 -0.880416 2.81164 3.90496 0.428857 2.06275 4.14224 -4.79181 5.45204 4.67009 9.63038 2.64484 3.9775 7.82973 2.98604 3.98566 12.767 6.33858 4.64901 3.66771 1.81644 4.35076 3.14908 2.65483 4.10658 6.58601 0.896352 4.90551 7.75605 1.69464 4.98388 14.8456 8.80405 5.09133 15.772 9.86355 5.07235 -11.8202 6.22222 5.31599 -6.05465 2.73502 4.62222 -8.30233 4.91284 4.89678 8.78321 0.0648547 5.58557 -3.29979 1.5743 5.07102 11.6582 1.16659 5.48703 -1.99859 1.23937 5.45863 12.9387 6.88699 5.88534 17.8257 11.5678 5.20882 2.21033 1.97682 5.49684 -5.41557 1.37269 5.72026 -7.54891 3.44371 5.47193 1.73378 0.928599 4.7053 -0.147102 -0.640957 5.02664 4.09451 -0.152084 4.79942 5.22885 0.886593 5.24882 6.28748 -1.06102 5.00426 10.7286 0.144555 5.93511 1.86483 -0.782448 5.60606 2.65043 0.719075 5.5709 -4.06695 0.736164 5.60201 -11.7898 5.61539 6.23562 -2.74939 -1.2974 5.58864 11.7724 4.89638 6.22063 15.3249 8.50372 5.88012 6.20276 -2.50147 5.97162 2.59932 -2.70038 6.14702 -1.02623 -1.72535 6.11698 -9.97365 4.00594 6.14758 4.24186 -2.25423 6.28892 0.977235 -2.57517 5.92796 11.6103 3.39265 7.05386 -1.6776 -2.8521 6.39639 16.147 9.25581 7.15458 -3.92418 -1.22007 7.51335 1.08375 -3.97795 5.95704 2.51615 -3.75117 6.06178 11.4181 1.11348 6.65075 -1.04671 -4.16046 6.34954 4.20512 -3.42818 6.08423 3.78225 -5.03448 6.6305 8.67625 -3.30294 8.13475 14.6637 7.44894 7.46469 -7.4584 1.612 7.04794 12.8995 5.38569 7.06177 -0.300867 -5.94734 7.27006 -5.55436 0.0213349 6.91335 10.8796 -0.731702 7.56812 -12.2701 6.08552 7.02781 0.967244 -6.24508 7.33028 1.53479 -5.41198 7.34113 -9.47961 2.88316 7.7857 6.35842 -4.83821 7.24851 -10.3752 3.86373 7.47369 3.70756 -7.27626 8.04794 -4.05176 -2.29365 8.57572 -6.58361 0.27959 8.0358 11.3014 1.26361 8.71519 14.0428 4.63866 7.64276 -8.0212 1.78082 8.10203 1.11581 -7.44892 8.35837 -1.51716 -6.2719 9.06786 6.95679 -5.37307 8.40223 -3.57821 -4.63099 9.34081 9.71055 -2.58768 9.09191 13.813 4.54757 9.16399 -6.98835 0.438788 9.27402 -5.24709 -1.53075 9.95444 -13.5029 4.84836 8.89371 -13.569 3.71889 9.35496 7.35888 -4.57828 9.98397 14.3346 6.78277 9.84127 12.018 1.44537 10.0528 9.91114 -1.74506 10.5108 3.60883 -7.36904 9.58834 0.48118 -7.59183 9.88811 -10.7182 1.42194 10.1246 -4.88341 -2.86988 10.4381 4.57287 -5.37747 11.279 -15.8397 4.08848 10.9532 -6.15614 -3.8673 10.6432 -1.90732 -6.51758 11.324 -3.79119 -6.07663 10.639 -7.06436 -0.490008 11.0929 2.16015 -5.63129 11.5192 3.60893 -6.24772 11.1234 6.95085 -4.38213 11.536 -0.153274 -6.61459 11.0234 -7.29448 -3.03245 10.7173 11.374 0.339187 12.4271 -5.4108 -6.09475 11.6366 -14.0812 2.72545 11.784 -9.2888 0.186034 11.3261 -8.64806 -2.50234 11.5184 -11.5615 1.0427 11.7108 -6.61895 -5.16186 12.3475 -0.528094 -4.8754 11.8377 2.75748 -4.21102 11.7787 11.8176 1.26613 12.6443 13.1399 4.5326 11.1084 -3.10998 -4.33165 12.6894 -1.59453 -4.73554 12.4366 5.87841 -3.80358 12.8523 6.89196 -2.01829 13.3669 -10.9029 -0.770704 12.0122 8.88907 -0.345057 12.4996 -11.9699 0.155972 12.8833 -8.86749 -2.86576 12.5924 2.09286 -3.4721 12.8079 -5.70393 -4.8668 13.029 -15.1234 1.0831 13.7019 13.0551 3.17112 13.3183 -12.3156 -0.258449 13.7458 10.0199 1.15729 12.9386 0.934142 -4.06666 13.7442 -10.9104 -1.25183 14.8978 13.7074 6.41609 12.9102 7.66536 0.0966237 14.2178 -3.8642 -3.58267 14.6483 9.01984 0.553028 14.1061 -7.69665 -4.22242 14.3939 9.98015 1.64924 13.3625 6.61191 -1.49902 14.9822 11.3687 3.12275 14.8181 -1.46848 -4.43075 14.144 4.02016 -3.44497 14.2675 -9.05018 -3.65544 14.3821 12.8843 4.09611 14.2908 -5.56105 -4.43911 14.6385 10.8158 2.51077 15.4518 13.992 6.89236 14.7215 -13.6892 0.621704 15.8281 0.886933 -3.53774 15.9332 -1.402 -3.39162 15.5903 7.63736 0.300465 15.9499 9.26854 1.82063 15.9079 13.3342 4.28418 15.4218 -9.06563 -3.26849 15.7114 -15.3219 0.602548 15.7395 3.42238 -2.88781 16.3544 5.44711 -1.43975 15.9274 -10.2794 -1.39873 16.1731 -4.60208 -2.49565 16.5134 5.76132 -0.937248 16.2399 12.7441 4.21432 16.0307 -5.95951 -2.35999 16.9673 -13.2535 -0.600416 17.7429 12.3036 3.29703 16.5466 -16.8959 1.20612 16.8922 13.8748 5.7128 16.0126 -2.33436 -2.32463 16.568 8.90701 3.76559 16.7192 1.74707 -1.58181 16.5757 4.90512 -0.404456 16.5876 6.6476 1.23663 16.8119 4.16409 1.0921 16.7742 6.62841 2.87843 16.9725 12.7191 4.90762 17.6943 13.7348 6.80925 17.3814 -9.79992 -0.392752 17.5428 -8.53677 -0.407464 18.1611 -14.9326 0.146225 17.8163 10.595 3.96166 17.509 -0.768084 -1.17675 17.0089 1.41871 1.29211 16.8681 -4.21299 0.885017 18.0199 -5.19545 0.0911223 17.531 0.115027 1.69809 17.4985 3.62841 3.43028 17.975 7.04792 4.46229 18.4063 -1.88693 1.27478 17.5284 5.02119 4.90446 18.0479 2.54791 4.18369 17.5642 3.88544 5.04128 18.0824 10.7354 4.63537 18.1005 13.1901 5.73639 18.7429 -17.8309 1.29346 18.6146 -14.1573 0.773194 19.1377 -12.0997 1.65998 18.9146 -10.1642 0.690216 18.6426 -0.275127 4.88995 18.9768 -5.97919 3.1126 19.2476 -16.1168 0.465934 18.7565 9.0334 7.30242 19.8872 -4.10602 3.44104 19.4272 3.41564 7.46293 19.0864 5.01132 7.18647 19.9886 -2.97392 4.76968 19.3964 0.441847 6.9771 19.9041 11.469 7.3312 19.7758 -7.44782 3.18851 19.6841 -6.44551 3.68781 20.0285 -13.8674 2.81343 20.7944 -10.6414 3.48264 20.515 -1.63693 5.96966 19.8987 7.87941 8.29161 20.2434 -4.29071 4.67269 20.4091 4.0927 8.52531 20.9674 10.1969 9.18298 21.252 13.6173 7.08707 18.9058 11.6064 10.631 20.3048 -14.8029 3.28437 21.4504 1.0082 8.99754 21.7683 8.52427 9.46976 21.7807 10.933 12.5721 20.5449 -4.23826 8.21474 22.5601 -2.70005 9.12336 23.1035 -5.17217 6.10096 22.2065 9.13863 12.7531 22.2847 9.04149 11.268 21.59 10.7211 14.2346 21.6598 3.04913 10.0569 22.0661 -11.9936 3.73541 22.9645 -8.33932 3.92225 23.0255 -15.4741 3.45849 22.3554 -9.9432 4.05309 22.9874 -4.63644 8.00451 23.8922 0.158726 10.669 22.5484 5.7302 11.3245 22.674 7.43006 11.6148 23.0246 2.3791 11.7762 22.8508 4.23421 12.0881 22.8985 -3.32985 9.68637 23.4759 -2.26244 11.1219 22.6866 0.146819 12.0591 23.0325 -12.5888 7.83222 22.7584 -10.1629 7.08841 23.062 -10.3642 9.97276 22.6418 -6.33711 5.20116 23.7117 -4.32407 11.0215 23.4448 7.73924 11.33 24.6529 -5.86426 12.485 23.2683 -7.31164 12.3658 23.2642 -7.43969 9.9298 23.3068 -15.7092 4.76841 23.7194 -9.45623 10.9941 22.9978 -7.94276 5.21639 23.7213 0.780931 11.4398 24.5006 -5.88963 8.82206 24.3647 -2.27108 10.4776 24.7921 -6.24008 11.013 24.6492 1.67641 11.6182 26.2426 -0.125044 11.836 26.7902 -3.18599 10.8516 26.9032 -13.7458 12.3306 23.1249 -10.9438 13.6466 22.7987 -8.80504 13.385 23.3015 -7.99736 13.0187 22.9226 -13.9492 14.7936 23.267 -10.1524 14.4145 23.4486 -11.4994 14.4852 24.2383 -14.2971 15.4899 24.7991 -8.32974 11.7323 23.9515 -10.1637 13.528 24.7314 -13.1492 15.5135 25.1175 -10.0307 13.4162 25.5636 -8.97234 12.1689 25.8938 -12.6051 14.6106 26.1091 -10.3324 13.068 26.7131 -5.51836 11.0876 27.0733 -11.0912 13.9154 27.1075 -3.97352 11.1096 27.3169 -3.3949 13.6128 26.9676 -1.3617 15.3477 26.9059 -3.23722 20.9852 27.4639 -5.47445 19.1848 27.0515 -4.01493 18.2044 27.2462 -2.29227 19.7243 27.0223 0.352241 19.5608 27.2505 -12.2674 15.5231 27.6846 -4.35573 14.3424 27.3591 -8.82486 13.4558 27.6373 -6.04337 15.3482 27.1259 -6.01862 16.4187 27.5138 -1.81559 17.3168 27.1847 -8.34971 15.4057 27.6185 -6.71954 19.426 27.1192 -8.58202 18.586 27.23 -9.99784 17.4277 27.5835 -11.815 18.5598 27.3955 -16.4727 22.8832 2.705 -16.2964 20.3659 2.74284 -18.4137 20.8075 3.10571 -20.9432 21.9177 3.67616 -20.0387 22.9665 3.07809 -18.2111 23.837 3.3943 -15.6359 16.0568 3.48413 -17.4541 17.3122 3.04402 -19.2551 20.7351 3.28268 -20.5593 20.011 4.09055 -19.0078 16.531 3.79515 -18.0291 14.8667 4.30773 -19.7805 17.7614 3.51279 -18.9585 18.9976 3.82908 -22.3932 16.8953 4.45443 -23.2995 17.8903 4.40786 -21.9107 18.7936 4.66338 -19.9656 14.5543 4.19732 -18.6039 13.4342 4.02445 -22.5187 14.32 4.71415 -24.1118 19.519 4.91887 -25.9583 18.3152 4.7113 -26.4782 16.9407 5.23277 -21.2408 12.616 4.61295 -22.721 13.7849 4.83022 -21.8283 15.2964 5.20618 -24.8752 15.9165 5.63565 -23.2307 11.5506 5.16858 -23.9526 12.4502 4.98415 -25.6466 14.5489 5.21012 -23.5616 15.196 5.57462 -26.853 15.1116 5.62971 -25.6442 12.3549 6.14114 -27.0572 12.9079 7.17901 -28.2508 15.4809 7.2249 -26.049 12.5586 8.68369 -27.7675 14.9809 8.19891 -29.5783 15.9934 7.8023 -30.158 15.8555 9.37538 -27.3514 12.9457 9.45341 -28.0004 13.3274 10.4658 -25.1704 10.5783 10.7431 -31.1089 15.5488 10.0977 -29.889 13.3538 10.7554 -31.2209 14.7517 11.7403 -26.8608 10.7599 10.9377 -28.6987 13.5626 11.5103 -27.4991 9.50851 12.2556 -29.6865 14.4288 12.754 -29.676 12.2569 13.3821 -30.4559 13.2082 15.0426 -29.725 11.4046 14.8287 -30.6857 11.5448 17.114 -32.2134 13.8656 16.2192 -31.5148 19.1764 14.4209 -32.96 17.1445 16.3278 -33.6954 23.143 16.5049 -34.6647 25.4153 16.0265 -32.466 16.1872 17.1244 -33.468 20.1446 17.1741 -35.8952 28.968 16.2435 -32.9533 17.2754 17.8425 -31.6319 14.2185 18.2736 -36.9334 27.6108 18.1076 -34.7819 21.6166 18.0138 -37.8978 30.6286 19.4549 -30.3497 10.7374 18.4879 -33.0675 19.9451 18.1005 -35.9808 25.253 19.1947 -36.8407 26.3059 19.0592 -29.8373 11.7762 19.4272 -32.8375 17.7231 19.3557 -34.4535 20.097 19.2664 -35.8554 23.0534 20.2969 -35.1619 20.5562 20.1855 -33.271 19.9004 19.4777 -29.0167 8.89879 18.5726 -37.7297 28.9846 20.6325 -30.0243 13.9851 20.0415 -31.2513 17.6331 21.1443 -27.7251 8.8 19.9943 -33.5495 20.7184 20.9384 -28.8801 10.6688 21.3443 -30.2363 13.0368 21.1513 -36.6138 26.1965 21.2366 -34.76 20.9385 21.947 -31.7432 19.3969 23.1071 -25.7506 7.95282 21.1701 -30.9233 15.8031 21.7175 -37.6346 31.2831 21.6883 -25.9661 10.137 21.91 -34.9799 25.8564 23.6629 -30.9867 17.8067 23.6473 -24.1996 6.82611 22.0957 -33.9963 21.6111 22.4809 -34.05 23.7299 23.0818 -32.3863 21.7775 22.9249 -29.249 12.5165 22.7122 -30.5175 15.1715 22.4331 -26.3244 12.5232 22.2971 -36.5973 27.1441 23.218 -27.1035 13.3918 23.4228 -33.0423 23.527 23.6149 -30.5844 16.3335 23.2826 -36.3099 27.946 25.0589 -29.0619 15.8931 24.2648 -31.9053 22.5454 24.3003 -34.0263 26.0967 24.2431 -27.0117 16.3127 24.1153 -26.0745 15.5092 24.2003 -29.8669 20.1549 24.0646 -29.5258 16.9313 24.8724 -32.7535 25.848 25.619 -37.023 31.9963 24.7665 -25.2986 16.6516 24.169 -34.4399 26.5175 25.5585 -24.7669 16.596 25.3317 -29.8046 23.6432 25.7623 -31.1926 25.1322 26.2592 -28.8065 18.985 26.1181 -26.5196 17.7565 25.855 -32.6377 27.9581 25.9078 -35.2693 30.442 26.3493 -34.0731 30.1013 25.4622 -32.4227 30.106 26.2283 -35.2132 34.9637 26.8665 -33.2866 32.2369 26.3173 -28.3348 23.4054 26.9785 -31.5873 30.5041 26.7899 -25.4962 19.2764 27.0557 -30.9607 32.7817 27.0978 -26.5523 20.9382 26.9988 -25.0758 20.7466 26.988 -31.2503 26.3592 27.6448 -23.0084 20.1417 26.9866 -28.895 30.6922 27.4113 -25.3309 23.189 26.9474 -27.0162 26.4634 27.8244 -26.0386 27.0175 27.3831 -24.2269 23.5542 27.5848 -30.8979 28.873 27.5295 -28.7065 29.2514 27.8805 -29.985 35.1785 27.7263 -30.0207 27.1785 28.0523 -26.6877 27.386 27.8067 -23.9804 25.3135 28.1107 -24.2953 10.1114 22.5081 -22.8277 6.68194 22.5594 -22.3927 8.59631 22.8768 -24.5854 12.6707 22.8912 -23.4549 11.9579 22.9184 -21.5316 12.1677 24.0576 -24.7802 14.2725 23.1648 -21.6042 9.11819 24.5216 -17.1789 13.3219 24.2552 -16.5362 15.6737 23.6033 -24.2666 16.7164 24.0645 -16.0893 16.2094 24.326 -23.2784 14.7918 23.8415 -18.6662 16.7003 23.7419 -19.3869 14.3008 24.1389 -23.6006 16.237 24.1111 -21.4166 16.1976 24.5004 -15.1554 6.72453 23.7579 -16.5871 9.98533 24.8327 -19.6642 16.6194 25.3459 -19.4888 11.153 25.3021 -23.8624 16.7408 24.7521 -22.4959 15.855 25.2856 -16.6851 8.36732 24.1535 -23.687 17.7903 25.7337 -21.7167 17.1987 26.3405 -18.054 17.8364 26.0947 -14.9286 17.2059 25.6968 -14.8852 17.2959 26.7931 -23.8605 19.0305 27.0117 -22.4219 17.684 27.3432 -19.4494 18.367 27.195 -21.4627 19.3382 27.6133 -23.0218 21.809 27.4945 -19.968 20.2769 27.4952 -22.4662 23.9091 27.6896 16.2664 18.0773 3.93985 18.2384 16.6374 4.25318 17.8605 18.1532 3.95922 17.957 14.6208 4.76112 18.5255 17.6159 4.95273 19.236 14.9482 5.11399 20.5311 18.6195 5.43111 18.7919 12.5259 6.23868 20.461 17.1068 5.72954 21.2233 20.4071 5.8128 19.5742 15.6418 6.53116 19.7123 14.4517 6.99531 20.5301 19.1031 7.37349 22.5472 21.223 6.81206 17.9624 11.4089 7.92392 19.8618 16.7147 7.17166 19.575 15.4554 8.56804 22.5625 21.3895 7.73608 15.7022 8.79401 9.64238 20.4885 17.249 8.76091 21.4428 19.6432 8.32345 21.9939 20.7352 8.41206 23.5727 20.0804 8.29929 25.1381 21.4497 8.65749 22.7189 19.1861 9.0372 21.3247 20.1662 9.51214 23.9903 19.8805 10.2477 18.0866 13.7861 9.87364 18.6022 16.3319 11.2672 21.8005 18.377 10.3111 23.3182 18.374 10.9763 20.0077 16.8458 11.4558 16.0219 9.9643 12.3691 16.3241 10.7671 11.4066 17.4603 14.3424 11.5176 21.7911 16.0143 11.1465 21.8231 12.9409 11.1201 20.4073 15.0283 10.8443 25.5645 16.4352 10.9978 25.6897 18.0534 10.9648 18.8857 15.8222 12.4945 14.7901 7.8531 13.613 17.1458 12.6488 13.0132 26.2376 16.4084 12.596 17.5182 15.6714 13.4769 18.06 15.9003 13.9336 16.15 12.5614 14.6442 17.6653 15.0926 14.4839 25.0441 20.8552 10.6299 25.5024 22.4446 11.205 25.7504 19.3531 12.2698 26.6089 22.3557 12.4886 26.8504 18.7948 13.585 27.0113 20.9263 12.8764 26.8187 14.4023 14.6233 27.4751 22.6142 14.2863 26.2349 18.0786 14.6142 27.1361 25.1163 14.1366 27.1357 21.3145 15.3758 28.269 27.4206 16.3724 27.5466 23.2813 16.646 26.6898 18.7497 16.8938 27.0516 21.0763 17.3659 27.8602 25.6509 18.4518 26.7691 16.99 18.8792 27.2981 23.8661 18.5153 26.9007 21.4565 19.3933 27.5732 19.3158 20.6987 28.0449 21.3258 20.2628 26.0887 15.6087 21.2516 28.6721 24.1671 20.6851 27.9909 20.5805 21.7107 28.5288 20.109 23.2645 27.176 19.3218 24.5953 26.6258 20.8943 25.6581 -15.648 13.1679 3.60338 -12.5101 11.0261 3.84806 -17.1319 11.8146 3.99145 -16.513 10.6794 4.97346 -18.1165 10.9561 5.06112 -16.716 8.16767 5.65434 -19.8171 11.5128 5.46172 -20.2195 10.1585 5.55318 -14.8097 6.46141 6.4399 -18.8676 9.9856 5.32595 -22.3112 10.2675 6.51509 -23.6072 10.7053 6.44903 -18.4296 8.49752 6.70225 -16.7874 7.09727 6.71727 -20.9755 8.78832 7.65906 -17.1663 7.66659 8.07205 -14.9113 6.13206 7.89018 -22.8667 10.5939 7.94371 -17.1382 5.51817 9.47344 -23.0584 9.3601 9.36811 -20.9133 8.49121 9.26345 -23.5674 8.56163 10.9115 -21.453 6.85543 10.5982 -18.2746 4.84325 11.222 -22.1417 6.50274 11.0385 -23.9377 7.84976 11.2231 -18.5496 3.20142 12.65 -24.808 7.7681 12.5574 -21.8922 4.69565 12.1847 -23.9107 5.36243 13.129 -16.2573 2.37009 13.464 -21.1341 3.63221 14.1048 -27.4748 8.58576 13.7454 -18.5515 2.54614 14.7387 -22.1368 4.14346 14.1125 -19.5811 2.80595 16.1933 -25.6031 5.83768 14.8093 -18.3516 1.17788 14.9306 -21.9665 4.12437 15.8921 -27.9952 8.11159 15.3921 -18.6793 0.880225 15.9576 -25.2383 6.38699 17.9352 -26.898 6.74638 16.4618 -28.5684 9.16553 16.8568 -23.7745 4.62325 17.6153 -18.6649 2.22365 17.4369 -21.117 4.29421 17.8144 -19.1624 3.39046 17.8977 -27.5109 6.91814 17.7102 -19.0507 2.39318 19.2519 -27.8288 7.52797 18.7303 -23.8539 4.72091 19.3402 -19.653 4.45075 20.4586 -25.283 6.92533 20.1226 -20.7011 5.08276 21.7808 -19.1133 3.60807 21.523 -22.3425 5.6458 21.9143 -17.991 2.48191 21.4261 -19.1517 4.07535 22.1733 -21.2799 4.96391 22.8154 -22.0519 6.83587 23.8518 -16.5767 2.33986 20.5262 -19.3695 4.10768 23.0292 -17.4118 3.21503 22.233 -17.1807 3.14747 23.2542 -20.8184 4.67346 23.6798 -20.6252 5.17271 24.0813 -18.8534 5.30773 24.7277 -17.0234 4.16503 24.0993 -18.8944 8.19303 24.8228 -20.4056 7.47136 24.832 20.7035 12.937 11.6014 25.1486 13.6936 11.8133 23.0082 12.0925 12.1054 21.0935 12.4217 13.061 25.7307 12.6623 13.3617 19.703 13.9309 13.1024 22.5096 10.6578 12.8531 26.668 13.4705 13.91 25.5203 10.8742 13.4684 24.3652 10.1352 13.833 20.8848 12.0613 14.6056 26.5449 11.2542 15.2028 25.0443 8.6876 15.1616 22.6265 9.65875 15.8275 15.7312 14.6808 16.2461 26.5474 13.6661 15.7306 23.0924 8.16907 16.3592 18.8611 12.9058 15.5215 19.7762 10.6606 14.9379 21.36 9.16966 16.0717 26.5615 16.241 16.0254 17.2712 13.4916 16.5575 18.4874 11.8741 16.5656 27.2535 12.5857 17.214 15.4804 14.3647 17.9492 25.9659 9.24309 17.734 26.7484 14.7448 18.0034 20.3548 8.743 17.2923 21.4393 6.84793 16.6526 19.6547 5.86773 17.0028 17.9537 8.07486 17.0098 23.248 7.30867 17.5288 24.023 7.99225 17.8215 21.0045 6.84419 19.3355 18.4214 10.4634 17.842 17.233 11.2505 18.6605 24.471 9.78214 18.9118 26.8437 11.5403 19.4967 22.6605 8.23361 19.7835 27.0128 12.7976 20.825 23.6585 10.9802 21.649 21.9364 8.74498 20.7858 26.6202 14.8288 20.8905 24.138 11.5796 22.3687 18.6393 6.02929 19.6595 17.1909 8.98961 21.0458 17.7863 11.1868 22.6631 25.4915 12.8435 22.6324 21.7687 11.1073 22.9006 25.5587 14.9407 22.8667 15.8432 11.0976 22.6214 17.4643 12.0935 22.4866 22.9897 13.715 23.4153 21.496 12.5537 24.3056 25.3086 15.0504 24.1534 23.0113 14.8432 24.5031 25.9891 18.2044 24.8462 24.3888 19.3634 25.5337 11.5067 15.2191 21.5929 13.9481 15.0682 19.6182 13.315 16.5227 20.6453 14.4893 13.9702 20.7152 12.2898 17.2005 20.8002 13.5692 14.68 22.5752 12.0292 16.3377 22.6417 11.4625 14.0029 23.4878 12.2002 14.7928 24.7996 11.57 12.3173 22.9616 9.63173 10.754 23.8923 11.8414 12.011 24.6577 5.29868 11.6899 24.7042 12.1522 13.3726 25.2764 10.4854 11.8167 25.5002 3.89013 11.8778 26.624 9.45042 13.0073 26.3333 11.7558 13.5407 25.8976 5.98227 12.9188 26.5369 11.9605 17.1684 26.2074 1.55115 14.0758 26.7626 6.3606 17.1485 26.6212 2.25182 16.6292 26.9672 4.07221 18.0545 26.8892 13.8338 12.6347 22.1922 14.2158 14.5657 22.9672 14.7831 11.1816 22.192 16.8583 14.3143 22.7638 16.3677 16.0889 23.0474 12.4228 17.6095 23.7331 18.2829 11.8108 24.1491 17.6138 14.1386 23.2015 13.7403 18.1859 23.7114 15.7778 18.0844 23.8565 18.744 13.9093 25.0474 17.8001 15.7295 25.3207 12.6873 19.9835 25.1101 13.8413 21.065 25.9523 12.6107 17.5109 25.6883 15.3255 19.1351 25.3416 19.7152 15.0996 25.0311 22.2376 16.1642 25.0265 24.0083 22.0395 25.1328 23.0897 21.0997 25.5543 19.8203 16.8388 25.9471 14.7266 23.1781 25.5878 16.425 22.4906 26.0386 17.2533 17.3924 26.0037 21.4929 18.7452 25.9073 11.6915 20.2106 26.0836 19.4641 18.2065 25.7193 20.7755 21.0653 25.7861 11.9797 21.9878 25.822 15.8587 23.4519 26.0099 10.4738 22.1562 26.4887 11.2839 23.5137 26.0276 8.67466 20.8999 26.3783 5.69333 20.5915 26.6278 9.54532 18.6942 26.3106 5.50789 21.3921 26.6109 6.54031 22.5217 26.9238 5.73737 23.6848 26.4354 15.71 10.9829 14.6108 14.632 9.45933 16.3614 15.0072 12.8628 16.2817 14.977 9.71235 18.0133 14.2602 7.74953 18.1486 14.0582 13.2074 19.1679 14.2617 11.406 18.926 14.5493 13.2081 19.5065 12.8392 9.74192 19.0821 12.1553 13.8493 20.0315 14.7056 11.8352 20.3659 15.6141 6.90852 17.4061 14.8103 11.3249 19.1057 16.3558 6.44766 17.5816 17.8308 5.03979 17.5473 15.9719 5.17015 18.9917 16.1269 5.9676 19.637 15.6573 8.11882 20.3306 14.0174 7.11325 19.5827 13.7608 9.04714 18.5417 14.5219 9.35423 19.359 14.4267 9.66489 21.0443"/>
    <ColorRGBA color="1 1 1 1 1 1 1 1 1 1 1 1 1 1 1 1 1 1 1 1 1 1 1 1 1 1 1 1 1 1 1 1 1 1 1 1 1 1 1 1 1 1 1 1 1 1 1 1 1 1 1 1 1 1 1 1 1 1 1 1 1 1 1 1 1 1 1 1 1 1 1 1 1 1 1 1 1 1 1 1 1 1 1 1 1 1 1 1 1 1 1 1 1 1 1 1 1 1 1 1 1 1 1 1 1 1 1 1 1 1 1 1 1 1 1 1 1 1 1 1 1 1 1 1 1 1 1 1 1 1 1 1 1 1 1 1 1 1 1 1 1 1 1 1 1 1 1 1 1 1 1 1 1 1 1 1 1 1 1 1 1 1 1 1 1 1 1 1 1 1 1 1 1 1 1 1 1 1 1 1 1 1 1 1 1 1 1 1 1 1 1 1 1 1 1 1 1 1 1 1 1 1 1 1 1 1 1 1 1 1 1 1 1 1 1 1 1 1 1 1 1 1 1 1 1 1 1 1 1 1 1 1 1 1 1 1 1 1 1 1 1 1 1 1 1 1 1 1 1 1 1 1 1 1 1 1 1 1 1 1 1 1 1 1 1 1 1 1 1 1 1 1 1 1 1 1 1 1 1 1 1 1 1 1 1 1 1 1 1 1 1 1 1 1 1 1 1 1 1 1 1 1 1 1 1 1 1 1 1 1 1 1 1 1 1 1 1 1 1 1 1 1 1 1 1 1 1 1 1 1 1 1 1 1 1 1 1 1 1 1 1 1 1 1 1 1 1 1 1 1 1 1 1 1 1 1 1 1 1 1 1 1 1 1 1 1 1 1 1 1 1 1 1 1 1 1 1 1 1 1 1 1 1 1 1 1 1 1 1 1 1 1 1 1 1 1 1 1 1 1 1 1 1 1 1 1 1 1 1 1 1 1 1 1 1 1 1 1 1 1 1 1 1 1 1 1 1 1 1 1 1 1 1 1 1 1 1 1 1 1 1 1 1 1 1 1 1 1 1 1 1 1 1 1 1 1 1 1 1 1 1 1 1 1 1 1 1 1 1 1 1 1 1 1 1 1 1 1 1 1 1 1 1 1 1 1 1 1 1 1 1 1 1 1 1 1 1 1 1 1 1 1 1 1 1 1 1 1 1 1 1 1 1 1 1 1 1 1 1 1 1 1 1 1 1 1 1 1 1 1 1 1 1 1 1 1 1 1 1 1 1 1 1 1 1 1 1 1 1 1 1 1 1 1 1 1 1 1 1 1 1 1 1 1 1 1 1 1 1 1 1 1 1 1 1 1 1 1 1 1 1 1 1 1 1 1 1 1 1 1 1 1 1 1 1 1 1 1 1 1 1 1 1 1 1 1 1 1 1 1 1 1 1 1 1 1 1 1 1 1 1 1 1 1 1 1 1 1 1 1 1 1 1 1 1 1 1 1 1 1 1 1 1 1 1 1 1 1 1 1 1 1 1 1 1 1 1 1 1 1 1 1 1 1 1 1 1 1 1 1 1 1 1 1 1 1 1 1 1 1 1 1 1 1 1 1 1 1 1 1 1 1 1 1 1 1 1 1 1 1 1 1 1 1 1 1 1 1 1 1 1 1 1 1 1 1 1 1 1 1 1 1 1 1 1 1 1 1 1 1 1 1 1 1 1 1 1 1 1 1 1 1 1 1 1 1 1 1 1 1 1 1 1 1 1 1 1 1 1 1 1 1 1 1 1 1 1 1 1 1 1 1 1 1 1 1 1 1 1 1 1 1 1 1 1 1 1 1 1 1 1 1 1 1 1 1 1 1 1 1 1 1 1 1 1 1 1 1 1 1 1 1 1 1 1 1 1 1 1 1 1 1 1 1 1 1 1 1 1 1 1 1 1 1 1 1 1 1 1 1 1 1 1 1 1 1 1 1 1 1 1 1 1 1 1 1 1 1 1 1 1 1 1 1 1 1 1 1 1 1 1 1 1 1 1 1 1 1 1 1 1 1 1 1 1 1 1 1 1 1 1 1 1 1 1 1 1 1 1 1 1 1 1 1 1 1 1 1 1 1 1 1 1 1 1 1 1 1 1 1 1 1 1 1 1 1 1 1 1 1 1 1 1 1 1 1 1 1 1 1 1 1 1 1 1 1 1 1 1 1 1 1 1 1 1 1 1 1 1 1 1 1 1 1 1 1 1 1 1 1 1 1 1 1 1 1 1 1 1 1 1 1 1 1 1 1 1 1 1 1 1 1 1 1 1 1 1 1 1 1 1 1 1 1 1 1 1 1 1 1 1 1 1 1 1 1 1 1 1 1 1 1 1 1 1 1 1 1 1 1 1 1 1 1 1 1 1 1 1 1 1 1 1 1 1 1 1 1 1 1 1 1 1 1 1 1 1 1 1 1 1 1 1 1 1 1 1 1 1 1 1 1 1 1 1 1 1 1 1 1 1 1 1 1 1 1 1 1 1 1 1 1 1 1 1 1 1 1 1 1 1 1 1 1 1 1 1 1 1 1 1 1 1 1 1 1 1 1 1 1 1 1 1 1 1 1 1 1 1 1 1 1 1 1 1 1 1 1 1 1 1 1 1 1 1 1 1 1 1 1 1 1 1 1 1 1 1 1 1 1 1 1 1 1 1 1 1 1 1 1 1 1 1 1 1 1 1 1 1 1 1 1 1 1 1 1 1 1 1 1 1 1 1 1 1 1 1 1 1 1 1 1 1 1 1 1 1 1 1 1 1 1 1 1 1 1 1 1 1 1 1 1 1 1 1 1 1 1 1 1 1 1 1 1 1 1 1 1 1 1 1 1 1 1 1 1 1 1 1 1 1 1 1 1 1 1 1 1 1 1 1 1 1 1 1 1 1 1 1 1 1 1 1 1 1 1 1 1 1 1 1 1 1 1 1 1 1 1 1 1 1 1 1 1 1 1 1 1 1 1 1 1 1 1 1 1 1 1 1 1 1 1 1 1 1 1 1 1 1 1 1 1 1 1 1 1 1 1 1 1 1 1 1 1 1 1 1 1 1 1 1 1 1 1 1 1 1 1 1 1 1 1 1 1 1 1 1 1 1 1 1 1 1 1 1 1 1 1 1 1 1 1 1 1 1 1 1 1 1 1 1 1 1 1 1 1 1 1 1 1 1 1 1 1 1 1 1 1 1 1 1 1 1 1 1 1 1 1 1 1 1 1 1 1 1 1 1 1 1 1 1 1 1 1 1 1 1 1 1 1 1 1 1 1 1 1 1 1 1 1 1 1 1 1 1 1 1 1 1 1 1 1 1 1 1 1 1 1 1 1 1 1 1 1 1 1 1 1 1 1 1 1 1 1 1 1 1 1 1 1 1 1 1 1 1 1 1 1 1 1 1 1 1 1 1 1 1 1 1 1 1 1 1 1 1 1 1 1 1 1 1 1 1 1 1 1 1 1 1 1 1 1 1 1 1 1 1 1 1 1 1 1 1 1 1 1 1 1 1 1 1 1 1 1 1 1 1 1 1 1 1 1 1 1 1 1 1 1 1 1 1 1 1 1 1 1 1 1 1 1 1 1 1 1 1 1 1 1 1 1 1 1 1 1 1 1 1 1 1 1 1 1 1 1 1 1 1 1 1 1 1 1 1 1 1 1 1 1 1 1 1 1 1 1 1 1 1 1 1 1 1 1 1 1 1 1 1 1 1 1 1 1 1 1 1 1 1 1 1 1 1 1 1 1 1 1 1 1 1 1 1 1 1 1 1 1 1 1 1 1 1 1 1 1 1 1 1 1 1 1 1 1 1 1 1 1 1 1 1 1 1 1 1 1 1 1 1 1 1 1 1 1 1 1 1 1 1 1 1 1 1 1 1 1 1 1 1 1 1 1 1 1 1 1 1 1 1 1 1 1 1 1 1 1 1 1 1 1 1 1 1 1 1 1 1 1 1 1 1 1 1 1 1 1 1 1 1 1 1 1 1 1 1 1 1 1 1 1 1 1 1 1 1 1 1 1 1 1 1 1 1 1 1 1 1 1 1 1 1 1 1 1 1 1 1 1 1 1 1 1 1 1 1 1 1 1 1 1 1 1 1 1 1 1 1 1 1 1 1 1 1 1 1 1 1 1 1 1 1 1 1 1 1 1 1 1 1 1 1 1 1 1 1 1 1 1 1 1 1 1 1 1 1 1 1 1 1 1 1 1 1 1 1 1 1 1 1 1 1 1 1 1 1 1 1 1 1 1 1 1 1 1 1 1 1 1 1 1 1 1 1 1 1 1 1 1 1 1 1 1 1 1 1 1 1 1 1 1 1 1 1 1 1 1 1 1 1 1 1 1 1 1 1 1 1 1 1 1 1 1 1 1 1 1 1 1 1 1 1 1 1 1 1 1 1 1 1 1 1 1 1 1 1 1 1 1 1 1 1 1 1 1 1 1 1 1 1 1 1 1 1 1 1 1 1 1 1 1 1 1 1 1 1 1 1 1 1 1 1 1 1 1 1 1 1 1 1 1 1 1 1 1 1 1 1 1 1 1 1 1 1 1 1 1 1 1 1 1 1 1 1 1 1 1 1 1 1 1 1 1 1 1 1 1 1 1 1 1 1 1 1 1 1 1 1 1 1 1 1 1 1 1 1 1 1 1 1 1 1 1 1 1 1 1 1 1 1 1 1 1 1 1 1 1 1 1 1 1 1 1 1 1 1 1 1 1 1 1 1 1 1 1 1 1 1 1 1 1 1 1 1 1 1 1 1 1 1 1 1 1 1 1 1 1 1 1 1 1 1 1 1 1 1 1 1 1 1 1 1 1 1 1 1 1 1 1 1 1 1 1 1 1 1 1 1 1 1 1 1 1 1 1 1 1 1 1 1 1 1 1 1 1 1 1 1 1 1 1 1 1 1 1 1 1 1 1 1 1 1 1 1 1 1 1 1 1 1 1 1 1 1 1 1 1 1 1 1 1 1 1 1 1 1 1 1 1 1 1 1 1 1 1 1 1 1 1 1 1 1 1 1 1 1 1 1 1 1 1 1 1 1 1 1 1 1 1 1 1 1 1 1 1 1 1 1 1 1 1 1 1 1 1 1 1 1 1 1 1 1 1 1 1 1 1 1 1 1 1 1 1 1 1 1 1 1 1 1 1 1 1 1 1 1 1 1 1 1 1 1 1 1 1 1 1 1 1 1 1 1 1 1 1 1 1 1 1 1 1 1 1 1 1 1 1 1 1 1 1 1 1 1 1 1 1 1 1 1 1 1 1 1 1 1 1 1 1 1 1 1 1 1 1 1 1 1 1 1 1 1 1 1 1 1 1 1 1 1 1 1 1 1 1 1 1 1 1 1 1 1 1 1 1 1 1 1 1 1 1 1 1 1 1 1 1 1 1 1 1 1 1 1 1 1 1 1 1 1 1 1 1 1 1 1 1 1 1 1 1 1 1 1 1 1 1 1 1 1 1 1 1 1 1 1 1 1 1 1 1 1 1 1 1 1 1 1 1 1 1 1 1 1 1 1 1 1 1 1 1 1 1 1 1 1 1 1 1 1 1 1 1 1 1 1 1 1 1 1 1 1 1 1 1 1 1 1 1 1 1 1 1 1 1 1 1 1 1 1 1 1 1 1 1 1 1 1 1 1 1 1 1 1 1 1 1 1 1 1 1 1 1 1 1 1 1 1 1 1 1 1 1 1 1 1 1 1 1 1 1 1 1 1 1 1 1 1 1 1 1 1 1 1 1 1 1 1 1 1 1 1 1 1 1 1 1 1 1 1 1 1 1 1 1 1 1 1 1 1 1 1 1 1 1 1 1 1 1 1 1 1 1 1 1 1 1 1 1 1 1 1 1 1 1 1 1 1 1 1 1 1 1 1 1 1 1 1 1 1 1 1 1 1 1 1 1 1 1 1 1 1 1 1 1 1 1 1 1 1 1 1 1 1 1 1 1 1 1 1 1 1 1 1 1 1 1 1 1 1 1 1 1 1 1 1 1 1 1 1 1 1 1 1 1 1 1 1 1 1 1 1 1 1 1 1 1 1 1 1 1 1 1 1 1 1 1 1 1 1 1 1 1 1 1 1 1 1 1 1 1 1 1 1 1 1 1 1 1 1 1 1 1 1 1 1 1 1 1 1 1 1 1 1 1 1 1 1 1 1 1 1 1 1 1 1 1 1 1 1 1 1 1 1 1 1 1 1 1 1 1 1 1 1 1 1 1 1 1 1 1 1 1 1 1 1 1 1 1 1 1 1 1 1 1 1 1 1 1 1 1 1 1 1 1 1 1 1 1 1 1 1 1 1 1 1 1 1 1 1 1 1 1 1 1 1 1 1 1 1 1 1 1 1 1 1 1 1 1 1 1 1 1 1 1 1 1 1 1 1 1 1 1 1 1 1 1 1 1 1 1 1 1 1 1 1 1 1 1 1 1 1 1 1 1 1 1 1 1 1 1 1 1 1 1 1 1 1 1 1 1 1 1 1 1 1 1 1 1 1 1 1 1 1 1 1 1 1 1 1 1 1 1 1 1 1 1 1 1 1 1 1 1 1 1 1 1 1 1 1 1 1 1 1 1 1 1 1 1 1 1 1 1 1 1 1 1 1 1 1 1 1 1 1 1 1 1 1 1 1 1 1 1 1 1 1 1 1 1 1 1 1 1 1 1 1 1 1 1 1 1 1 1 1 1 1 1 1 1 1 1 1 1 1 1 1 1 1 1 1 1 1 1 1 1 1 1 1 1 1 1 1 1 1 1 1 1 1 1 1 1 1 1 1 1 1 1 1 1 1 1 1 1 1 1 1 1 1 1 1 1 1 1 1 1 1 1 1 1 1 1 1 1 1 1 1 1 1 1 1 1 1 1 1 1 1 1 1 1 1 1 1 1 1 1 1 1 1 1 1 1 1 1 1 1 1 1 1 1 1 1 1 1 1 1 1 1 1 1 1 1 1 1 1 1 1 1 1 1 1 1 1 1 1 1 1 1 1 1 1 1 1 1 1 1 1 1 1 1 1 1 1 1 1 1 1 1 1 1 1 1 1 1 1 1 1 1 1 1 1 1 1 1 1 1 1 1 1 1 1 1 1 1 1 1 1 1 1 1 1 1 1 1 1 1 1 1 1 1 1 1 1 1 1 1 1 1 1 1 1 1 1 1 1 1 1 1 1 1 1 1 1 1 1 1 1 1 1 1 1 1 1 1 1 1 1 1 1 1 1 1 1 1 1 1 1 1 1 1 1 1 1 1 1 1 1 1 1 1 1 1 1 1 1 1 1 1 1 1 1 1 1 1 1 1 1 1 1 1 1 1 1 1 1 1 1 1 1 1 1 1 1 1 1 1 1 1 1 1 1 1 1 1 1 1 1 1 1 1 1 1 1 1 1 1 1 1 1 1 1 1 1 1 1 1 1 1 1 1 1 1 1 1 1 1 1 1 1 1 1 1 1 1 1 1 1 1 1 1 1 1 1 1 1 1 1 1 1 1 1 1 1 1 1 1 1 1 1 1 1 1 1 1 1 1 1 1 1 1 1 1 1 1 1 1 1 1 1 1 1 1 1 1 1 1 1 1 1 1 1 1 1 1 1 1 1 1 1 1 1 1 1 1 1 1 1 1 1 1 1 1 1 1 1 1 1 1 1 1 1 1 1 1 1 1 1 1 1 1 1 1 1 1 1 1 1 1 1 1 1 1 1 1 1 1 1 1 1 1 1 1 1 1 1 1 1 1 1 1 1 1 1 1 1 1 1 1 1 1 1 1 1 1 1 1 1 1 1 1 1 1 1 1 1 1 1 1 1 1 1 1 1 1 1 1 1 1 1 1 1 1 1 1 1 1 1 1 1 1 1 1 1 1 1 1 1 1 1 1 1 1 1 1 1 1 1 1 1 1 1 1 1 1 1 1 1 1 1 1 1 1 1 1 1 1 1 1 1 1 1 1 1 1 1 1 1 1 1 1 1 1 1 1 1 1 1 1 1 1 1 1 1 1 1 1 1 1 1 1 1 1 1 1 1 1 1 1 1 1 1 1 1 1 1 1 1 1 1 1 1 1 1 1 1 1 1 1 1 1 1 1 1 1 1 1 1 1 1 1 1 1 1 1 1 1 1 1 1 1 1 1 1 1 1 1 1 1 1 1 1 1 1 1 1 1 1 1 1 1 1 1 1 1 1 1 1 1 1 1 1 1 1 1 1 1 1 1 1 1 1 1 1 1 1 1 1 1 1 1 1 1 1 1 1 1 1 1 1 1 1 1 1 1 1 1 1 1 1 1 1 1 1 1 1 1 1 1 1 1 1 1 1 1 1 1 1 1 1 1 1 1 1 1 1 1 1 1 1 1 1 1 1 1 1 1 1 1 1 1 1 1 1 1 1 1 1 1 1 1 1 1 1 1 1 1 1 1 1 1 1 1 1 1 1 1 1 1 1 1 1 1 1 1 1 1 1 1 1 1 1 1 1 1 1 1 1 1 1 1 1 1 1 1 1 1 1 1 1 1 1 1 1 1 1 1 1 1 1 1 1 1 1 1 1 1 1 1 1 1 1 1 1 1 1 1 1 1 1 1 1 1 1 1 1 1 1 1 1 1 1 1 1 1 1 1 1 1 1 1 1 1 1 1 1 1 1 1 1 1 1 1 1 1 1 1 1 1 1 1 1 1 1 1 1 1 1 1 1 1 1 1 1 1 1 1 1 1 1 1 1 1 1 1 1 1 1 1 1 1 1 1 1 1 1 1 1 1 1 1 1 1 1 1 1 1 1 1 1 1 1 1 1 1 1 1 1 1 1 1 1 1 1 1 1 1 1 1 1 1 1 1 1 1 1 1 1 1 1 1 1 1 1 1 1 1 1 1 1 1 1 1 1 1 1 1 1 1 1 1 1 1 1 1 1 1 1 1 1 1 1 1 1 1 1 1 1 1 1 1 1 1 1 1 1 1 1 1 1 1 1 1 1 1 1 1 1 1 1 1 1 1 1 1 1 1 1 1 1 1 1 1 1 1 1 1 1 1 1 1 1 1 1 1 1 1 1 1 1 1 1 1 1 1 1 1 1 1 1 1 1 1 1 1 1 1 1 1 1 1 1 1 1 1 1 1 1 1 1 1 1 1 1 1 1 1 1 1 1 1 1 1 1 1 1 1 1 1 1 1 1 1 1 1 1 1 1 1 1 1 1 1 1 1 1 1 1 1 1 1 1 1 1 1 1 1 1 1 1 1 1 1 1 1 1 1 1 1 1 1 1 1 1 1 1 1 1 1 1 1 1 1 1 1 1 1 1 1 1 1 1 1 1 1 1 1 1 1 1 1 1 1 1 1 1 1 1 1 1 1 1 1 1 1 1 1 1 1 1 1 1 1 1 1 1 1 1 1 1 1 1 1 1 1 1 1 1 1 1 1 1 1 1 1 1 1 1 1 1 1 1 1 1 1 1 1 1 1 1 1 1 1 1 1 1 1 1 1 1 1 1 1 1 1 1 1 1 1 1 1 1 1 1 1 1 1 1 1 1 1 1 1 1 1 1 1 1 1 1 1 1 1 1 1 1 1 1 1 1 1 1 1 1 1 1 1 1 1 1 1 1 1 1 1 1 1 1 1 1 1 1 1 1 1 1 1 1 1 1 1 1 1 1 1 1 1 1 1 1 1 1 1 1 1 1 1 1 1 1 1 1 1 1 1 1 1 1 1 1 1 1 1 1 1 1 1 1 1 1 1 1 1 1 1 1 1 1 1 1 1 1 1 1 1 1 1 1 1 1 1 1 1 1 1 1 1 1 1 1 1 1 1 1 1 1 1 1 1 1 1 1 1 1 1 1 1 1 1 1 1 1 1 1 1 1 1 1 1 1 1 1 1 1 1 1 1 1 1 1 1 1 1 1 1 1 1 1 1 1 1 1 1 1 1 1 1 1 1 1 1 1 1 1 1 1 1 1 1 1 1 1 1 1 1 1 1 1 1 1 1 1 1 1 1 1 1 1 1 1 1 1 1 1 1 1 1 1 1 1 1 1 1 1 1 1 1 1 1 1 1 1 1 1 1 1 1 1 1 1 1 1 1 1 1 1 1 1 1 1 1 1 1 1 1 1 1 1 1 1 1 1 1 1 1 1 1 1 1 1 1 1 1 1 1 1 1 1 1 1 1 1 1 1 1 1 1 1 1 1 1 1 1 1 1 1 1 1 1 1 1 1 1 1 1 1 1 1 1 1 1 1 1 1 1 1 1 1 1 1 1 1 1 1 1 1 1 1 1 1 1 1 1 1 1 1 1 1 1 1 1 1 1 1 1 1 1 1 1 1 1 1 1 1 1 1 1 1 1 1 1 1 1 1 1 1 1 1 1 1 1 1 1 1 1 1 1 1 1 1 1 1 1 1 1 1 1 1 1 1 1 1 1 1 1 1 1 1 1 1 1 1 1 1 1 1 1 1 1 1 1 1 1 1 1 1 1 1 1 1 1 1 1 1 1 1 1 1 1 1 1 1 1 1 1 1 1 1 1 1 1 1 1 1 1 1 1 1 1 1 1 1 1 1 1 1 1 1 1 1 1 1 1 1 1 1 1 1 1 1 1 1 1 1 1 1 1 1 1 1 1 1 1 1 1 1 1 1 1 1 1 1 1 1 1 1 1 1 1 1 1 1 1 1 1 1 1 1 1 1 1 1 1 1 1 1 1 1 1 1 1 1 1 1 1 1 1 1 1 1 1 1 1 1 1 1 1 1 1 1 1 1 1 1 1 1 1 1 1 1 1 1 1 1 1 1 1 1 1 1 1 1 1 1 1 1 1 1 1 1 1 1 1 1 1 1 1 1 1 1 1 1 1 1 1 1 1 1 1 1 1 1 1 1 1 1 1 1 1 1 1 1 1 1 1 1 1 1 1 1 1 1 1 1 1 1 1 1 1 1 1 1 1 1 1 1 1 1 1 1 1 1 1 1 1 1 1 1 1 1 1 1 1 1 1 1 1 1 1 1 1 1 1 1 1 1 1 1 1 1 1 1 1 1 1 1 1 1 1 1 1 1 1 1 1 1 1 1 1 1 1 1 1 1 1 1 1 1 1 1 1 1 1 1 1 1 1 1 1 1 1 1 1 1 1 1 1 1 1 1 1 1 1 1 1 1 1 1 1 1 1 1 1 1 1 1 1 1 1 1 1 1 1 1 1 1 1 1 1 1 1 1 1 1 1 1 1 1 1 1 1 1 1 1 1 1 1 1 1 1 1 1 1 1 1 1 1 1 1 1 1 1 1 1 1 1 1 1 1 1 1 1 1 1 1 1 1 1 1 1 1 1 1 1 1 1 1 1 1 1 1 1 1 1 1 1 1 1 1 1 1 1 1 1 1 1 1 1 1 1 1 1 1 1 1 1 1 1 1 1 1 1 1 1 1 1 1 1 1 1 1 1 1 1 1 1 1 1 1 1 1 1 1 1 1 1 1 1 1 1 1 1 1 1 1 1 1 1 1 1 1 1 1 1 1 1 1 1 1 1 1 1 1 1 1 1 1 1 1 1 1 1 1 1 1 1 1 1 1 1 1 1 1 1 1 1 1 1 1 1 1 1 1 1 1 1 1 1 1 1 1 1 1 1 1 1 1 1 1 1 1 1 1 1 1 1 1 1 1 1 1 1 1 1 1 1 1 1 1 1 1 1 1 1 1 1 1 1 1 1 1 1 1 1 1 1 1 1 1 1 1 1 1 1 1 1 1 1 1 1 1 1 1 1 1 1 1 1 1 1 1 1 1 1 1 1 1 1 1 1 1 1 1 1 1 1 1 1 1 1 1 1 1 1 1 1 1 1 1 1 1 1 1 1 1 1 1 1 1 1 1 1 1 1 1 1 1 1 1 1 1 1 1 1 1 1 1 1 1 1 1 1 1 1 1 1 1 1 1 1 1 1 1 1 1 1 1 1 1 1 1 1 1 1 1 1 1 1 1 1 1 1 1 1 1 1 1 1 1 1 1 1 1 1 1 1 1 1 1 1 1 1 1 1 1 1 1 1 1 1 1 1 1 1 1 1 1 1 1 1 1 1 1 1 1 1 1 1 1 1 1 1 1 1 1 1 1 1 1 1 1 1 1 1 1 1 1 1 1 1 1 1 1 1 1 1 1 1 1 1 1 1 1 1 1 1 1 1 1 1 1 1 1 1 1 1 1 1 1 1 1 1 1 1 1 1 1 1 1 1 1 1 1 1 1 1 1 1 1 1 1 1 1 1 1 1 1 1 1 1 1 1 1 1 1 1 1 1 1 1 1 1 1 1 1 1 1 1 1 1 1 1 1 1 1 1 1 1 1 1 1 1 1 1 1 1 1 1 1 1 1 1 1 1 1 1 1 1 1 1 1 1 1 1 1 1 1 1 1 1 1 1 1 1 1 1 1 1 1 1 1 1 1 1 1 1 1 1 1 1 1 1 1 1 1 1 1 1 1 1 1 1 1 1 1 1 1 1 1 1 1 1 1 1 1 1 1 1 1 1 1 1 1 1 1 1 1 1 1 1 1 1 1 1 1 1 1 1 1 1 1 1 1 1 1 1 1 1 1 1 1 1 1 1 1 1 1 1 1 1 1 1 1 1 1 1 1 1 1 1 1 1 1 1 1 1 1 1 1 1 1 1 1 1 1 1 1 1 1 1 1 1 1 1 1 1 1 1 1 1 1 1 1 1 1 1 1 1 1 1 1 1 1 1 1 1 1 1 1 1 1 1 1 1 1 1 1 1 1 1 1 1 1 1 1 1 1 1 1 1 1 1 1 1 1 1 1 1 1 1 1 1 1 1 1 1 1 1 1 1 1 1 1 1 1 1 1 1 1 1 1 1 1 1 1 1 1 1 1 1 1 1 1 1 1 1 1 1 1 1 1 1 1 1 1 1 1 1 1 1 1 1 1 1 1 1 1 1 1 1 1 1 1 1 1 1 1 1 1 1 1 1 1 1 1 1 1 1 1 1 1 1 1 1 1 1 1 1 1 1 1 1 1 1 1 1 1 1 1 1 1 1 1 1 1 1 1 1 1 1 1 1 1 1 1 1 1 1 1 1 1 1 1 1 1 1 1 1 1 1 1 1 1 1 1 1 1 1 1 1 1 1 1 1 1 1 1 1 1 1 1 1 1 1 1 1 1 1 1 1 1 1 1 1 1 1 1 1 1 1 1 1 1 1 1 1 1 1 1 1 1 1 1 1 1 1 1 1 1 1 1 1 1 1 1 1 1 1 1 1 1 1 1 1 1 1 1 1 1 1 1 1 1 1 1 1 1 1 1 1 1 1 1 1 1 1 1 1 1 1 1 1 1 1 1 1 1 1 1 1 1 1 1 1 1 1 1 1 1 1 1 1 1 1 1 1 1 1 1 1 1 1 1 1 1 1 1 1 1 1 1 1 1 1 1 1 1 1 1 1 1 1 1 1 1 1 1 1 1 1 1 1 1 1 1 1 1 1 1 1 1 1 1 1 1 1 1 1 1 1 1 1 1 1 1 1 1 1 1 1 1 1 1 1 1 1 1 1 1 1 1 1 1 1 1 1 1 1 1 1 1 1 1 1 1 1 1 1 1 1 1 1 1 1 1 1 1 1 1 1 1 1 1 1 1 1 1 1 1 1 1 1 1 1 1 1 1 1 1 1 1 1 1 1 1 1 1 1 1 1 1 1 1 1 1 1 1 1 1 1 1 1 1 1 1 1 1 1 1 1 1 1 1 1 1 1 1 1 1 1 1 1 1 1 1 1 1 1 1 1 1 1 1 1 1 1 1 1 1 1 1 1 1 1 1 1 1 1 1 1 1 1 1 1 1 1 1 1 1 1 1 1 1 1 1 1 1 1 1 1 1 1 1 1 1 1 1 1 1 1 1 1 1 1 1 1 1 1 1 1 1 1 1 1 1 1 1 1 1 1 1 1 1 1 1 1 1 1 1 1 1 1 1 1 1 1 1 1 1 1 1 1 1 1 1 1 1 1 1 1 1 1 1 1 1 1 1 1 1 1 1 1 1 1 1 1 1 1 1 1 1 1 1 1 1 1 1 1 1 1 1 1 1 1 1 1 1 1 1 1 1 1 1 1 1 1 1 1 1 1 1 1 1 1 1 1 1 1 1 1 1 1 1 1 1 1 1 1 1 1 1 1 1 1 1 1 1 1 1 1 1 1 1 1 1 1 1 1 1 1 1 1 1 1 1 1 1 1 1 1 1 1 1 1 1 1 1 1 1 1 1 1 1 1 1 1 1 1 1 1 1 1 1 1 1 1 1 1 1 1 1 1 1 1 1 1 1 1 1 1 1 1 1 1 1 1 1 1 1 1 1 1 1 1 1 1 1 1 1 1 1 1 1 1 1 1 1 1 1 1 1 1 1 1 1 1 1 1 1 1 1 1 1 1 1 1 1 1 1 1 1 1 1 1 1 1 1 1 1 1 1 1 1 1 1 1 1 1 1 1 1 1 1 1 1 1 1 1 1 1 1 1 1 1 1 1 1 1 1 1 1 1 1 1 1 1 1 1 1 1 1 1 1 1 1 1 1 1 1 1 1 1 1 1 1 1 1 1 1 1 1 1 1 1 1 1 1 1 1 1 1 1 1 1 1 1 1 1 1 1 1 1 1 1 1 1 1 1 1 1 1 1 1 1 1 1 1 1 1 1 1 1 1 1 1 1 1 1 1 1 1 1 1 1 1 1 1 1 1 1 1 1 1 1 1 1 1 1 1 1 1 1 1 1 1 1 1 1 1 1 1 1 1 1 1 1 1 1 1 1 1 1 1 1 1 1 1 1 1 1 1 1 1 1 1 1 1 1 1 1 1 1 1 1 1 1 1 1 1 1 1 1 1 1 1 1 1 1 1 1 1 1 1 1 1 1 1 1 1 1 1 1 1 1 1 1 1 1 1 1 1 1 1 1 1 1 1 1 1 1 1 1 1 1 1 1 1 1 1 1 1 1 1 1 1 1 1 1 1 1 1 1 1 1 1 1 1 1 1 1 1 1 1 1 1 1 1 1 1 1 1 1 1 1 1 1 1 1 1 1 1 1 1 1 1 1 1 1 1 1 1 1 1 1 1 1 1 1 1 1 1 1 1 1 1 1 1 1 1 1 1 1 1 1 1 1 1 1 1 1 1 1 1 1 1 1 1 1 1 1 1 1 1 1 1 1 1 1 1 1 1 1 1 1 1 1 1 1 1 1 1 1 1 1 1 1 1 1 1 1 1 1 1 1 1 1 1 1 1 1 1 1 1 1 1 1 1 1 1 1 1 1 1 1 1 1 1 1 1 1 1 1 1 1 1 1 1 1 1 1 1 1 1 1 1 1 1 1 1 1 1 1 1 1 1 1 1 1 1 1 1 1 1 1 1 1 1 1 1 1 1 1 1 1 1 1 1 1 1 1 1 1 1 1 1 1 1 1 1 1 1 1 1 1 1 1 1 1 1 1 1 1 1 1 1 1 1 1 1 1 1 1 1 1 1 1 1 1 1 1 1 1 1 1 1 1 1 1 1 1 1 1 1 1 1 1 1 1 1 1 1 1 1 1 1 1 1 1 1 1 1 1 1 1 1 1 1 1 1 1 1 1 1 1 1 1 1 1 1 1 1 1 1 1 1 1 1 1 1 1 1 1 1 1 1 1 1 1 1 1 1 1 1 1 1 1 1 1 1 1 1 1 1 1 1 1 1 1 1 1 1 1 1 1 1 1 1 1 1 1 1 1 1 1 1 1 1 1 1 1 1 1 1 1 1 1 1 1 1 1 1 1 1 1 1 1 1 1 1 1 1 1 1 1 1 1 1 1 1 1 1 1 1 1 1 1 1 1 1 1 1 1 1 1 1 1 1 1 1 1 1 1 1 1 1 1 1 1 1 1 1 1 1 1 1 1 1 1 1 1 1 1 1 1 1 1 1 1 1 1 1 1 1 1 1 1 1 1 1 1 1 1 1 1 1 1 1 1 1 1 1 1 1 1 1 1 1 1 1 1 1 1 1 1 1 1 1 1 1 1 1 1 1 1 1 1 1 1 1 1 1 1 1 1 1 1 1 1 1 1 1 1 1 1 1 1 1 1 1 1 1 1 1 1 1 1 1 1 1 1 1 1 1 1 1 1 1 1 1 1 1 1 1 1 1 1 1 1 1 1 1 1 1 1 1 1 1 1 1 1 1 1 1 1 1 1 1 1 1 1 1 1 1 1 1 1 1 1 1 1 1 1 1 1 1 1 1 1 1 1 1 1 1 1 1 1 1 1 1 1 1 1 1 1 1 1 1 1 1 1 1 1 1 1 1 1 1 1 1 1 1 1 1 1 1 1 1 1 1 1 1 1 1 1 1 1 1 1 1 1 1 1 1 1 1 1 1 1 1 1 1 1 1 1 1 1 1 1 1 1 1 1 1 1 1 1 1 1 1 1 1 1 1 1 1 1 1 1 1 1 1 1 1 1 1 1 1 1 1 1 1 1 1 1 1 1 1 1 1 1 1 1 1 1 1 1 1 1 1 1 1 1 1 1 1 1 1 1 1 1 1 1 1 1 1 1 1 1 1 1 1 1 1 1 1 1 1 1 1 1 1 1 1 1 1 1 1 1 1 1 1 1 1 1 1 1 1 1 1 1 1 1 1 1 1 1 1 1 1 1 1 1 1 1 1 1 1 1 1 1 1 1 1 1 1 1 1 1 1 1 1 1 1 1 1 1 1 1 1 1 1 1 1 1 1 1 1 1 1 1 1 1 1 1 1 1 1 1 1 1 1 1 1 1 1 1 1 1 1 1 1 1 1 1 1 1 1 1 1 1 1 1 1 1 1 1 1 1 1 1 1 1 1 1 1 1 1 1 1 1 1 1 1 1 1 1 1 1 1 1 1 1 1 1 1 1 1 1 1 1 1 1 1 1 1 1 1 1 1 1 1 1 1 1 1 1 1 1 1 1 1 1 1 1 1 1 1 1 1 1 1 1 1 1 1 1 1 1 1 1 1 1 1 1 1 1 1 1 1 1 1 1 1 1 1 1 1 1 1 1 1 1 1 1 1 1 1 1 1 1 1 1 1 1 1 1 1 1 1 1 1 1 1 1 1 1 1 1 1 1 1 1 1 1 1 1 1 1 1 1 1 1 1 1 1 1 1 1 1 1 1 1 1 1 1 1 1 1 1 1 1 1 1 1 1 1 1 1 1 1 1 1 1 1 1 1 1 1 1 1 1 1 1 1 1 1 1 1 1 1 1 1 1 1 1 1 1 1 1 1 1 1 1 1 1 1 1 1 1 1 1 1 1 1 1 1 1 1 1 1 1 1 1 1 1 1 1 1 1 1 1 1 1 1 1 1 1 1 1 1 1 1 1 1 1 1 1 1 1 1 1 1 1 1 1 1 1 1 1 1 1 1 1 1 1 1 1 1 1 1 1 1 1 1 1 1 1 1 1 1 1 1 1 1 1 1 1 1 1 1 1 1 1 1 1 1 1 1 1 1 1 1 1 1 1 1 1 1 1 1 1 1 1 1 1 1 1 1 1 1 1 1 1 1 1 1 1 1 1 1 1 1 1 1 1 1 1 1 1 1 1 1 1 1 1 1 1 1 1 1 1 1 1 1 1 1 1 1 1 1 1 1 1 1 1 1 1 1 1 1 1 1 1 1 1 1 1 1 1 1 1 1 1 1 1 1 1 1 1 1 1 1 1 1 1 1 1 1 1 1 1 1 1 1 1 1 1 1 1 1 1 1 1 1 1 1 1 1 1 1 1 1 1 1 1 1 1 1 1 1 1 1 1 1 1 1 1 1 1 1 1 1 1 1 1 1 1 1 1 1 1 1 1 1 1 1 1 1 1 1 1 1 1 1 1 1 1 1 1 1 1 1 1 1 1 1 1 1 1 1 1 1 1 1 1 1 1 1 1 1 1 1 1 1 1 1 1 1 1 1 1 1 1 1 1 1 1 1 1 1 1 1 1 1 1 1 1 1 1 1 1 1 1 1 1 1 1 1 1 1 1 1 1 1 1 1 1 1 1 1 1 1 1 1 1 1 1 1 1 1 1 1 1 1 1 1 1 1 1 1 1 1 1 1 1 1 1 1 1 1 1 1 1 1 1 1 1 1 1 1 1 1 1 1 1 1 1 1 1 1 1 1 1 1 1 1 1 1 1 1 1 1 1 1 1 1 1 1 1 1 1 1 1 1 1 1 1 1 1 1 1 1 1 1 1 1 1 1 1 1 1 1 1 1 1 1 1 1 1 1 1 1 1 1 1 1 1 1 1 1 1 1 1 1 1 1 1 1 1 1 1 1 1 1 1 1 1 1 1 1 1 1 1 1 1 1 1 1 1 1 1 1 1 1 1 1 1 1 1 1 1 1 1 1 1 1 1 1 1 1 1 1 1 1 1 1 1 1 1 1 1 1 1 1 1 1 1 1 1 1 1 1 1 1 1 1 1 1 1 1 1 1 1 1 1 1 1 1 1 1 1 1 1 1 1 1 1 1 1 1 1 1 1 1 1 1 1 1 1 1 1 1 1 1 1 1 1 1 1 1 1 1 1 1 1 1 1 1 1 1 1 1 1 1 1 1 1 1 1 1 1 1 1 1 1 1 1 1 1 1 1 1 1 1 1 1 1 1 1 1 1 1 1 1 1 1 1 1 1 1 1 1 1 1 1 1 1 1 1 1 1 1 1 1 1 1 1 1 1 1 1 1 1 1 1 1 1 1 1 1 1 1 1 1 1 1 1 1 1 1 1 1 1 1 1 1 1 1 1 1 1 1 1 1 1 1 1 1 1 1 1 1 1 1 1 1 1 1 1 1 1 1 1 1 1 1 1 1 1 1 1 1 1 1 1 1 1 1 1 1 1 1 1 1 1 1 1 1 1 1 1 1 1 1 1 1 1 1 1 1 1 1 1 1 1 1 1 1 1 1 1 1 1 1 1 1 1 1 1 1 1 1 1 1 1 1 1 1 1 1 1 1 1 1 1 1 1 1 1 1 1 1 1 1 1 1 1 1 1 1 1 1 1 1 1 1 1 1 1 1 1 1 1 1 1 1 1 1 1 1 1 1 1 1 1 1 1 1 1 1 1 1 1 1 1 1 1 1 1 1 1 1 1 1 1 1 1 1 1 1 1 1 1 1 1 1 1 1 1 1 1 1 1 1 1 1 1 1 1 1 1 1 1 1 1 1 1 1 1 1 1 1 1 1 1 1 1 1 1 1 1 1 1 1 1 1 1 1 1 1 1 1 1 1 1 1 1 1 1 1 1 1 1 1 1 1 1 1 1 1 1 1 1 1 1 1 1 1 1 1 1 1 1 1 1 1 1 1 1 1 1 1 1 1 1 1 1 1 1 1 1 1 1 1 1 1 1 1 1 1 1 1 1 1 1 1 1 1 1 1 1 1 1 1 1 1 1 1 1 1 1 1 1 1 1 1 1 1 1 1 1 1 1 1 1 1 1 1 1 1 1 1 1 1 1 1 1 1 1 1 1 1 1 1 1 1 1 1 1 1 1 1 1 1 1 1 1 1 1 1 1 1 1 1 1 1 1 1 1 1 1 1 1 1 1 1 1 1 1 1 1 1 1 1 1 1 1 1 1 1 1 1 1 1 1 1 1 1 1 1 1 1 1 1 1 1 1 1 1 1 1 1 1 1 1 1 1 1 1 1 1 1 1 1 1 1 1 1 1 1 1 1 1 1 1 1 1 1 1 1 1 1 1 1 1 1 1 1 1 1 1 1 1 1 1 1 1 1 1 1 1 1 1 1 1 1 1 1 1 1 1 1 1 1 1 1 1 1 1 1 1 1 1 1 1 1 1 1 1 1 1 1 1 1 1 1 1 1 1 1 1 1 1 1 1 1 1 1 1 1 1 1 1 1 1 1 1 1 1 1 1 1 1 1 1 1 1 1 1 1 1 1 1 1 1 1 1 1 1 1 1 1 1 1 1 1 1 1 1 1 1 1 1 1 1 1 1 1 1 1 1 1 1 1 1 1 1 1 1 1 1 1 1 1 1 1 1 1 1 1 1 1 1 1 1 1 1 1 1 1 1 1 1 1 1 1 1 1 1 1 1 1 1 1 1 1 1 1 1 1 1 1 1 1 1 1 1 1 1 1 1 1 1 1 1 1 1 1 1 1 1 1 1 1 1 1 1 1 1 1 1 1 1 1 1 1 1 1 1 1 1 1 1 1 1 1 1 1 1 1 1 1 1 1 1 1 1 1 1 1 1 1 1 1 1 1 1 1 1 1 1 1 1 1 1 1 1 1 1 1 1 1 1 1 1 1 1 1 1 1 1 1 1 1 1 1 1 1 1 1 1 1 1 1 1 1 1 1 1 1 1 1 1 1 1 1 1 1 1 1 1 1 1 1 1 1 1 1 1 1 1 1 1 1 1 1 1 1 1 1 1 1 1 1 1 1 1 1 1 1 1 1 1 1 1 1 1 1 1 1 1 1 1 1 1 1 1 1 1 1 1 1 1 1 1 1 1 1 1 1 1 1 1 1 1 1 1 1 1 1 1 1 1 1 1 1 1 1 1 1 1 1 1 1 1 1 1 1 1 1 1 1 1 1 1 1 1 1 1 1 1 1 1 1 1 1 1 1 1 1 1 1 1 1 1 1 1 1 1 1 1 1 1 1 1 1 1 1 1 1 1 1 1 1 1 1 1 1 1 1 1 1 1 1 1 1 1 1 1 1 1 1 1 1 1 1 1 1 1 1 1 1 1 1 1 1 1 1 1 1 1 1 1 1 1 1 1 1 1 1 1 1 1 1 1 1 1 1 1 1 1 1 1 1 1 1 1 1 1 1 1 1 1 1 1 1 1 1 1 1 1 1 1 1 1 1 1 1 1 1 1 1 1 1 1 1 1 1 1 1 1 1 1 1 1 1 1 1 1 1 1 1 1 1 1 1 1 1 1 1 1 1 1 1 1 1 1 1 1 1 1 1 1 1 1 1 1 1 1 1 1 1 1 1 1 1 1 1 1 1 1 1 1 1 1 1 1 1 1 1 1 1 1 1 1 1 1 1 1 1 1 1 1 1 1 1 1 1 1 1 1 1 1 1 1 1 1 1 1 1 1 1 1 1 1 1 1 1 1 1 1 1 1 1 1 1 1 1 1 1 1 1 1 1 1 1 1 1 1 1 1 1 1 1 1 1 1 1 1 1 1 1 1 1 1 1 1 1 1 1 1 1 1 1 1 1 1 1 1 1 1 1 1 1 1 1 1 1 1 1 1 1 1 1 1 1 1 1 1 1 1 1 1 1 1 1 1 1 1 1 1 1 1 1 1 1 1 1 1 1 1 1 1 1 1 1 1 1 1 1 1 1 1 1 1 1 1 1 1 1 1 1 1 1 1 1 1 1 1 1 1 1 1 1 1 1 1 1 1 1 1 1 1 1 1 1 1 1 1 1 1 1 1 1 1 1 1 1 1 1 1 1 1 1 1 1 1 1 1 1 1 1 1 1 1 1 1 1 1 1 1 1 1 1 1 1 1 1 1 1 1 1 1 1 1 1 1 1 1 1 1 1 1 1 1 1 1 1 1 1 1 1 1 1 1 1 1 1 1 1 1 1 1 1 1 1 1 1 1 1 1 1 1 1 1 1 1 1 1 1 1 1 1 1 1 1 1 1 1 1 1 1 1 1 1 1 1 1 1 1 1 1 1 1 1 1 1 1 1 1 1 1 1 1 1 1 1 1 1 1 1 1 1 1 1 1 1 1 1 1 1 1 1 1 1 1 1 1 1 1 1 1 1 1 1 1 1 1 1 1 1 1 1 1 1 1 1 1 1 1 1 1 1 1 1 1 1 1 1 1 1 1 1 1 1 1 1 1 1 1 1 1 1 1 1 1 1 1 1 1 1 1 1 1 1 1 1 1 1 1 1 1 1 1 1 1 1 1 1 1 1 1 1 1 1 1 1 1 1 1 1 1 1 1 1 1 1 1 1 1 1 1 1 1 1 1 1 1 1 1 1 1 1 1 1 1 1 1 1 1 1 1 1 1 1 1 1 1 1 1 1 1 1 1 1 1 1 1 1 1 1 1 1 1 1 1 1 1 1 1 1 1 1 1 1 1 1 1 1 1 1 1 1 1 1 1 1 1 1 1 1 1 1 1 1 1 1 1 1 1 1 1 1 1 1 1 1 1 1 1 1 1 1 1 1 1 1 1 1 1 1 1 1 1 1 1 1 1 1 1 1 1 1 1 1 1 1 1 1 1 1 1 1 1 1 1 1 1 1 1 1 1 1 1 1 1 1 1 1 1 1 1 1 1 1 1 1 1 1 1 1 1 1 1 1 1 1 1 1 1 1 1 1 1 1 1 1 1 1 1 1 1 1 1 1 1 1 1 1 1 1 1 1 1 1 1 1 1 1 1 1 1 1 1 1 1 1 1 1 1 1 1 1 1 1 1 1 1 1 1 1 1 1 1 1 1 1 1 1 1 1 1 1 1 1 1 1 1 1 1 1 1 1 1 1 1 1 1 1 1 1 1 1 1 1 1 1 1 1 1 1 1 1 1 1 1 1 1 1 1 1 1 1 1 1 1 1 1 1 1 1 1 1 1 1 1 1 1 1 1 1 1 1 1 1 1 1 1 1 1 1 1 1 1 1 1 1 1 1 1 1 1 1 1 1 1 1 1 1 1 1 1 1 1 1 1 1 1 1 1 1 1 1 1 1 1 1 1 1 1 1 1 1 1 1 1 1 1 1 1 1 1 1 1 1 1 1 1 1 1 1 1 1 1 1 1 1 1 1 1 1 1 1 1 1 1 1 1 1 1 1 1 1 1 1 1 1 1 1 1 1 1 1 1 1 1 1 1 1 1 1 1 1 1 1 1 1 1 1 1 1 1 1 1 1 1 1 1 1 1 1 1 1 1 1 1 1 1 1 1 1 1 1 1 1 1 1 1 1 1 1 1 1 1 1 1 1 1 1 1 1 1 1 1 1 1 1 1 1 1 1 1 1 1 1 1 1 1 1 1 1 1 1 1 1 1 1 1 1 1 1 1 1 1 1 1 1 1 1 1 1 1 1 1 1 1 1 1 1 1 1 1 1 1 1 1 1 1 1 1 1 1 1 1 1 1 1 1 1 1 1 1 1 1 1 1 1 1 1 1 1 1 1 1 1 1 1 1 1 1 1 1 1 1 1 1 1 1 1 1 1 1 1 1 1 1 1 1 1 1 1 1 1 1 1 1 1 1 1 1 1 1 1 1 1 1 1 1 1 1 1 1 1 1 1 1 1 1 1 1 1 1 1 1 1 1 1 1 1 1 1 1 1 1 1 1 1 1 1 1 1 1 1 1 1 1 1 1 1 1 1 1 1 1 1 1 1 1 1 1 1 1 1 1 1 1 1 1 1 1 1 1 1 1 1 1 1 1 1 1 1 1 1 1 1 1 1 1 1 1 1 1 1 1 1 1 1 1 1 1 1 1 1 1 1 1 1 1 1 1 1 1 1 1 1 1 1 1 1 1 1 1 1 1 1 1 1 1 1 1 1 1 1 1 1 1 1 1 1 1 1 1 1 1 1 1 1 1 1 1 1 1 1 1 1 1 1 1 1 1 1 1 1 1 1 1 1 1 1 1 1 1 1 1 1 1 1 1 1 1 1 1 1 1 1 1 1 1 1 1 1 1 1 1 1 1 1 1 1 1 1 1 1 1 1 1 1 1 1 1 1 1 1 1 1 1 1 1 1 1 1 1 1 1 1 1 1 1 1 1 1 1 1 1 1 1 1 1 1 1 1 1 1 1 1 1 1 1 1 1 1 1 1 1 1 1 1 1 1 1 1 1 1 1 1 1 1 1 1 1 1 1 1 1 1 1 1 1 1 1 1 1 1 1 1 1 1 1 1 1 1 1 1 1 1 1 1 1 1 1 1 1 1 1 1 1 1 1 1 1 1 1 1 1 1 1 1 1 1 1 1 1 1 1 1 1 1 1 1 1 1 1 1 1 1 1 1 1 1 1 1 1 1 1 1 1 1 1 1 1 1 1 1 1 1 1 1 1 1 1 1 1 1 1 1 1 1 1 1 1 1 1 1 1 1 1 1 1 1 1 1 1 1 1 1 1 1 1 1 1 1 1 1 1 1 1 1 1 1 1 1 1 1 1 1 1 1 1 1 1 1 1 1 1 1 1 1 1 1 1 1 1 1 1 1 1 1 1 1 1 1 1 1 1 1 1 1 1 1 1 1 1 1 1 1 1 1 1 1 1 1 1 1 1 1 1 1 1 1 1 1 1 1 1 1 1 1 1 1 1 1 1 1 1 1 1 1 1 1 1 1 1 1 1 1 1 1 1 1 1 1 1 1 1 1 1 1 1 1 1 1 1 1 1 1 1 1 1 1 1 1 1 1 1 1 1 1 1 1 1 1 1 1 1 1 1 1 1 1 1 1 1 1 1 1 1 1 1 1 1 1 1 1 1 1 1 1 1 1 1 1 1 1 1 1 1 1 1 1 1 1 1 1 1 1 1 1 1 1 1 1 1 1 1 1 1 1 1 1 1 1 1 1 1 1 1 1 1 1 1 1 1 1 1 1 1 1 1 1 1 1 1 1 1 1 1 1 1 1 1 1 1 1 1 1 1 1 1 1 1 1 1 1 1 1 1 1 1 1 1 1 1 1 1 1 1 1 1 1 1 1 1 1 1 1 1 1 1 1 1 1 1 1 1 1 1 1 1 1 1 1 1 1 1 1 1 1 1 1 1 1 1 1 1 1 1 1 1 1 1 1 1 1 1 1 1 1 1 1 1 1 1 1 1 1 1 1 1 1 1 1 1 1 1 1 1 1 1 1 1 1 1 1 1 1 1 1 1 1 1 1 1 1 1 1 1 1 1 1 1 1 1 1 1 1 1 1 1 1 1 1 1 1 1 1 1 1 1 1 1 1 1 1 1 1 1 1 1 1 1 1 1 1 1 1 1 1 1 1 1 1 1 1 1 1 1 1 1 1 1 1 1 1 1 1 1 1 1 1 1 1 1 1 1 1 1 1 1 1 1 1 1 1 1 1 1 1 1 1 1 1 1 1 1 1 1 1 1 1 1 1 1 1 1 1 1 1 1 1 1 1 1 1 1 1 1 1 1 1 1 1 1 1 1 1 1 1 1 1 1 1 1 1 1 1 1 1 1 1 1 1 1 1 1 1 1 1 1 1 1 1 1 1 1 1 1 1 1 1 1 1 1 1 1 1 1 1 1 1 1 1 1 1 1 1 1 1 1 1 1 1 1 1 1 1 1 1 1 1 1 1 1 1 1 1 1 1 1 1 1 1 1 1 1 1 1 1 1 1 1 1 1 1 1 1 1 1 1 1 1 1 1 1 1 1 1 1 1 1 1 1 1 1 1 1 1 1 1 1 1 1 1 1 1 1 1 1 1 1 1 1 1 1 1 1 1 1 1 1 1 1 1 1 1 1 1 1 1 1 1 1 1 1 1 1 1 1 1 1 1 1 1 1 1 1 1 1 1 1 1 1 1 1 1 1 1 1 1 1 1 1 1 1 1 1 1 1 1 1 1 1 1 1 1 1 1 1 1 1 1 1 1 1 1 1 1 1 1 1 1 1 1 1 1 1 1 1 1 1 1 1 1 1 1 1 1 1 1 1 1 1 1 1 1 1 1 1 1 1 1 1 1 1 1 1 1 1 1 1 1 1 1 1 1 1 1 1 1 1 1 1 1 1 1 1 1 1 1 1 1 1 1 1 1 1 1 1 1 1 1 1 1 1 1 1 1 1 1 1 1 1 1 1 1 1 1 1 1 1 1 1 1 1 1 1 1 1 1 1 1 1 1 1 1 1 1 1 1 1 1 1 1 1 1 1 1 1 1 1 1 1 1 1 1 1 1 1 1 1 1 1 1 1 1 1 1 1 1 1 1 1 1 1 1 1 1 1 1 1 1 1 1 1 1 1 1 1 1 1 1 1 1 1 1 1 1 1 1 1 1 1 1 1 1 1 1 1 1 1 1 1 1 1 1 1 1 1 1 1 1 1 1 1 1 1 1 1 1 1 1 1 1 1 1 1 1 1 1 1 1 1 1 1 1 1 1 1 1 1 1 1 1 1 1 1 1 1 1 1 1 1 1 1 1 1 1 1 1 1 1 1 1 1 1 1 1 1 1 1 1 1 1 1 1 1 1 1 1 1 1 1 1 1 1 1 1 1 1 1 1 1 1 1 1 1 1 1 1 1 1 1 1 1 1 1 1 1 1 1 1 1 1 1 1 1 1 1 1 1 1 1 1 1 1 1 1 1 1 1 1 1 1 1 1 1 1 1 1 1 1 1 1 1 1 1 1 1 1 1 1 1 1 1 1 1 1 1 1 1 1 1 1 1 1 1 1 1 1 1 1 1 1 1 1 1 1 1 1 1 1 1 1 1 1 1 1 1 1 1 1 1 1 1 1 1 1 1 1 1 1 1 1 1 1 1 1 1 1 1 1 1 1 1 1 1 1 1 1 1 1 1 1 1 1 1 1 1 1 1 1 1 1 1 1 1 1 1 1 1 1 1 1 1 1 1 1 1 1 1 1 1 1 1 1 1 1 1 1 1 1 1 1 1 1 1 1 1 1 1 1 1 1 1 1 1 1 1 1 1 1 1 1 1 1 1 1 1 1 1 1 1 1 1 1 1 1 1 1 1 1 1 1 1 1 1 1 1 1 1 1 1 1 1 1 1 1 1 1 1 1 1 1 1 1 1 1 1 1 1 1 1 1 1 1 1 1 1 1 1 1 1 1 1 1 1 1 1 1 1 1 1 1 1 1 1 1 1 1 1 1 1 1 1 1 1 1 1 1 1 1 1 1 1 1 1 1 1 1 1 1 1 1 1 1 1 1 1 1 1 1 1 1 1 1 1 1 1 1 1 1 1 1 1 1 1 1 1 1 1 1 1 1 1 1 1 1 1 1 1 1 1 1 1 1 1 1 1 1 1 1 1 1 1 1 1 1 1 1 1 1 1 1 1 1 1 1 1 1 1 1 1 1 1 1 1 1 1 1 1 1 1 1 1 1 1 1 1 1 1 1 1 1 1 1 1 1 1 1 1 1 1 1 1 1 1 1 1 1 1 1 1 1 1 1 1 1 1 1 1 1 1 1 1 1 1 1 1 1 1 1 1 1 1 1 1 1 1 1 1 1 1 1 1 1 1 1 1 1 1 1 1 1 1 1 1 1 1 1 1 1 1 1 1 1 1 1 1 1 1 1 1 1 1 1 1 1 1 1 1 1 1 1 1 1 1 1 1 1 1 1 1 1 1 1 1 1 1 1 1 1 1 1 1 1 1 1 1 1 1 1 1 1 1 1 1 1 1 1 1 1 1 1 1 1 1 1 1 1 1 1 1 1 1 1 1 1 1 1 1 1 1 1 1 1 1 1 1 1 1 1 1 1 1 1 1 1 1 1 1 1 1 1 1 1 1 1 1 1 1 1 1 1 1 1 1 1 1 1 1 1 1 1 1 1 1 1 1 1 1 1 1 1 1 1 1 1 1 1 1 1 1 1 1 1 1 1 1 1 1 1 1 1 1 1 1 1 1 1 1 1 1 1 1 1 1 1 1 1 1 1 1 1 1 1 1 1 1 1 1 1 1 1 1 1 1 1 1 1 1 1 1 1 1 1 1 1 1 1 1 1 1 1 1 1 1 1 1 1 1 1 1 1 1 1 1 1 1 1 1 1 1 1 1 1 1 1 1 1 1 1 1 1 1 1 1 1 1 1 1 1 1 1 1 1 1 1 1 1 1 1 1 1 1 1 1 1 1 1 1 1 1 1 1 1 1 1 1 1 1 1 1 1 1 1 1 1 1 1 1 1 1 1 1 1 1 1 1 1 1 1 1 1 1 1 1 1 1 1 1 1 1 1 1 1 1 1 1 1 1 1 1 1 1 1 1 1 1 1 1 1 1 1 1 1 1 1 1 1 1 1 1 1 1 1 1 1 1 1 1 1 1 1 1 1 1 1 1 1 1 1 1 1 1 1 1 1 1 1 1 1 1 1 1 1 1 1 1 1 1 1 1 1 1 1 1 1 1 1 1 1 1 1 1 1 1 1 1 1 1 1 1 1 1 1 1 1 1 1 1 1 1 1 1 1 1 1 1 1 1 1 1 1 1 1 1 1 1 1 1 1 1 1 1 1 1 1 1 1 1 1 1 1 1 1 1 1 1 1 1 1 1 1 1 1 1 1 1 1 1 1 1 1 1 1 1 1 1 1 1 1 1 1 1 1 1 1 1 1 1 1 1 1 1 1 1 1 1 1 1 1 1 1 1 1 1 1 1 1 1 1 1 1 1 1 1 1 1 1 1 1 1 1 1 1 1 1 1 1 1 1 1 1 1 1 1 1 1 1 1 1 1 1 1 1 1 1 1 1 1 1 1 1 1 1 1 1 1 1 1 1 1 1 1 1 1 1 1 1 1 1 1 1 1 1 1 1 1 1 1 1 1 1 1 1 1 1 1 1 1 1 1 1 1 1 1 1 1 1 1 1 1 1 1 1 1 1 1 1 1 1 1 1 1 1 1 1 1 1 1 1 1 1 1 1 1 1 1 1 1 1 1 1 1 1 1 1 1 1 1 1 1 1 1 1 1 1 1 1 1 1 1 1 1 1 1 1 1 1 1 1 1 1 1 1 1 1 1 1 1 1 1 1 1 1 1 1 1 1 1 1 1 1 1 1 1 1 1 1 1 1 1 1 1 1 1 1 1 1 1 1 1 1 1 1 1 1 1 1 1 1 1 1 1 1 1 1 1 1 1 1 1 1 1 1 1 1 1 1 1 1 1 1 1 1 1 1 1 1 1 1 1 1 1 1 1 1 1 1 1 1 1 1 1 1 1 1 1 1 1 1 1 1 1 1 1 1 1 1 1 1 1 1 1 1 1 1 1 1 1 1 1 1 1 1 1 1 1 1 1 1 1 1 1 1 1 1 1 1 1 1 1 1 1 1 1 1 1 1 1 1 1 1 1 1 1 1 1 1 1 1 1 1 1 1 1 1 1 1 1 1 1 1 1 1 1 1 1 1 1 1 1 1 1 1 1 1 1 1 1 1 1 1 1 1 1 1 1 1 1 1 1 1 1 1 1 1 1 1 1 1 1 1 1 1 1 1 1 1 1 1 1 1 1 1 1 1 1 1 1 1 1 1 1 1 1 1 1 1 1 1 1 1 1 1 1 1 1 1 1 1 1 1 1 1 1 1 1 1 1 1 1 1 1 1 1 1 1 1 1 1 1 1 1 1 1 1 1 1 1 1 1 1 1 1 1 1 1 1 1 1 1 1 1 1 1 1 1 1 1 1 1 1 1 1 1 1 1 1 1 1 1 1 1 1 1 1 1 1 1 1 1 1 1 1 1 1 1 1 1 1 1 1 1 1 1 1 1 1 1 1 1 1 1 1 1 1 1 1 1 1 1 1 1 1 1 1 1 1 1 1 1 1 1 1 1 1 1 1 1 1 1 1 1 1 1 1 1 1 1 1 1 1 1 1 1 1 1 1 1 1 1 1 1 1 1 1 1 1 1 1 1 1 1 1 1 1 1 1 1 1 1 1 1 1 1 1 1 1 1 1 1 1 1 1 1 1 1 1 1 1 1 1 1 1 1 1 1 1 1 1 1 1 1 1 1 1 1 1 1 1 1 1 1 1 1 1 1 1 1 1 1 1 1 1 1 1 1 1 1 1 1 1 1 1 1 1 1 1 1 1 1 1 1 1 1 1 1 1 1 1 1 1 1 1 1 1 1 1 1 1 1 1 1 1 1 1 1 1 1 1 1 1 1 1 1 1 1 1 1 1 1 1 1 1 1 1 1 1 1 1 1 1 1 1 1 1 1 1 1 1 1 1 1 1 1 1 1 1 1 1 1 1 1 1 1 1 1 1 1 1 1 1 1 1 1 1 1 1 1 1 1 1 1 1 1 1 1 1 1 1 1 1 1 1 1 1 1 1 1 1 1 1 1 1 1 1 1 1 1 1 1 1 1 1 1 1 1 1 1 1 1 1 1 1 1 1 1 1 1 1 1 1 1 1 1 1 1 1 1 1 1 1 1 1 1 1 1 1 1 1 1 1 1 1 1 1 1 1 1 1 1 1 1 1 1 1 1 1 1 1 1 1 1 1 1 1 1 1 1 1 1 1 1 1 1 1 1 1 1 1 1 1 1 1 1 1 1 1 1 1 1 1 1 1 1 1 1 1 1 1 1 1 1 1 1 1 1 1 1 1 1 1 1 1 1 1 1 1 1 1 1 1 1 1 1 1 1 1 1 1 1 1 1 1 1 1 1 1 1 1 1 1 1 1 1 1 1 1 1 1 1 1 1 1 1 1 1 1 1 1 1 1 1 1 1 1 1 1 1 1 1 1 1 1 1 1 1 1 1 1 1 1 1 1 1 1 1 1 1 1 1 1 1 1 1 1 1 1 1 1 1 1 1 1 1 1 1 1 1 1 1 1 1 1 1 1 1 1 1 1 1 1 1 1 1 1 1 1 1 1 1 1 1 1 1 1 1 1 1 1 1 1 1 1 1 1 1 1 1 1 1 1 1 1 1 1 1 1 1 1 1 1 1 1 1 1 1 1 1 1 1 1 1 1 1 1 1 1 1 1 1 1 1 1 1 1 1 1 1 1 1 1 1 1 1 1 1 1 1 1 1 1 1 1 1 1 1 1 1 1 1 1 1 1 1 1 1 1 1 1 1 1 1 1 1 1 1 1 1 1 1 1 1 1 1 1 1 1 1 1 1 1 1 1 1 1 1 1 1 1 1 1 1 1 1 1 1 1 1 1 1 1 1 1 1 1 1 1 1 1 1 1 1 1 1 1 1 1 1 1 1 1 1 1 1 1 1 1 1 1 1 1 1 1 1 1 1 1 1 1 1 1 1 1 1 1 1 1 1 1 1 1 1 1 1 1 1 1 1 1 1 1 1 1 1 1 1 1 1 1 1 1 1 1 1 1 1 1 1 1 1 1 1 1 1 1 1 1 1 1 1 1 1 1 1 1 1 1 1 1 1 1 1 1 1 1 1 1 1 1 1 1 1 1 1 1 1 1 1 1 1 1 1 1 1 1 1 1 1 1 1 1 1 1 1 1 1 1 1 1 1 1 1 1 1 1 1 1 1 1 1 1 1 1 1 1 1 1 1 1 1 1 1 1 1 1 1 1 1 1 1 1 1 1 1 1 1 1 1 1 1 1 1 1 1 1 1 1 1 1 1 1 1 1 1 1 1 1 1 1 1 1 1 1 1 1 1 1 1 1 1 1 1 1 1 1 1 1 1 1 1 1 1 1 1 1 1 1 1 1 1 1 1 1 1 1 1 1 1 1 1 1 1 1 1 1 1 1 1 1 1 1 1 1 1 1 1 1 1 1 1 1 1 1 1 1 1 1 1 1 1 1 1 1 1 1 1 1 1 1 1 1 1 1 1 1 1 1 1 1 1 1 1 1 1 1 1 1 1 1 1 1 1 1 1 1 1 1 1 1 1 1 1 1 1 1 1 1 1 1 1 1 1 1 1 1 1 1 1 1 1 1 1 1 1 1 1 1 1 1 1 1 1 1 1 1 1 1 1 1 1 1 1 1 1 1 1 1 1 1 1 1 1 1 1 1 1 1 1 1 1 1 1 1 1 1 1 1 1 1 1 1 1 1 1 1 1 1 1 1 1 1 1 1 1 1 1 1 1 1 1 1 1 1 1 1 1 1 1 1 1 1 1 1 1 1 1 1 1 1 1 1 1 1 1 1 1 1 1 1 1 1 1 1 1 1 1 1 1 1 1 1 1 1 1 1 1 1 1 1 1 1 1 1 1 1 1 1 1 1 1 1 1 1 1 1 1 1 1 1 1 1 1 1 1 1 1 1 1 1 1 1 1 1 1 1 1 1 1 1 1 1 1 1 1 1 1 1 1 1 1 1 1 1 1 1 1 1 1 1 1 1 1 1 1 1 1 1 1 1 1 1 1 1 1 1 1 1 1 1 1 1 1 1 1 1 1 1 1 1 1 1 1 1 1 1 1 1 1 1 1 1 1 1 1 1 1 1 1 1 1 1 1 1 1 1 1 1 1 1 1 1 1 1 1 1 1 1 1 1 1 1 1 1 1 1 1 1 1 1 1 1 1 1 1 1 1 1 1 1 1 1 1 1 1 1 1 1 1 1 1 1 1 1 1 1 1 1 1 1 1 1 1 1 1 1 1 1 1 1 1 1 1 1 1 1 1 1 1 1 1 1 1 1 1 1 1 1 1 1 1 1 1 1 1 1 1 1 1 1 1 1 1 1 1 1 1 1 1 1 1 1 1 1 1 1 1 1 1 1 1 1 1 1 1 1 1 1 1 1 1 1 1 1 1 1 1 1 1 1 1 1 1 1 1 1 1 1 1 1 1 1 1 1 1 1 1 1 1 1 1 1 1 1 1 1 1 1 1 1 1 1 1 1 1 1 1 1 1 1 1 1 1 1 1 1 1 1 1 1 1 1 1 1 1 1 1 1 1 1 1 1 1 1 1 1 1 1 1 1 1 1 1 1 1 1 1 1 1 1 1 1 1 1 1 1 1 1 1 1 1 1 1 1 1 1 1 1 1 1 1 1 1 1 1 1 1 1 1 1 1 1 1 1 1 1 1 1 1 1 1 1 1 1 1 1 1 1 1 1 1 1 1 1 1 1 1 1 1 1 1 1 1 1 1 1 1 1 1 1 1 1 1 1 1 1 1 1 1 1 1 1 1 1 1 1 1 1 1 1 1 1 1 1 1 1 1 1 1 1 1 1 1 1 1 1 1 1 1 1 1 1 1 1 1 1 1 1 1 1 1 1 1 1 1 1 1 1 1 1 1 1 1 1 1 1 1 1 1 1 1 1 1 1 1 1 1 1 1 1 1 1 1 1 1 1 1 1 1 1 1 1 1 1 1 1 1 1 1 1 1 1 1 1 1 1 1 1 1 1 1 1 1 1 1 1 1 1 1 1 1 1 1 1 1 1 1 1 1 1 1 1 1 1 1 1 1 1 1 1 1 1 1 1 1 1 1 1 1 1 1 1 1 1 1 1 1 1 1 1 1 1 1 1 1 1 1 1 1 1 1 1 1 1 1 1 1 1 1 1 1 1 1 1 1 1 1 1 1 1 1 1 1 1 1 1 1 1 1 1 1 1 1 1 1 1 1 1 1 1 1 1 1 1 1 1 1 1 1 1 1 1 1 1 1 1 1 1 1 1 1 1 1 1 1 1 1 1 1 1 1 1 1 1 1 1 1 1 1 1 1 1 1 1 1 1 1 1 1 1 1 1 1 1 1 1 1 1 1 1 1 1 1 1 1 1 1 1 1 1 1 1 1 1 1 1 1 1 1 1 1 1 1 1 1 1 1 1 1 1 1 1 1 1 1 1 1 1 1 1 1 1 1 1 1 1 1 1 1 1 1 1 1 1 1 1 1 1 1 1 1 1 1 1 1 1 1 1 1 1 1 1 1 1 1 1 1 1 1 1 1 1 1 1 1 1 1 1 1 1 1 1 1 1 1 1 1 1 1 1 1 1 1 1 1 1 1 1 1 1 1 1 1 1 1 1 1 1 1 1 1 1 1 1 1 1 1 1 1 1 1 1 1 1 1 1 1 1 1 1 1 1 1 1 1 1 1 1 1 1 1 1 1 1 1 1 1 1 1 1 1 1 1 1 1 1 1 1 1 1 1 1 1 1 1 1 1 1 1 1 1 1 1 1 1 1 1 1 1 1 1 1 1 1 1 1 1 1 1 1 1 1 1 1 1 1 1 1 1 1 1 1 1 1 1 1 1 1 1 1 1 1 1 1 1 1 1 1 1 1 1 1 1 1 1 1 1 1 1 1 1 1 1 1 1 1 1 1 1 1 1 1 1 1 1 1 1 1 1 1 1 1 1 1 1 1 1 1 1 1 1 1 1 1 1 1 1 1 1 1 1 1 1 1 1 1 1 1 1 1 1 1 1 1 1 1 1 1 1 1 1 1 1 1 1 1 1 1 1 1 1 1 1 1 1 1 1 1 1 1 1 1 1 1 1 1 1 1 1 1 1 1 1 1 1 1 1 1 1 1 1 1 1 1 1 1 1 1 1 1 1 1 1 1 1 1 1 1 1 1 1 1 1 1 1 1 1 1 1 1 1 1 1 1 1 1 1 1 1 1 1 1 1 1 1 1 1 1 1 1 1 1 1 1 1 1 1 1 1 1 1 1 1 1 1 1 1 1 1 1 1 1 1 1 1 1 1 1 1 1 1 1 1 1 1 1 1 1 1 1 1 1 1 1 1 1 1 1 1 1 1 1 1 1 1 1 1 1 1 1 1 1 1 1 1 1 1 1 1 1 1 1 1 1 1 1 1 1 1 1 1 1 1 1 1 1 1 1 1 1 1 1 1 1 1 1 1 1 1 1 1 1 1 1 1 1 1 1 1 1 1 1 1 1 1 1 1 1 1 1 1 1 1 1 1 1 1 1 1 1 1 1 1 1 1 1 1 1 1 1 1 1 1 1 1 1 1 1 1 1 1 1 1 1 1 1 1 1 1 1 1 1 1 1 1 1 1 1 1 1 1 1 1 1 1 1 1 1 1 1 1 1 1 1 1 1 1 1 1 1 1 1 1 1 1 1 1 1 1 1 1 1 1 1 1 1 1 1 1 1 1 1 1 1 1 1 1 1 1 1 1 1 1 1 1 1 1 1 1 1 1 1 1 1 1 1 1 1 1 1 1 1 1 1 1 1 1 1 1 1 1 1 1 1 1 1 1 1 1 1 1 1 1 1 1 1 1 1 1 1 1 1 1 1 1 1 1 1 1 1 1 1 1 1 1 1 1 1 1 1 1 1 1 1 1 1 1 1 1 1 1 1 1 1 1 1 1 1 1 1 1 1 1 1 1 1 1 1 1 1 1 1 1 1 1 1 1 1 1 1 1 1 1 1 1 1 1 1 1 1 1 1 1 1 1 1 1 1 1 1 1 1 1 1 1 1 1 1 1 1 1 1 1 1 1 1 1 1 1 1 1 1 1 1 1 1 1 1 1 1 1 1 1 1 1 1 1 1 1 1 1 1 1 1 1 1 1 1 1 1 1 1 1 1 1 1 1 1 1 1 1 1 1 1 1 1 1 1 1 1 1 1 1 1 1 1 1 1 1 1 1 1 1 1 1 1 1 1 1 1 1 1 1 1 1 1 1 1 1 1 1 1 1 1 1 1 1 1 1 1 1 1 1 1 1 1 1 1 1 1 1 1 1 1 1 1 1 1 1 1 1 1 1 1 1 1 1 1 1 1 1 1 1 1 1 1 1 1 1 1 1 1 1 1 1 1 1 1 1 1 1 1 1 1 1 1 1 1 1 1 1 1 1 1 1 1 1 1 1 1 1 1 1 1 1 1 1 1 1 1 1 1 1 1 1 1 1 1 1 1 1 1 1 1 1 1 1 1 1 1 1 1 1 1 1 1 1 1 1 1 1 1 1 1 1 1 1 1 1 1 1 1 1 1 1 1 1 1 1 1 1 1 1 1 1 1 1 1 1 1 1 1 1 1 1 1 1 1 1 1 1 1 1 1 1 1 1 1 1 1 1 1 1 1 1 1 1 1 1 1 1 1 1 1 1 1 1 1 1 1 1 1 1 1 1 1 1 1 1 1 1 1 1 1 1 1 1 1 1 1 1 1 1 1 1 1 1 1 1 1 1 1 1 1 1 1 1 1 1 1 1 1 1 1 1 1 1 1 1 1 1 1 1 1 1 1 1 1 1 1 1 1 1 1 1 1 1 1 1 1 1 1 1 1 1 1 1 1 1 1 1 1 1 1 1 1 1 1 1 1 1 1 1 1 1 1 1 1 1 1 1 1 1 1 1 1 1 1 1 1 1 1 1 1 1 1 1 1 1 1 1 1 1 1 1 1 1 1 1 1 1 1 1 1 1 1 1 1 1 1 1 1 1 1 1 1 1 1 1 1 1 1 1 1 1 1 1 1 1 1 1 1 1 1 1 1 1 1 1 1 1 1 1 1 1 1 1 1 1 1 1 1 1 1 1 1 1 1 1 1 1 1 1 1 1 1 1 1 1 1 1 1 1 1 1 1 1 1 1 1 1 1 1 1 1 1 1 1 1 1 1 1 1 1 1 1 1 1 1 1 1 1 1 1 1 1 1 1 1 1 1 1 1 1 1 1 1 1 1 1 1 1 1 1 1 1 1 1 1 1 1 1 1 1 1 1 1 1 1 1 1 1 1 1 1 1 1 1 1 1 1 1 1 1 1 1 1 1 1 1 1 1 1 1 1 1 1 1 1 1 1 1 1 1 1 1 1 1 1 1 1 1 1 1 1 1 1 1 1 1 1 1 1 1 1 1 1 1 1 1 1 1 1 1 1 1 1 1 1 1 1 1 1 1 1 1 1 1 1 1 1 1 1 1 1 1 1 1 1 1 1 1 1 1 1 1 1 1 1 1 1 1 1 1 1 1 1 1 1 1 1 1 1 1 1 1 1 1 1 1 1 1 1 1 1 1 1 1 1 1 1 1 1 1 1 1 1 1 1 1 1 1 1 1 1 1 1 1 1 1 1 1 1 1 1 1 1 1 1 1 1 1 1 1 1 1 1 1 1 1 1 1 1 1 1 1 1 1 1 1 1 1 1 1 1 1 1 1 1 1 1 1 1 1 1 1 1 1 1 1 1 1 1 1 1 1 1 1 1 1 1 1 1 1 1 1 1 1 1 1 1 1 1 1 1 1 1 1 1 1 1 1 1 1 1 1 1 1 1 1 1 1 1 1 1 1 1 1 1 1 1 1 1 1 1 1 1 1 1 1 1 1 1 1 1 1 1 1 1 1 1 1 1 1 1 1 1 1 1 1 1 1 1 1 1 1 1 1 1 1 1 1 1 1 1 1 1 1 1 1 1 1 1 1 1 1 1 1 1 1 1 1 1 1 1 1 1 1 1 1 1 1 1 1 1 1 1 1 1 1 1 1 1 1 1 1 1 1 1 1 1 1 1 1 1 1 1 1 1 1 1 1 1 1 1 1 1 1 1 1 1 1 1 1 1 1 1 1 1 1 1 1 1 1 1 1 1 1 1 1 1 1 1 1 1 1 1 1 1 1 1 1 1 1 1 1 1 1 1 1 1 1 1 1 1 1 1 1 1 1 1 1 1 1 1 1 1 1 1 1 1 1 1 1 1 1 1 1 1 1 1 1 1 1 1 1 1 1 1 1 1 1 1 1 1 1 1 1 1 1 1 1 1 1 1 1 1 1 1 1 1 1 1 1 1 1 1 1 1 1 1 1 1 1 1 1 1 1 1 1 1 1 1 1 1 1 1 1 1 1 1 1 1 1 1 1 1 1 1 1 1 1 1 1 1 1 1 1 1 1 1 1 1 1 1 1 1 1 1 1 1 1 1 1 1 1 1 1 1 1 1 1 1 1 1 1 1 1 1 1 1 1 1 1 1 1 1 1 1 1 1 1 1 1 1 1 1 1 1 1 1 1 1 1 1 1 1 1 1 1 1 1 1 1 1 1 1 1 1 1 1 1 1 1 1 1 1 1 1 1 1 1 1 1 1 1 1 1 1 1 1 1 1 1 1 1 1 1 1 1 1 1 1 1 1 1 1 1 1 1 1 1 1 1 1 1 1 1 1 1 1 1 1 1 1 1 1 1 1 1 1 1 1 1 1 1 1 1 1 1 1 1 1 1 1 1 1 1 1 1 1 1 1 1 1 1 1 1 1 1 1 1 1 1 1 1 1 1 1 1 1 1 1 1 1 1 1 1 1 1 1 1 1 1 1 1 1 1 1 1 1 1 1 1 1 1 1 1 1 1 1 1 1 1 1 1 1 1 1 1 1 1 1 1 1 1 1 1 1 1 1 1 1 1 1 1 1 1 1 1 1 1 1 1 1 1 1 1 1 1 1 1 1 1 1 1 1 1 1 1 1 1 1 1 1 1 1 1 1 1 1 1 1 1 1 1 1 1 1 1 1 1 1 1 1 1 1 1 1 1 1 1 1 1 1 1 1 1 1 1 1 1 1 1 1 1 1 1 1 1 1 1 1 1 1 1 1 1 1 1 1 1 1 1 1 1 1 1 1 1 1 1 1 1 1 1 1 1 1 1 1 1 1 1 1 1 1 1 1 1 1 1 1 1 1 1 1 1 1 1 1 1 1 1 1 1 1 1 1 1 1 1 1 1 1 1 1 1 1 1 1 1 1 1 1 1 1 1 1 1 1 1 1 1 1 1 1 1 1 1 1 1 1 1 1 1 1 1 1 1 1 1 1 1 1 1 1 1 1 1 1 1 1 1 1 1 1 1 1 1 1 1 1 1 1 1 1 1 1 1 1 1 1 1 1 1 1 1 1 1 1 1 1 1 1 1 1 1 1 1 1 1 1 1 1 1 1 1 1 1 1 1 1 1 1 1 1 1 1 1 1 1 1 1 1 1 1 1 1 1 1 1 1 1 1 1 1 1 1 1 1 1 1 1 1 1 1 1 1 1 1 1 1 1 1 1 1 1 1 1 1 1 1 1 1 1 1 1 1 1 1 1 1 1 1 1 1 1 1 1 1 1 1 1 1 1 1 1 1 1 1 1 1 1 1 1 1 1 1 1 1 1 1 1 1 1 1 1 1 1 1 1 1 1 1 1 1 1 1 1 1 1 1 1 1 1 1 1 1 1 1 1 1 1 1 1 1 1 1 1 1 1 1 1 1 1 1 1 1 1 1 1 1 1 1 1 1 1 1 1 1 1 1 1 1 1 1 1 1 1 1 1 1 1 1 1 1 1 1 1 1 1 1 1 1 1 1 1 1 1 1 1 1 1 1 1 1 1 1 1 1 1 1 1 1 1 1 1 1 1 1 1 1 1 1 1 1 1 1 1 1 1 1 1 1 1 1 1 1 1 1 1 1 1 1 1 1 1 1 1 1 1 1 1 1 1 1 1 1 1 1 1 1 1 1 1 1 1 1 1 1 1 1 1 1 1 1 1 1 1 1 1 1 1 1 1 1 1 1 1 1 1 1 1 1 1 1 1 1 1 1 1 1 1 1 1 1 1 1 1 1 1 1 1 1 1 1 1 1 1 1 1 1 1 1 1 1 1 1 1 1 1 1 1 1 1 1 1 1 1 1 1 1 1 1 1 1 1 1 1 1 1 1 1 1 1 1 1 1 1 1 1 1 1 1 1 1 1 1 1 1 1 1 1 1 1 1 1 1 1 1 1 1 1 1 1 1 1 1 1 1 1 1 1 1 1 1 1 1 1 1 1 1 1 1 1 1 1 1 1 1 1 1 1 1 1 1 1 1 1 1 1 1 1 1 1 1 1 1 1 1 1 1 1 1 1 1 1 1 1 1 1 1 1 1 1 1 1 1 1 1 1 1 1 1 1 1 1 1 1 1 1 1 1 1 1 1 1 1 1 1 1 1 1 1 1 1 1 1 1 1 1 1 1 1 1 1 1 1 1 1 1 1 1 1 1 1 1 1 1 1 1 1 1 1 1 1 1 1 1 1 1 1 1 1 1 1 1 1 1 1 1 1 1 1 1 1 1 1 1 1 1 1 1 1 1 1 1 1 1 1 1 1 1 1 1 1 1 1 1 1 1 1 1 1 1 1 1 1 1 1 1 1 1 1 1 1 1 1 1 1 1 1 1 1 1 1 1 1 1 1 1 1 1 1 1 1 1 1 1 1 1 1 1 1 1 1 1 1 1 1 1 1 1 1 1 1 1 1 1 1 1 1 1 1 1 1 1 1 1 1 1 1 1 1 1 1 1 1 1 1 1 1 1 1 1 1 1 1 1 1 1 1 1 1 1 1 1 1 1 1 1 1 1 1 1 1 1 1 1 1 1 1 1 1 1 1 1 1 1 1 1 1 1 1 1 1 1 1 1 1 1 1 1 1 1 1 1 1 1 1 1 1 1 1 1 1 1 1 1 1 1 1 1 1 1 1 1 1 1 1 1 1 1 1 1 1 1 1 1 1 1 1 1 1 1 1 1 1 1 1 1 1 1 1 1 1 1 1 1 1 1 1 1 1 1 1 1 1 1 1 1 1 1 1 1 1 1 1 1 1 1 1 1 1 1 1 1 1 1 1 1 1 1 1 1 1 1 1 1 1 1 1 1 1 1 1 1 1 1 1 1 1 1 1 1 1 1 1 1 1 1 1 1 1 1 1 1 1 1 1 1 1 1 1 1 1 1 1 1 1 1 1 1 1 1 1 1 1 1 1 1 1 1 1 1 1 1 1 1 1 1 1 1 1 1 1 1 1 1 1 1 1 1 1 1 1 1 1 1 1 1 1 1 1 1 1 1 1 1 1 1 1 1 1 1 1 1 1 1 1 1 1 1 1 1 1 1 1 1 1 1 1 1 1 1 1 1 1 1 1 1 1 1 1 1 1 1 1 1 1 1 1 1 1 1 1 1 1 1 1 1 1 1 1 1 1 1 1 1 1 1 1 1 1 1 1 1 1 1 1 1 1 1 1 1 1 1 1 1 1 1 1 1 1 1 1 1 1 1 1 1 1 1 1 1 1 1 1 1 1 1 1 1 1 1 1 1 1 1 1 1 1 1 1 1 1 1 1 1 1 1 1 1 1 1 1 1 1 1 1 1 1 1 1 1 1 1 1 1 1 1 1 1 1 1 1 1 1 1 1 1 1 1 1 1 1 1 1 1 1 1 1 1 1 1 1 1 1 1 1 1 1 1 1 1 1 1 1 1 1 1 1 1 1 1 1 1 1 1 1 1 1 1 1 1 1 1 1 1 1 1 1 1 1 1 1 1 1 1 1 1 1 1 1 1 1 1 1 1 1 1 1 1 1 1 1 1 1 1 1 1 1 1 1 1 1 1 1 1 1 1 1 1 1 1 1 1 1 1 1 1 1 1 1 1 1 1 1 1 1 1 1 1 1 1 1 1 1 1 1 1 1 1 1 1 1 1 1 1 1 1 1 1 1 1 1 1 1 1 1 1 1 1 1 1 1 1 1 1 1 1 1 1 1 1 1 1 1 1 1 1 1 1 1 1 1 1 1 1 1 1 1 1 1 1 1 1 1 1 1 1 1 1 1 1 1 1 1 1 1 1 1 1 1 1 1 1 1 1 1 1 1 1 1 1 1 1 1 1 1 1 1 1 1 1 1 1 1 1 1 1 1 1 1 1 1 1 1 1 1 1 1 1 1 1 1 1 1 1 1 1 1 1 1 1 1 1 1 1 1 1 1 1 1 1 1 1 1 1 1 1 1 1 1 1 1 1 1 1 1 1 1 1 1 1 1 1 1 1 1 1 1 1 1 1 1 1 1 1 1 1 1 1 1 1 1 1 1 1 1 1 1 1 1 1 1 1 1 1 1 1 1 1 1 1 1 1 1 1 1 1 1 1 1 1 1 1 1 1 1 1 1 1 1 1 1 1 1 1 1 1 1 1 1 1 1 1 1 1 1 1 1 1 1 1 1 1 1 1 1 1 1 1 1 1 1 1 1 1 1 1 1 1 1 1 1 1 1 1 1 1 1 1 1 1 1 1 1 1 1 1 1 1 1 1 1 1 1 1 1 1 1 1 1 1 1 1 1 1 1 1 1 1 1 1 1 1 1 1 1 1 1 1 1 1 1 1 1 1 1 1 1 1 1 1 1 1 1 1 1 1 1 1 1 1 1 1 1 1 1 1 1 1 1 1 1 1 1 1 1 1 1 1 1 1 1 1 1 1 1 1 1 1 1 1 1 1 1 1 1 1 1 1 1 1 1 1 1 1 1 1 1 1 1 1 1 1 1 1 1 1 1 1 1 1 1 1 1 1 1 1 1 1 1 1 1 1 1 1 1 1 1 1 1 1 1 1 1 1 1 1 1 1 1 1 1 1 1 1 1 1 1 1 1 1 1 1 1 1 1 1 1 1 1 1 1 1 1 1 1 1 1 1 1 1 1 1 1 1 1 1 1 1 1 1 1 1 1 1 1 1 1 1 1 1 1 1 1 1 1 1 1 1 1 1 1 1 1 1 1 1 1 1 1 1 1 1 1 1 1 1 1 1 1 1 1 1 1 1 1 1 1 1 1 1 1 1 1 1 1 1 1 1 1 1 1 1 1 1 1 1 1 1 1 1 1 1 1 1 1 1 1 1 1 1 1 1 1 1 1 1 1 1 1 1 1 1 1 1 1 1 1 1 1 1 1 1 1 1 1 1 1 1 1 1 1 1 1 1 1 1 1 1 1 1 1 1 1 1 1 1 1 1 1 1 1 1 1 1 1 1 1 1 1 1 1 1 1 1 1 1 1 1 1 1 1 1 1 1 1 1 1 1 1 1 1 1 1 1 1 1 1 1 1 1 1 1 1 1 1 1 1 1 1 1 1 1 1 1 1 1 1 1 1 1 1 1 1 1 1 1 1 1 1 1 1 1 1 1 1 1 1 1 1 1 1 1 1 1 1 1 1 1 1 1 1 1 1 1 1 1 1 1 1 1 1 1 1 1 1 1 1 1 1 1 1 1 1 1 1 1 1 1 1 1 1 1 1 1 1 1 1 1 1 1 1 1 1 1 1 1 1 1 1 1 1 1 1 1 1 1 1 1 1 1 1 1 1 1 1 1 1 1 1 1 1 1 1 1 1 1 1 1 1 1 1 1 1 1 1 1 1 1 1 1 1 1 1 1 1 1 1 1 1 1 1 1 1 1 1 1 1 1 1 1 1 1 1 1 1 1 1 1 1 1 1 1 1 1 1 1 1 1 1 1 1 1 1 1 1 1 1 1 1 1 1 1 1 1 1 1 1 1 1 1 1 1 1 1 1 1 1 1 1 1 1 1 1 1 1 1 1 1 1 1 1 1 1 1 1 1 1 1 1 1 1 1 1 1 1 1 1 1 1 1 1 1 1 1 1 1 1 1 1 1 1 1 1 1 1 1 1 1 1 1 1 1 1 1 1 1 1 1 1 1 1 1 1 1 1 1 1 1 1 1 1 1 1 1 1 1 1 1 1 1 1 1 1 1 1 1 1 1 1 1 1 1 1 1 1 1 1 1 1 1 1 1 1 1 1 1 1 1 1 1 1 1 1 1 1 1 1 1 1 1 1 1 1 1 1 1 1 1 1 1 1 1 1 1 1 1 1 1 1 1 1 1 1 1 1 1 1 1 1 1 1 1 1 1 1 1 1 1 1 1 1 1 1 1 1 1 1 1 1 1 1 1 1 1 1 1 1 1 1 1 1 1 1 1 1 1 1 1 1 1 1 1 1 1 1 1 1 1 1 1 1 1 1 1 1 1 1 1 1 1 1 1 1 1 1 1 1 1 1 1 1 1 1 1 1 1 1 1 1 1 1 1 1 1 1 1 1 1 1 1 1 1 1 1 1 1 1 1 1 1 1 1 1 1 1 1 1 1 1 1 1 1 1 1 1 1 1 1 1 1 1 1 1 1 1 1 1 1 1 1 1 1 1 1 1 1 1 1 1 1 1 1 1 1 1 1 1 1 1 1 1 1 1 1 1 1 1 1 1 1 1 1 1 1 1 1 1 1 1 1 1 1 1 1 1 1 1 1 1 1 1 1 1 1 1 1 1 1 1 1 1 1 1 1 1 1 1 1 1 1 1 1 1 1 1 1 1 1 1 1 1 1 1 1 1 1 1 1 1 1 1 1 1 1 1 1 1 1 1 1 1 1 1 1 1 1 1 1 1 1 1 1 1 1 1 1 1 1 1 1 1 1 1 1 1 1 1 1 1 1 1 1 1 1 1 1 1 1 1 1 1 1 1 1 1 1 1 1 1 1 1 1 1 1 1 1 1 1 1 1 1 1 1 1 1 1 1 1 1 1 1 1 1 1 1 1 1 1 1 1 1 1 1 1 1 1 1 1 1 1 1 1 1 1 1 1 1 1 1 1 1 1 1 1 1 1 1 1 1 1 1 1 1 1 1 1 1 1 1 1 1 1 1 1 1 1 1 1 1 1 1 1 1 1 1 1 1 1 1 1 1 1 1 1 1 1 1 1 1 1 1 1 1 1 1 1 1 1 1 1 1 1 1 1 1 1 1 1 1 1 1 1 1 1 1 1 1 1 1 1 1 1 1 1 1 1 1 1 1 1 1 1 1 1 1 1 1 1 1 1 1 1 1 1 1 1 1 1 1 1 1 1 1 1 1 1 1 1 1 1 1 1 1 1 1 1 1 1 1 1 1 1 1 1 1 1 1 1 1 1 1 1 1 1 1 1 1 1 1 1 1 1 1 1 1 1 1 1 1 1 1 1 1 1 1 1 1 1 1 1 1 1 1 1 1 1 1 1 1 1 1 1 1 1 1 1 1 1 1 1 1 1 1 1 1 1 1 1 1 1 1 1 1 1 1 1 1 1 1 1 1 1 1 1 1 1 1 1 1 1 1 1 1 1 1 1 1 1 1 1 1 1 1 1 1 1 1 1 1 1 1 1 1 1 1 1 1 1 1 1 1 1 1 1 1 1 1 1 1 1 1 1 1 1 1 1 1 1 1 1 1 1 1 1 1 1 1 1 1 1 1 1 1 1 1 1 1 1 1 1 1 1 1 1 1 1 1 1 1 1 1 1 1 1 1 1 1 1 1 1 1 1 1 1 1 1 1 1 1 1 1 1 1 1 1 1 1 1 1 1 1 1 1 1 1 1 1 1 1 1 1 1 1 1 1 1 1 1 1 1 1 1 1 1 1 1 1 1 1 1 1 1 1 1 1 1 1 1 1 1 1 1 1 1 1 1 1 1 1 1 1 1 1 1 1 1 1 1 1 1 1 1 1 1 1 1 1 1 1 1 1 1 1 1 1 1 1 1 1 1 1 1 1 1 1 1 1 1 1 1 1 1 1 1 1 1 1 1 1 1 1 1 1 1 1 1 1 1 1 1 1 1 1 1 1 1 1 1 1 1 1 1 1 1 1 1 1 1 1 1 1 1 1 1 1 1 1 1 1 1 1 1 1 1 1 1 1 1 1 1 1 1 1 1 1 1 1 1 1 1 1 1 1 1 1 1 1 1 1 1 1 1 1 1 1 1 1 1 1 1 1 1 1 1 1 1 1 1 1 1 1 1 1 1 1 1 1 1 1 1 1 1 1 1 1 1 1 1 1 1 1 1 1 1 1 1 1 1 1 1 1 1 1 1 1 1 1 1 1 1 1 1 1 1 1 1 1 1 1 1 1 1 1 1 1 1 1 1 1 1 1 1 1 1 1 1 1 1 1 1 1 1 1 1 1 1 1 1 1 1 1 1 1 1 1 1 1 1 1 1 1 1 1 1 1 1 1 1 1 1 1 1 1 1 1 1 1 1 1 1 1 1 1 1 1 1 1 1 1 1 1 1 1 1 1 1 1 1 1 1 1 1 1 1 1 1 1 1 1 1 1 1 1 1 1 1 1 1 1 1 1 1 1 1 1 1 1 1 1 1 1 1 1 1 1 1 1 1 1 1 1 1 1 1 1 1 1 1 1 1 1 1 1 1 1 1 1 1 1 1 1 1 1 1 1 1 1 1 1 1 1 1 1 1 1 1 1 1 1 1 1 1 1 1 1 1 1 1 1 1 1 1 1 1 1 1 1 1 1 1 1 1 1 1 1 1 1 1 1 1 1 1 1 1 1 1 1 1 1 1 1 1 1 1 1 1 1 1 1 1 1 1 1 1 1 1 1 1 1 1 1 1 1 1 1 1 1 1 1 1 1 1 1 1 1 1 1 1 1 1 1 1 1 1 1 1 1 1 1 1 1 1 1 1 1 1 1 1 1 1 1 1 1 1 1 1 1 1 1 1 1 1 1 1 1 1 1 1 1 1 1 1 1 1 1 1 1 1 1 1 1 1 1 1 1 1 1 1 1 1 1 1 1 1 1 1 1 1 1 1 1 1 1 1 1 1 1 1 1 1 1 1 1 1 1 1 1 1 1 1 1 1 1 1 1 1 1 1 1 1 1 1 1 1 1 1 1 1 1 1 1 1 1 1 1 1 1 1 1 1 1 1 1 1 1 1 1 1 1 1 1 1 1 1 1 1 1 1 1 1 1 1 1 1 1 1 1 1 1 1 1 1 1 1 1 1 1 1 1 1 1 1 1 1 1 1 1 1 1 1 1 1 1 1 1 1 1 1 1 1 1 1 1 1 1 1 1 1 1 1 1 1 1 1 1 1 1 1 1 1 1 1 1 1 1 1 1 1 1 1 1 1 1 1 1 1 1 1 1 1 1 1 1 1 1 1 1 1 1 1 1 1 1 1 1 1 1 1 1 1 1 1 1 1 1 1 1 1 1 1 1 1 1 1 1 1 1 1 1 1 1 1 1 1 1 1 1 1 1 1 1 1 1 1 1 1 1 1 1 1 1 1 1 1 1 1 1 1 1 1 1 1 1 1 1 1 1 1 1 1 1 1 1 1 1 1 1 1 1 1 1 1 1 1 1 1 1 1 1 1 1 1 1 1 1 1 1 1 1 1 1 1 1 1 1 1 1 1 1 1 1 1 1 1 1 1 1 1 1 1 1 1 1 1 1 1 1 1 1 1 1 1 1 1 1 1 1 1 1 1 1 1 1 1 1 1 1 1 1 1 1 1 1 1 1 1 1 1 1 1 1 1 1 1 1 1 1 1 1 1 1 1 1 1 1 1 1 1 1 1 1 1 1 1 1 1 1 1 1 1 1 1 1 1 1 1 1 1 1 1 1 1 1 1 1 1 1 1 1 1 1 1 1 1 1 1 1 1 1 1 1 1 1 1 1 1 1 1 1 1 1 1 1 1 1 1 1 1 1 1 1 1 1 1 1 1 1 1 1 1 1 1 1 1 1 1 1 1 1 1 1 1 1 1 1 1 1 1 1 1 1 1 1 1 1 1 1 1 1 1 1 1 1 1 1 1 1 1 1 1 1 1 1 1 1 1 1 1 1 1 1 1 1 1 1 1 1 1 1 1 1 1 1 1 1 1 1 1 1 1 1 1 1 1 1 1 1 1 1 1 1 1 1 1 1 1 1 1 1 1 1 1 1 1 1 1 1 1 1 1 1 1 1 1 1 1 1 1 1 1 1 1 1 1 1 1 1 1 1 1 1 1 1 1 1 1 1 1 1 1 1 1 1 1 1 1 1 1 1 1 1 1 1 1 1 1 1 1 1 1 1 1 1 1 1 1 1 1 1 1 1 1 1 1 1 1 1 1 1 1 1 1 1 1 1 1 1 1 1 1 1 1 1 1 1 1 1 1 1 1 1 1 1 1 1 1 1 1 1 1 1 1 1 1 1 1 1 1 1 1 1 1 1 1 1 1 1 1 1 1 1 1 1 1 1 1 1 1 1 1 1 1 1 1 1 1 1 1 1 1 1 1 1 1 1 1 1 1 1 1 1 1 1 1 1 1 1 1 1 1 1 1 1 1 1 1 1 1 1 1 1 1 1 1 1 1 1 1 1 1 1 1 1 1 1 1 1 1 1 1 1 1 1 1 1 1 1 1 1 1 1 1 1 1 1 1 1 1 1 1 1 1 1 1 1 1 1 1 1 1 1 1 1 1 1 1 1 1 1 1 1 1 1 1 1 1 1 1 1 1 1 1 1 1 1 1 1 1 1 1 1 1 1 1 1 1 1 1 1 1 1 1 1 1 1 1 1 1 1 1 1 1 1 1 1 1 1 1 1 1 1 1 1 1 1 1 1 1 1 1 1 1 1 1 1 1 1 1 1 1 1 1 1 1 1 1 1 1 1 1 1 1 1 1 1 1 1 1 1 1 1 1 1 1 1 1 1 1 1 1 1 1 1 1 1 1 1 1 1 1 1 1 1 1 1 1 1 1 1 1 1 1 1 1 1 1 1 1 1 1 1 1 1 1 1 1 1 1 1 1 1 1 1 1 1 1 1 1 1 1 1 1 1 1 1 1 1 1 1 1 1 1 1 1 1 1 1 1 1 1 1 1 1 1 1 1 1 1 1 1 1 1 1 1 1 1 1 1 1 1 1 1 1 1 1 1 1 1 1 1 1 1 1 1 1 1 1 1 1 1 1 1 1 1 1 1 1 1 1 1 1 1 1 1 1 1 1 1 1 1 1 1 1 1 1 1 1 1 1 1 1 1 1 1 1 1 1 1 1 1 1 1 1 1 1 1 1 1 1 1 1 1 1 1 1 1 1 1 1 1 1 1 1 1 1 1 1 1 1 1 1 1 1 1 1 1 1 1 1 1 1 1 1 1 1 1 1 1 1 1 1 1 1 1 1 1 1 1 1 1 1 1 1 1 1 1 1 1 1 1 1 1 1 1 1 1 1 1 1 1 1 1 1 1 1 1 1 1 1 1 1 1 1 1 1 1 1 1 1 1 1 1 1 1 1 1 1 1 1 1 1 1 1 1 1 1 1 1 1 1 1 1 1 1 1 1 1 1 1 1 1 1 1 1 1 1 1 1 1 1 1 1 1 1 1 1 1 1 1 1 1 1 1 1 1 1 1 1 1 1 1 1 1 1 1 1 1 1 1 1 1 1 1 1 1 1 1 1 1 1 1 1 1 1 1 1 1 1 1 1 1 1 1 1 1 1 1 1 1 1 1 1 1 1 1 1 1 1 1 1 1 1 1 1 1 1 1 1 1 1 1 1 1 1 1 1 1 1 1 1 1 1 1 1 1 1 1 1 1 1 1 1 1 1 1 1 1 1 1 1 1 1 1 1 1 1 1 1 1 1 1 1 1 1 1 1 1 1 1 1 1 1 1 1 1 1 1 1 1 1 1 1 1 1 1 1 1 1 1 1 1 1 1 1 1 1 1 1 1 1 1 1 1 1 1 1 1 1 1 1 1 1 1 1 1 1 1 1 1 1 1 1 1 1 1 1 1 1 1 1 1 1 1 1 1 1 1 1 1 1 1 1 1 1 1 1 1 1 1 1 1 1 1 1 1 1 1 1 1 1 1 1 1 1 1 1 1 1 1 1 1 1 1 1 1 1 1 1 1 1 1 1 1 1 1 1 1 1 1 1 1 1 1 1 1 1 1 1 1 1 1 1 1 1 1 1 1 1 1 1 1 1 1 1 1 1 1 1 1 1 1 1 1 1 1 1 1 1 1 1 1 1 1 1 1 1 1 1 1 1 1 1 1 1 1 1 1 1 1 1 1 1 1 1 1 1 1 1 1 1 1 1 1 1 1 1 1 1 1 1 1 1 1 1 1 1 1 1 1 1 1 1 1 1 1 1 1 1 1 1 1 1 1 1 1 1 1 1 1 1 1 1 1 1 1 1 1 1 1 1 1 1 1 1 1 1 1 1 1 1 1 1 1 1 1 1 1 1 1 1 1 1 1 1 1 1 1 1 1 1 1 1 1 1 1 1 1 1 1 1 1 1 1 1 1 1 1 1 1 1 1 1 1 1 1 1 1 1 1 1 1 1 1 1 1 1 1 1 1 1 1 1 1 1 1 1 1 1 1 1 1 1 1 1 1 1 1 1 1 1 1 1 1 1 1 1 1 1 1 1 1 1 1 1 1 1 1 1 1 1 1 1 1 1 1 1 1 1 1 1 1 1 1 1 1 1 1 1 1 1 1 1 1 1 1 1 1 1 1 1 1 1 1 1 1 1 1 1 1 1 1 1 1 1 1 1 1 1 1 1 1 1 1 1 1 1 1 1 1 1 1 1 1 1 1 1 1 1 1 1 1 1 1 1 1 1 1 1 1 1 1 1 1 1 1 1 1 1 1 1 1 1 1 1 1 1 1 1 1 1 1 1 1 1 1 1 1 1 1 1 1 1 1 1 1 1 1 1 1 1 1 1 1 1 1 1 1 1 1 1 1 1 1 1 1 1 1 1 1 1 1 1 1 1 1 1 1 1 1 1 1 1 1 1 1 1 1 1 1 1 1 1 1 1 1 1 1 1 1 1 1 1 1 1 1 1 1 1 1 1 1 1 1 1 1 1 1 1 1 1 1 1 1 1 1 1 1 1 1 1 1 1 1 1 1 1 1 1 1 1 1 1 1 1 1 1 1 1 1 1 1 1 1 1 1 1 1 1 1 1 1 1 1 1 1 1 1 1 1 1 1 1 1 1 1 1 1 1 1 1 1 1 1 1 1 1 1 1 1 1 1 1 1 1 1 1 1 1 1 1 1 1 1 1 1 1 1 1 1 1 1 1 1 1 1 1 1 1 1 1 1 1 1 1 1 1 1 1 1 1 1 1 1 1 1 1 1 1 1 1 1 1 1 1 1 1 1 1 1 1 1 1 1 1 1 1 1 1 1 1 1 1 1 1 1 1 1 1 1 1 1 1 1 1 1 1 1 1 1 1 1 1 1 1 1 1 1 1 1 1 1 1 1 1 1 1 1 1 1 1 1 1 1 1 1 1 1 1 1 1 1 1 1 1 1 1 1 1 1 1 1 1 1 1 1 1 1 1 1 1 1 1 1 1 1 1 1 1 1 1 1 1 1 1 1 1 1 1 1 1 1 1 1 1 1 1 1 1 1 1 1 1 1 1 1 1 1 1 1 1 1 1 1 1 1 1 1 1 1 1 1 1 1 1 1 1 1 1 1 1 1 1 1 1 1 1 1 1 1 1 1 1 1 1 1 1 1 1 1 1 1 1 1 1 1 1 1 1 1 1 1 1 1 1 1 1 1 1 1 1 1 1 1 1 1 1 1 1 1 1 1 1 1 1 1 1 1 1 1 1 1 1 1 1 1 1 1 1 1 1 1 1 1 1 1 1 1 1 1 1 1 1 1 1 1 1 1 1 1 1 1 1 1 1 1 1 1 1 1 1 1 1 1 1 1 1 1 1 1 1 1 1 1 1 1 1 1 1 1 1 1 1 1 1 1 1 1 1 1 1 1 1 1 1 1 1 1 1 1 1 1 1 1 1 1 1 1 1 1 1 1 1 1 1 1 1 1 1 1 1 1 1 1 1 1 1 1 1 1 1 1 1 1 1 1 1 1 1 1 1 1 1 1 1 1 1 1 1 1 1 1 1 1 1 1 1 1 1 1 1 1 1 1 1 1 1 1 1 1 1 1 1 1 1 1 1 1 1 1 1 1 1 1 1 1 1 1 1 1 1 1 1 1 1 1 1 1 1 1 1 1 1 1 1 1 1 1 1 1 1 1 1 1 1 1 1 1 1 1 1 1 1 1 1 1 1 1 1 1 1 1 1 1 1 1 1 1 1 1 1 1 1 1 1 1 1 1 1 1 1 1 1 1 1 1 1 1 1 1 1 1 1 1 1 1 1 1 1 1 1 1 1 1 1 1 1 1 1 1 1 1 1 1 1 1 1 1 1 1 1 1 1 1 1 1 1 1 1 1 1 1 1 1 1 1 1 1 1 1 1 1 1 1 1 1 1 1 1 1 1 1 1 1 1 1 1 1 1 1 1 1 1 1 1 1 1 1 1 1 1 1 1 1 1 1 1 1 1 1 1 1 1 1 1 1 1 1 1 1 1 1 1 1 1 1 1 1 1 1 1 1 1 1 1 1 1 1 1 1 1 1 1 1 1 1 1 1 1 1 1 1 1 1 1 1 1 1 1 1 1 1 1 1 1 1 1 1 1 1 1 1 1 1 1 1 1 1 1 1 1 1 1 1 1 1 1 1 1 1 1 1 1 1 1 1 1 1 1 1 1 1 1 1 1 1 1 1 1 1 1 1 1 1 1 1 1 1 1 1 1 1 1 1 1 1 1 1 1 1 1 1 1 1 1 1 1 1 1 1 1 1 1 1 1 1 1 1 1 1 1 1 1 1 1 1 1 1 1 1 1 1 1 1 1 1 1 1 1 1 1 1 1 1 1 1 1 1 1 1 1 1 1 1 1 1 1 1 1 1 1 1 1 1 1 1 1 1 1 1 1 1 1 1 1 1 1 1 1 1 1 1 1 1 1 1 1 1 1 1 1 1 1 1 1 1 1 1 1 1 1 1 1 1 1 1 1 1 1 1 1 1 1 1 1 1 1 1 1 1 1 1 1 1 1 1 1 1 1 1 1 1 1 1 1 1 1 1 1 1 1 1 1 1 1 1 1 1 1 1 1 1 1 1 1 1 1 1 1 1 1 1 1 1 1 1 1 1 1 1 1 1 1 1 1 1 1 1 1 1 1 1 1 1 1 1 1 1 1 1 1 1 1 1 1 1 1 1 1 1 1 1 1 1 1 1 1 1 1 1 1 1 1 1 1 1 1 1 1 1 1 1 1 1 1 1 1 1 1 1 1 1 1 1 1 1 1 1 1 1 1 1 1 1 1 1 1 1 1 1 1 1 1 1 1 1 1 1 1 1 1 1 1 1 1 1 1 1 1 1 1 1 1 1 1 1 1 1 1 1 1 1 1 1 1 1 1 1 1 1 1 1 1 1 1 1 1 1 1 1 1 1 1 1 1 1 1 1 1 1 1 1 1 1 1 1 1 1 1 1 1 1 1 1 1 1 1 1 1 1 1 1 1 1 1 1 1 1 1 1 1 1 1 1 1 1 1 1 1 1 1 1 1 1 1 1 1 1 1 1 1 1 1 1 1 1 1 1 1 1 1 1 1 1 1 1 1 1 1 1 1 1 1 1 1 1 1 1 1 1 1 1 1 1 1 1 1 1 1 1 1 1 1 1 1 1 1 1 1 1 1 1 1 1 1 1 1 1 1 1 1 1 1 1 1 1 1 1 1 1 1 1 1 1 1 1 1 1 1 1 1 1 1 1 1 1 1 1 1 1 1 1 1 1 1 1 1 1 1 1 1 1 1 1 1 1 1 1 1 1 1 1 1 1 1 1 1 1 1 1 1 1 1 1 1 1 1 1 1 1 1 1 1 1 1 1 1 1 1 1 1 1 1 1 1 1 1 1 1 1 1 1 1 1 1 1 1 1 1 1 1 1 1 1 1 1 1 1 1 1 1 1 1 1 1 1 1 1 1 1 1 1 1 1 1 1 1 1 1 1 1 1 1 1 1 1 1 1 1 1 1 1 1 1 1 1 1 1 1 1 1 1 1 1 1 1 1 1 1 1 1 1 1 1 1 1 1 1 1 1 1 1 1 1 1 1 1 1 1 1 1 1 1 1 1 1 1 1 1 1 1 1 1 1 1 1 1 1 1 1 1 1 1 1 1 1 1 1 1 1 1 1 1 1 1 1 1 1 1 1 1 1 1 1 1 1 1 1 1 1 1 1 1 1 1 1 1 1 1 1 1 1 1 1 1 1 1 1 1 1 1 1 1 1 1 1 1 1 1 1 1 1 1 1 1 1 1 1 1 1 1 1 1 1 1 1 1 1 1 1 1 1 1 1 1 1 1 1 1 1 1 1 1 1 1 1 1 1 1 1 1 1 1 1 1 1 1 1 1 1 1 1 1 1 1 1 1 1 1 1 1 1 1 1 1 1 1 1 1 1 1 1 1 1 1 1 1 1 1 1 1 1 1 1 1 1 1 1 1 1 1 1 1 1 1 1 1 1 1 1 1 1 1 1 1 1 1 1 1 1 1 1 1 1 1 1 1 1 1 1 1 1 1 1 1 1 1 1 1 1 1 1 1 1 1 1 1 1 1 1 1 1 1 1 1 1 1 1 1 1 1 1 1 1 1 1 1 1 1 1 1 1 1 1 1 1 1 1 1 1 1 1 1 1 1 1 1 1 1 1 1 1 1 1 1 1 1 1 1 1 1 1 1 1 1 1 1 1 1 1 1 1 1 1 1 1 1 1 1 1 1 1 1 1 1 1 1 1 1 1 1 1 1 1 1 1 1 1 1 1 1 1 1 1 1 1 1 1 1 1 1 1 1 1 1 1 1 1 1 1 1 1 1 1 1 1 1 1 1 1 1 1 1 1 1 1 1 1 1 1 1 1 1 1 1 1 1 1 1 1 1 1 1 1 1 1 1 1 1 1 1 1 1 1 1 1 1 1 1 1 1 1 1 1 1 1 1 1 1 1 1 1 1 1 1 1 1 1 1 1 1 1 1 1 1 1 1 1 1 1 1 1 1 1 1 1 1 1 1 1 1 1 1 1 1 1 1 1 1 1 1 1 1 1 1 1 1 1 1 1 1 1 1 1 1 1 1 1 1 1 1 1 1 1 1 1 1 1 1 1 1 1 1 1 1 1 1 1 1 1 1 1 1 1 1 1 1 1 1 1 1 1 1 1 1 1 1 1 1 1 1 1 1 1 1 1 1 1 1 1 1 1 1 1 1 1 1 1 1 1 1 1 1 1 1 1 1 1 1 1 1 1 1 1 1 1 1 1 1 1 1 1 1 1 1 1 1 1 1 1 1 1 1 1 1 1 1 1 1 1 1 1 1 1 1 1 1 1 1 1 1 1 1 1 1 1 1 1 1 1 1 1 1 1 1 1 1 1 1 1 1 1 1 1 1 1 1 1 1 1 1 1 1 1 1 1 1 1 1 1 1 1 1 1 1 1 1 1 1 1 1 1 1 1 1 1 1 1 1 1 1 1 1 1 1 1 1 1 1 1 1 1 1 1 1 1 1 1 1 1 1 1 1 1 1 1 1 1 1 1 1 1 1 1 1 1 1 1 1 1 1 1 1 1 1 1 1 1 1 1 1 1 1 1 1 1 1 1 1 1 1 1 1 1 1 1 1 1 1 1 1 1 1 1 1 1 1 1 1 1 1 1 1 1 1 1 1 1 1 1 1 1 1 1 1 1 1 1 1 1 1 1 1 1 1 1 1 1 1 1 1 1 1 1 1 1 1 1 1 1 1 1 1 1 1 1 1 1 1 1 1 1 1 1 1 1 1 1 1 1 1 1 1 1 1 1 1 1 1 1 1 1 1 1 1 1 1 1 1 1 1 1 1 1 1 1 1 1 1 1 1 1 1 1 1 1 1 1 1 1 1 1 1 1 1 1 1 1 1 1 1 1 1 1 1 1 1 1 1 1 1 1 1 1 1 1 1 1 1 1 1 1 1 1 1 1 1 1 1 1 1 1 1 1 1 1 1 1 1 1 1 1 1 1 1 1 1 1 1 1 1 1 1 1 1 1 1 1 1 1 1 1 1 1 1 1 1 1 1 1 1 1 1 1 1 1 1 1 1 1 1 1 1 1 1 1 1 1 1 1 1 1 1 1 1 1 1 1 1 1 1 1 1 1 1 1 1 1 1 1 1 1 1 1 1 1 1 1 1 1 1 1 1 1 1 1 1 1 1 1 1 1 1 1 1 1 1 1 1 1 1 1 1 1 1 1 1 1 1 1 1 1 1 1 1 1 1 1 1 1 1 1 1 1 1 1 1 1 1 1 1 1 1 1 1 1 1 1 1 1 1 1 1 1 1 1 1 1 1 1 1 1 1 1 1 1 1 1 1 1 1 1 1 1 1 1 1 1 1 1 1 1 1 1 1 1 1 1 1 1 1 1 1 1 1 1 1 1 1 1 1 1 1 1 1 1 1 1 1 1 1 1 1 1 1 1 1 1 1 1 1 1 1 1 1 1 1 1 1 1 1 1 1 1 1 1 1 1 1 1 1 1 1 1 1 1 1 1 1 1 1 1 1 1 1 1 1 1 1 1 1 1 1 1 1 1 1 1 1 1 1 1 1 1 1 1 1 1 1 1 1 1 1 1 1 1 1 1 1 1 1 1 1 1 1 1 1 1 1 1 1 1 1 1 1 1 1 1 1 1 1 1 1 1 1 1 1 1 1 1 1 1 1 1 1 1 1 1 1 1 1 1 1 1 1 1 1 1 1 1 1 1 1 1 1 1 1 1 1 1 1 1 1 1 1 1 1 1 1 1 1 1 1 1 1 1 1 1 1 1 1 1 1 1 1 1 1 1 1 1 1 1 1 1 1 1 1 1 1 1 1 1 1 1 1 1 1 1 1 1 1 1 1 1 1 1 1 1 1 1 1 1 1 1 1 1 1 1 1 1 1 1 1 1 1 1 1 1 1 1 1 1 1 1 1 1 1 1 1 1 1 1 1 1 1 1 1 1 1 1 1 1 1 1 1 1 1 1 1 1 1 1 1 1 1 1 1 1 1 1 1 1 1 1 1 1 1 1 1 1 1 1 1 1 1 1 1 1 1 1 1 1 1 1 1 1 1 1 1 1 1 1 1 1 1 1 1 1 1 1 1 1 1 1 1 1 1 1 1 1 1 1 1 1 1 1 1 1 1 1 1 1 1 1 1 1 1 1 1 1 1 1 1 1 1 1 1 1 1 1 1 1 1 1 1 1 1 1 1 1 1 1 1 1 1 1 1 1 1 1 1 1 1 1 1 1 1 1 1 1 1 1 1 1 1 1 1 1 1 1 1 1 1 1 1 1 1 1 1 1 1 1 1 1 1 1 1 1 1 1 1 1 1 1 1 1 1 1 1 1 1 1 1 1 1 1 1 1 1 1 1 1 1 1 1 1 1 1 1 1 1 1 1 1 1 1 1 1 1 1 1 1 1 1 1 1 1 1 1 1 1 1 1 1 1 1 1 1 1 1 1 1 1 1 1 1 1 1 1 1 1 1 1 1 1 1 1 1 1 1 1 1 1 1 1 1 1 1 1 1 1 1 1 1 1 1 1 1 1 1 1 1 1 1 1 1 1 1 1 1 1 1 1 1 1 1 1 1 1 1 1 1 1 1 1 1 1 1 1 1 1 1 1 1 1 1 1 1 1 1 1 1 1 1 1 1 1 1 1 1 1 1 1 1 1 1 1 1 1 1 1 1 1 1 1 1 1 1 1 1 1 1 1 1 1 1 1 1 1 1 1 1 1 1 1 1 1 1 1 1 1 1 1 1 1 1 1 1 1 1 1 1 1 1 1 1 1 1 1 1 1 1 1 1 1 1 1 1 1 1 1 1 1 1 1 1 1 1 1 1 1 1 1 1 1 1 1 1 1 1 1 1 1 1 1 1 1 1 1 1 1 1 1 1 1 1 1 1 1 1 1 1 1 1 1 1 1 1 1 1 1 1 1 1 1 1 1 1 1 1 1 1 1 1 1 1 1 1 1 1 1 1 1 1 1 1 1 1 1 1 1 1 1 1 1 1 1 1 1 1 1 1 1 1 1 1 1 1 1 1 1 1 1 1 1 1 1 1 1 1 1 1 1 1 1 1 1 1 1 1 1 1 1 1 1 1 1 1 1 1 1 1 1 1 1 1 1 1 1 1 1 1 1 1 1 1 1 1 1 1 1 1 1 1 1 1 1 1 1 1 1 1 1 1 1 1 1 1 1 1 1 1 1 1 1 1 1 1 1 1 1 1 1 1 1 1 1 1 1 1 1 1 1 1 1 1 1 1 1 1 1 1 1 1 1 1 1 1 1 1 1 1 1 1 1 1 1 1 1 1 1 1 1 1 1 1 1 1 1 1 1 1 1 1 1 1 1 1 1 1 1 1 1 1 1 1 1 1 1 1 1 1 1 1 1 1 1 1 1 1 1 1 1 1 1 1 1 1 1 1 1 1 1 1 1 1 1 1 1 1 1 1 1 1 1 1 1 1 1 1 1 1 1 1 1 1 1 1 1 1 1 1 1 1 1 1 1 1 1 1 1 1 1 1 1 1 1 1 1 1 1 1 1 1 1 1 1 1 1 1 1 1 1 1 1 1 1 1 1 1 1 1 1 1 1 1 1 1 1 1 1 1 1 1 1 1 1 1 1 1 1 1 1 1 1 1 1 1 1 1 1 1 1 1 1 1 1 1 1 1 1 1 1 1 1 1 1 1 1 1 1 1 1 1 1 1 1 1 1 1 1 1 1 1 1 1 1 1 1 1 1 1 1 1 1 1 1 1 1 1 1 1 1 1 1 1 1 1 1 1 1 1 1 1 1 1 1 1 1 1 1 1 1 1 1 1 1 1 1 1 1 1 1 1 1 1 1 1 1 1 1 1 1 1 1 1 1 1 1 1 1 1 1 1 1 1 1 1 1 1 1 1 1 1 1 1 1 1 1 1 1 1 1 1 1 1 1 1 1 1 1 1 1 1 1 1 1 1 1 1 1 1 1 1 1 1 1 1 1 1 1 1 1 1 1 1 1 1 1 1 1 1 1 1 1 1 1 1 1 1 1 1 1 1 1 1 1 1 1 1 1 1 1 1 1 1 1 1 1 1 1 1 1 1 1 1 1 1 1 1 1 1 1 1 1 1 1 1 1 1 1 1 1 1 1 1 1 1 1 1 1 1 1 1 1 1 1 1 1 1 1 1 1 1 1 1 1 1 1 1 1 1 1 1 1 1 1 1 1 1 1 1 1 1 1 1 1 1 1 1 1 1 1 1 1 1 1 1 1 1 1 1 1 1 1 1 1 1 1 1 1 1 1 1 1 1 1 1 1 1 1 1 1 1 1 1 1 1 1 1 1 1 1 1 1 1 1 1 1 1 1 1 1 1 1 1 1 1 1 1 1 1 1 1 1 1 1 1 1 1 1 1 1 1 1 1 1 1 1 1 1 1 1 1 1 1 1 1 1 1 1 1 1 1 1 1 1 1 1 1 1 1 1 1 1 1 1 1 1 1 1 1 1 1 1 1 1 1 1 1 1 1 1 1 1 1 1 1 1 1 1 1 1 1 1 1 1 1 1 1 1 1 1 1 1 1 1 1 1 1 1 1 1 1 1 1 1 1 1 1 1 1 1 1 1 1 1 1 1 1 1 1 1 1 1 1 1 1 1 1 1 1 1 1 1 1 1 1 1 1 1 1 1 1 1 1 1 1 1 1 1 1 1 1 1 1 1 1 1 1 1 1 1 1 1 1 1 1 1 1 1 1 1 1 1 1 1 1 1 1 1 1 1 1 1 1 1 1 1 1 1 1 1 1 1 1 1 1 1 1 1 1 1 1 1 1 1 1 1 1 1 1 1 1 1 1 1 1 1 1 1 1 1 1 1 1 1 1 1 1 1 1 1 1 1 1 1 1 1 1 1 1 1 1 1 1 1 1 1 1 1 1 1 1 1 1 1 1 1 1 1 1 1 1 1 1 1 1 1 1 1 1 1 1 1 1 1 1 1 1 1 1 1 1 1 1 1 1 1 1 1 1 1 1 1 1 1 1 1 1 1 1 1 1 1 1 1 1 1 1 1 1 1 1 1 1 1 1 1 1 1 1 1 1 1 1 1 1 1 1 1 1 1 1 1 1 1 1 1 1 1 1 1 1 1 1 1 1 1 1 1 1 1 1 1 1 1 1 1 1 1 1 1 1 1 1 1 1 1 1 1 1 1 1 1 1 1 1 1 1 1 1 1 1 1 1 1 1 1 1 1 1 1 1 1 1 1 1 1 1 1 1 1 1 1 1 1 1 1 1 1 1 1 1 1 1 1 1 1 1 1 1 1 1 1 1 1 1 1 1 1 1 1 1 1 1 1 1 1 1 1 1 1 1 1 1 1 1 1 1 1 1 1 1 1 1 1 1 1 1 1 1 1 1 1 1 1 1 1 1 1 1 1 1 1 1 1 1 1 1 1 1 1 1 1 1 1 1 1 1 1 1 1 1 1 1 1 1 1 1 1 1 1 1 1 1 1 1 1 1 1 1 1 1 1 1 1 1 1 1 1 1 1 1 1 1 1 1 1 1 1 1 1 1 1 1 1 1 1 1 1 1 1 1 1 1 1 1 1 1 1 1 1 1 1 1 1 1 1 1 1 1 1 1 1 1 1 1 1 1 1 1 1 1 1 1 1 1 1 1 1 1 1 1 1 1 1 1 1 1 1 1 1 1 1 1 1 1 1 1 1 1 1 1 1 1 1 1 1 1 1 1 1 1 1 1 1 1 1 1 1 1 1 1 1 1 1 1 1 1 1 1 1 1 1 1 1 1 1 1 1 1 1 1 1 1 1 1 1 1 1 1 1 1 1 1 1 1 1 1 1 1 1 1 1 1 1 1 1 1 1 1 1 1 1 1 1 1 1 1 1 1 1 1 1 1 1 1 1 1 1 1 1 1 1 1 1 1 1 1 1 1 1 1 1 1 1 1 1 1 1 1 1 1 1 1 1 1 1 1 1 1 1 1 1 1 1 1 1 1 1 1 1 1 1 1 1 1 1 1 1 1 1 1 1 1 1 1 1 1 1 1 1 1 1 1 1 1 1 1 1 1 1 1 1 1 1 1 1 1 1 1 1 1 1 1 1 1 1 1 1 1 1 1 1 1 1 1 1 1 1 1 1 1 1 1 1 1 1 1 1 1 1 1 1 1 1 1 1 1 1 1 1 1 1 1 1 1 1 1 1 1 1 1 1 1 1 1 1 1 1 1 1 1 1 1 1 1 1 1 1 1 1 1 1 1 1 1 1 1 1 1 1 1 1 1 1 1 1 1 1 1 1 1 1 1 1 1 1 1 1 1 1 1 1 1 1 1 1 1 1 1 1 1 1 1 1 1 1 1 1 1 1 1 1 1 1 1 1 1 1 1 1 1 1 1 1 1 1 1 1 1 1 1 1 1 1 1 1 1 1 1 1 1 1 1 1 1 1 1 1 1 1 1 1 1 1 1 1 1 1 1 1 1 1 1 1 1 1 1 1 1 1 1 1 1 1 1 1 1 1 1 1 1 1 1 1 1 1 1 1 1 1 1 1 1 1 1 1 1 1 1 1 1 1 1 1 1 1 1 1 1 1 1 1 1 1 1 1 1 1 1 1 1 1 1 1 1 1 1 1 1 1 1 1 1 1 1 1 1 1 1 1 1 1 1 1 1 1 1 1 1 1 1 1 1 1 1 1 1 1 1 1 1 1 1 1 1 1 1 1 1 1 1 1 1 1 1 1 1 1 1 1 1 1 1 1 1 1 1 1 1 1 1 1 1 1 1 1 1 1 1 1 1 1 1 1 1 1 1 1 1 1 1 1 1 1 1 1 1 1 1 1 1 1 1 1 1 1 1 1 1 1 1 1 1 1 1 1 1 1 1 1 1 1 1 1 1 1 1 1 1 1 1 1 1 1 1 1 1 1 1 1 1 1 1 1 1 1 1 1 1 1 1 1 1 1 1 1 1 1 1 1 1 1 1 1 1 1 1 1 1 1 1 1 1 1 1 1 1 1 1 1 1 1 1 1 1 1 1 1 1 1 1 1 1 1 1 1 1 1 1 1 1 1 1 1 1 1 1 1 1 1 1 1 1 1 1 1 1 1 1 1 1 1 1 1 1 1 1 1 1 1 1 1 1 1 1 1 1 1 1 1 1 1 1 1 1 1 1 1 1 1 1 1 1 1 1 1 1 1 1 1 1 1 1 1 1 1 1 1 1 1 1 1 1 1 1 1 1 1 1 1 1 1 1 1 1 1 1 1 1 1 1 1 1 1 1 1 1 1 1 1 1 1 1 1 1 1 1 1 1 1 1 1 1 1 1 1 1 1 1 1 1 1 1 1 1 1 1 1 1 1 1 1 1 1 1 1 1 1 1 1 1 1 1 1 1 1 1 1 1 1 1 1 1 1 1 1 1 1 1 1 1 1 1 1 1 1 1 1 1 1 1 1 1 1 1 1 1 1 1 1 1 1 1 1 1 1 1 1 1 1 1 1 1 1 1 1 1 1 1 1 1 1 1 1 1 1 1 1 1 1 1 1 1 1 1 1 1 1 1 1 1 1 1 1 1 1 1 1 1 1 1 1 1 1 1 1 1 1 1 1 1 1 1 1 1 1 1 1 1 1 1 1 1 1 1 1 1 1 1 1 1 1 1 1 1 1 1 1 1 1 1 1 1 1 1 1 1 1 1 1 1 1 1 1 1 1 1 1 1 1 1 1 1 1 1 1 1 1 1 1 1 1 1 1 1 1 1 1 1 1 1 1 1 1 1 1 1 1 1 1 1 1 1 1 1 1 1 1 1 1 1 1 1 1 1 1 1 1 1 1 1 1 1 1 1 1 1 1 1 1 1 1 1 1 1 1 1 1 1 1 1 1 1 1 1 1 1 1 1 1 1 1 1 1 1 1 1 1 1 1 1 1 1 1 1 1 1 1 1 1 1 1 1 1 1 1 1 1 1 1 1 1 1 1 1 1 1 1 1 1 1 1 1 1 1 1 1 1 1 1 1 1 1 1 1 1 1 1 1 1 1 1 1 1 1 1 1 1 1 1 1 1 1 1 1 1 1 1 1 1 1 1 1 1 1 1 1 1 1 1 1 1 1 1 1 1 1 1 1 1 1 1 1 1 1 1 1 1 1 1 1 1 1 1 1 1 1 1 1 1 1 1 1 1 1 1 1 1 1 1 1 1 1 1 1 1 1 1 1 1 1 1 1 1 1 1 1 1 1 1 1 1 1 1 1 1 1 1 1 1 1 1 1 1 1 1 1 1 1 1 1 1 1 1 1 1 1 1 1 1 1 1 1 1 1 1 1 1 1 1 1 1 1 1 1 1 1 1 1 1 1 1 1 1 1 1 1 1 1 1 1 1 1 1 1 1 1 1 1 1 1 1 1 1 1 1 1 1 1 1 1 1 1 1 1 1 1 1 1 1 1 1 1 1 1 1 1 1 1 1 1 1 1 1 1 1 1 1 1 1 1 1 1 1 1 1 1 1 1 1 1 1 1 1 1 1 1 1 1 1 1 1 1 1 1 1 1 1 1 1 1 1 1 1 1 1 1 1 1 1 1 1 1 1 1 1 1 1 1 1 1 1 1 1 1 1 1 1 1 1 1 1 1 1 1 1 1 1 1 1 1 1 1 1 1 1 1 1 1 1 1 1 1 1 1 1 1 1 1 1 1 1 1 1 1 1 1 1 1 1 1 1 1 1 1 1 1 1 1 1 1 1 1 1 1 1 1 1 1 1 1 1 1 1 1 1 1 1 1 1 1 1 1 1 1 1 1 1 1 1 1 1 1 1 1 1 1 1 1 1 1 1 1 1 1 1 1 1 1 1 1 1 1 1 1 1 1 1 1 1 1 1 1 1 1 1 1 1 1 1 1 1 1 1 1 1 1 1 1 1 1 1 1 1 1 1 1 1 1 1 1 1 1 1 1 1 1 1 1 1 1 1 1 1 1 1 1 1 1 1 1 1 1 1 1 1 1 1 1 1 1 1 1 1 1 1 1 1 1 1 1 1 1 1 1 1 1 1 1 1 1 1 1 1 1 1 1 1 1 1 1 1 1 1 1 1 1 1 1 1 1 1 1 1 1 1 1 1 1 1 1 1 1 1 1 1 1 1 1 1 1 1 1 1 1 1 1 1 1 1 1 1 1 1 1 1 1 1 1 1 1 1 1 1 1 1 1 1 1 1 1 1 1 1 1 1 1 1 1 1 1 1 1 1 1 1 1 1 1 1 1 1 1 1 1 1 1 1 1 1 1 1 1 1 1 1 1 1 1 1 1 1 1 1 1 1 1 1 1 1 1 1 1 1 1 1 1 1 1 1 1 1 1 1 1 1 1 1 1 1 1 1 1 1 1 1 1 1 1 1 1 1 1 1 1 1 1 1 1 1 1 1 1 1 1 1 1 1 1 1 1 1 1 1 1 1 1 1 1 1 1 1 1 1 1 1 1 1 1 1 1 1 1 1 1 1 1 1 1 1 1 1 1 1 1 1 1 1 1 1 1 1 1 1 1 1 1 1 1 1 1 1 1 1 1 1 1 1 1 1 1 1 1 1 1 1 1 1 1 1 1 1 1 1 1 1 1 1 1 1 1 1 1 1 1 1 1 1 1 1 1 1 1 1 1 1 1 1 1 1 1 1 1 1 1 1 1 1 1 1 1 1 1 1 1 1 1 1 1 1 1 1 1 1 1 1 1 1 1 1 1 1 1 1 1 1 1 1 1 1 1 1 1 1 1 1 1 1 1 1 1 1 1 1 1 1 1 1 1 1 1 1 1 1 1 1 1 1 1 1 1 1 1 1 1 1 1 1 1 1 1 1 1 1 1 1 1 1 1 1 1 1 1 1 1 1 1 1 1 1 1 1 1 1 1 1 1 1 1 1 1 1 1 1 1 1 1 1 1 1 1 1 1 1 1 1 1 1 1 1 1 1 1 1 1 1 1 1 1 1 1 1 1 1 1 1 1 1 1 1 1 1 1 1 1 1 1 1 1 1 1 1 1 1 1 1 1 1 1 1 1 1 1 1 1 1 1 1 1 1 1 1 1 1 1 1 1 1 1 1 1 1 1 1 1 1 1 1 1 1 1 1 1 1 1 1 1 1 1 1 1 1 1 1 1 1 1 1 1 1 1 1 1 1 1 1 1 1 1 1 1 1 1 1 1 1 1 1 1 1 1 1 1 1 1 1 1 1 1 1 1 1 1 1 1 1 1 1 1 1 1 1 1 1 1 1 1 1 1 1 1 1 1 1 1 1 1 1 1 1 1 1 1 1 1 1 1 1 1 1 1 1 1 1 1 1 1 1 1 1 1 1 1 1 1 1 1 1 1 1 1 1 1 1 1 1 1 1 1 1 1 1 1 1 1 1 1 1 1 1 1 1 1 1 1 1 1 1 1 1 1 1 1 1 1 1 1 1 1 1 1 1 1 1 1 1 1 1 1 1 1 1 1 1 1 1 1 1 1 1 1 1 1 1 1 1 1 1 1 1 1 1 1 1 1 1 1 1 1 1 1 1 1 1 1 1 1 1 1 1 1 1 1 1 1 1 1 1 1 1 1 1 1 1 1 1 1 1 1 1 1 1 1 1 1 1 1 1 1 1 1 1 1 1 1 1 1 1 1 1 1 1 1 1 1 1 1 1 1 1 1 1 1 1 1 1 1 1 1 1 1 1 1 1 1 1 1 1 1 1 1 1 1 1 1 1 1 1 1 1 1 1 1 1 1 1 1 1 1 1 1 1 1 1 1 1 1 1 1 1 1 1 1 1 1 1 1 1 1 1 1 1 1 1 1 1 1 1 1 1 1 1 1 1 1 1 1 1 1 1 1 1 1 1 1 1 1 1 1 1 1 1 1 1 1 1 1 1 1 1 1 1 1 1 1 1 1 1 1 1 1 1 1 1 1 1 1 1 1 1 1 1 1 1 1 1 1 1 1 1 1 1 1 1 1 1 1 1 1 1 1 1 1 1 1 1 1 1 1 1 1 1 1 1 1 1 1 1 1 1 1 1 1 1 1 1 1 1 1 1 1 1 1 1 1 1 1 1 1 1 1 1 1 1 1 1 1 1 1 1 1 1 1 1 1 1 1 1 1 1 1 1 1 1 1 1 1 1 1 1 1 1 1 1 1 1 1 1 1 1 1 1 1 1 1 1 1 1 1 1 1 1 1 1 1 1 1 1 1 1 1 1 1 1 1 1 1 1 1 1 1 1 1 1 1 1 1 1 1 1 1 1 1 1 1 1 1 1 1 1 1 1 1 1 1 1 1 1 1 1 1 1 1 1 1 1 1 1 1 1 1 1 1 1 1 1 1 1 1 1 1 1 1 1 1 1 1 1 1 1 1 1 1 1 1 1 1 1 1 1 1 1 1 1 1 1 1 1 1 1 1 1 1 1 1 1 1 1 1 1 1 1 1 1 1 1 1 1 1 1 1 1 1 1 1 1 1 1 1 1 1 1 1 1 1 1 1 1 1 1 1 1 1 1 1 1 1 1 1 1 1 1 1 1 1 1 1 1 1 1 1 1 1 1 1 1 1 1 1 1 1 1 1 1 1 1 1 1 1 1 1 1 1 1 1 1 1 1 1 1 1 1 1 1 1 1 1 1 1 1 1 1 1 1 1 1 1 1 1 1 1 1 1 1 1 1 1 1 1 1 1 1 1 1 1 1 1 1 1 1 1 1 1 1 1 1 1 1 1 1 1 1 1 1 1 1 1 1 1 1 1 1 1 1 1 1 1 1 1 1 1 1 1 1 1 1 1 1 1 1 1 1 1 1 1 1 1 1 1 1 1 1 1 1 1 1 1 1 1 1 1 1 1 1 1 1 1 1 1 1 1 1 1 1 1 1 1 1 1 1 1 1 1 1 1 1 1 1 1 1 1 1 1 1 1 1 1 1 1 1 1 1 1 1 1 1 1 1 1 1 1 1 1 1 1 1 1 1 1 1 1 1 1 1 1 1 1 1 1 1 1 1 1 1 1 1 1 1 1 1 1 1 1 1 1 1 1 1 1 1 1 1 1 1 1 1 1 1 1 1 1 1 1 1 1 1 1 1 1 1 1 1 1 1 1 1 1 1 1 1 1 1 1 1 1 1 1 1 1 1 1 1 1 1 1 1 1 1 1 1 1 1 1 1 1 1 1 1 1 1 1 1 1 1 1 1 1 1 1 1 1 1 1 1 1 1 1 1 1 1 1 1 1 1 1 1 1 1 1 1 1 1 1 1 1 1 1 1 1 1 1 1 1 1 1 1 1 1 1 1 1 1 1 1 1 1 1 1 1 1 1 1 1 1 1 1 1 1 1 1 1 1 1 1 1 1 1 1 1 1 1 1 1 1 1 1 1 1 1 1 1 1 1 1 1 1 1 1 1 1 1 1 1 1 1 1 1 1 1 1 1 1 1 1 1 1 1 1 1 1 1 1 1 1 1 1 1 1 1 1 1 1 1 1 1 1 1 1 1 1 1 1 1 1 1 1 1 1 1 1 1 1 1 1 1 1 1 1 1 1 1 1 1 1 1 1 1 1 1 1 1 1 1 1 1 1 1 1 1 1 1 1 1 1 1 1 1 1 1 1 1 1 1 1 1 1 1 1 1 1 1 1 1 1 1 1 1 1 1 1 1 1 1 1 1 1 1 1 1 1 1 1 1 1 1 1 1 1 1 1 1 1 1 1 1 1 1 1 1 1 1 1 1 1 1 1 1 1 1 1 1 1 1 1 1 1 1 1 1 1 1 1 1 1 1 1 1 1 1 1 1 1 1 1 1 1 1 1 1 1 1 1 1 1 1 1 1 1 1 1 1 1 1 1 1 1 1 1 1 1 1 1 1 1 1 1 1 1 1 1 1 1 1 1 1 1 1 1 1 1 1 1 1 1 1 1 1 1 1 1 1 1 1 1 1 1 1 1 1 1 1 1 1 1 1 1 1 1 1 1 1 1 1 1 1 1 1 1 1 1 1 1 1 1 1 1 1 1 1 1 1 1 1 1 1 1 1 1 1 1 1 1 1 1 1 1 1 1 1 1 1 1 1 1 1 1 1 1 1 1 1 1 1 1 1 1 1 1 1 1 1 1 1 1 1 1 1 1 1 1 1 1 1 1 1 1 1 1 1 1 1 1 1 1 1 1 1 1 1 1 1 1 1 1 1 1 1 1 1 1 1 1 1 1 1 1 1 1 1 1 1 1 1 1 1 1 1 1 1 1 1 1 1 1 1 1 1 1 1 1 1 1 1 1 1 1 1 1 1 1 1 1 1 1 1 1 1 1 1 1 1 1 1 1 1 1 1 1 1 1 1 1 1 1 1 1 1 1 1 1 1 1 1 1 1 1 1 1 1 1 1 1 1 1 1 1 1 1 1 1 1 1 1 1 1 1 1 1 1 1 1 1 1 1 1 1 1 1 1 1 1 1 1 1 1 1 1 1 1 1 1 1 1 1 1 1 1 1 1 1 1 1 1 1 1 1 1 1 1 1 1 1 1 1 1 1 1 1 1 1 1 1 1 1 1 1 1 1 1 1 1 1 1 1 1 1 1 1 1 1 1 1 1 1 1 1 1 1 1 1 1 1 1 1 1 1 1 1 1 1 1 1 1 1 1 1 1 1 1 1 1 1 1 1 1 1 1 1 1 1 1 1 1 1 1 1 1 1 1 1 1 1 1 1 1 1 1 1 1 1 1 1 1 1 1 1 1 1 1 1 1 1 1 1 1 1 1 1 1 1 1 1 1 1 1 1 1 1 1 1 1 1 1 1 1 1 1 1 1 1 1 1 1 1 1 1 1 1 1 1 1 1 1 1 1 1 1 1 1 1 1 1 1 1 1 1 1 1 1 1 1 1 1 1 1 1 1 1 1 1 1 1 1 1 1 1 1 1 1 1 1 1 1 1 1 1 1 1 1 1 1 1 1 1 1 1 1 1 1 1 1 1 1 1 1 1 1 1 1 1 1 1 1 1 1 1 1 1 1 1 1 1 1 1 1 1 1 1 1 1 1 1 1 1 1 1 1 1 1 1 1 1 1 1 1 1 1 1 1 1 1 1 1 1 1 1 1 1 1 1 1 1 1 1 1 1 1 1 1 1 1 1 1 1 1 1 1 1 1 1 1 1 1 1 1 1 1 1 1 1 1 1 1 1 1 1 1 1 1 1 1 1 1 1 1 1 1 1 1 1 1 1 1 1 1 1 1 1 1 1 1 1 1 1 1 1 1 1 1 1 1 1 1 1 1 1 1 1 1 1 1 1 1 1 1 1 1 1 1 1 1 1 1 1 1 1 1 1 1 1 1 1 1 1 1 1 1 1 1 1 1 1 1 1 1 1 1 1 1 1 1 1 1 1 1 1 1 1 1 1 1 1 1 1 1 1 1 1 1 1 1 1 1 1 1 1 1 1 1 1 1 1 1 1 1 1 1 1 1 1 1 1 1 1 1 1 1 1 1 1 1 1 1 1 1 1 1 1 1 1 1 1 1 1 1 1 1 1 1 1 1 1 1 1 1 1 1 1 1 1 1 1 1 1 1 1 1 1 1 1 1 1 1 1 1 1 1 1 1 1 1 1 1 1 1 1 1 1 1 1 1 1 1 1 1 1 1 1 1 1 1 1 1 1 1 1 1 1 1 1 1 1 1 1 1 1 1 1 1 1 1 1 1 1 1 1 1 1 1 1 1 1 1 1 1 1 1 1 1 1 1 1 1 1 1 1 1 1 1 1 1 1 1 1 1 1 1 1 1 1 1 1 1 1 1 1 1 1 1 1 1 1 1 1 1 1 1 1 1 1 1 1 1 1 1 1 1 1 1 1 1 1 1 1 1 1 1 1 1 1 1 1 1 1 1 1 1 1 1 1 1 1 1 1 1 1 1 1 1 1 1 1 1 1 1 1 1 1 1 1 1 1 1 1 1 1 1 1 1 1 1 1 1 1 1 1 1 1 1 1 1 1 1 1 1 1 1 1 1 1 1 1 1 1 1 1 1 1 1 1 1 1 1 1 1 1 1 1 1 1 1 1 1 1 1 1 1 1 1 1 1 1 1 1 1 1 1 1 1 1 1 1 1 1 1 1 1 1 1 1 1 1 1 1 1 1 1 1 1 1 1 1 1 1 1 1 1 1 1 1 1 1 1 1 1 1 1 1 1 1 1 1 1 1 1 1 1 1 1 1 1 1 1 1 1 1 1 1 1 1 1 1 1 1 1 1 1 1 1 1 1 1 1 1 1 1 1 1 1 1 1 1 1 1 1 1 1 1 1 1 1 1 1 1 1 1 1 1 1 1 1 1 1 1 1 1 1 1 1 1 1 1 1 1 1 1 1 1 1 1 1 1 1 1 1 1 1 1 1 1 1 1 1 1 1 1 1 1 1 1 1 1 1 1 1 1 1 1 1 1 1 1 1 1 1 1 1 1 1 1 1 1 1 1 1 1 1 1 1 1 1 1 1 1 1 1 1 1 1 1 1 1 1 1 1 1 1 1 1 1 1 1 1 1 1 1 1 1 1 1 1 1 1 1 1 1 1 1 1 1 1 1 1 1 1 1 1 1 1 1 1 1 1 1 1 1 1 1 1 1 1 1 1 1 1 1 1 1 1 1 1 1 1 1 1 1 1 1 1 1 1 1 1 1 1 1 1 1 1 1 1 1 1 1 1 1 1 1 1 1 1 1 1 1 1 1 1 1 1 1 1 1 1 1 1 1 1 1 1 1 1 1 1 1 1 1 1 1 1 1 1 1 1 1 1 1 1 1 1 1 1 1 1 1 1 1 1 1 1 1 1 1 1 1 1 1 1 1 1 1 1 1 1 1 1 1 1 1 1 1 1 1 1 1 1 1 1 1 1 1 1 1 1 1 1 1 1 1 1 1 1 1 1 1 1 1 1 1 1 1 1 1 1 1 1 1 1 1 1 1 1 1 1 1 1 1 1 1 1 1 1 1 1 1 1 1 1 1 1 1 1 1 1 1 1 1 1 1 1 1 1 1 1 1 1 1 1 1 1 1 1 1 1 1 1 1 1 1 1 1 1 1 1 1 1 1 1 1 1 1 1 1 1 1 1 1 1 1 1 1 1 1 1 1 1 1 1 1 1 1 1 1 1 1 1 1 1 1 1 1 1 1 1 1 1 1 1 1 1 1 1 1 1 1 1 1 1 1 1 1 1 1 1 1 1 1 1 1 1 1 1 1 1 1 1 1 1 1 1 1 1 1 1 1 1 1 1 1 1 1 1 1 1 1 1 1 1 1 1 1 1 1 1 1 1 1 1 1 1 1 1 1 1 1 1 1 1 1 1 1 1 1 1 1 1 1 1 1 1 1 1 1 1 1 1 1 1 1 1 1 1 1 1 1 1 1 1 1 1 1 1 1 1 1 1 1 1 1 1 1 1 1 1 1 1 1 1 1 1 1 1 1 1 1 1 1 1 1 1 1 1 1 1 1 1 1 1 1 1 1 1 1 1 1 1 1 1 1 1 1 1 1 1 1 1 1 1 1 1 1 1 1 1 1 1 1 1 1 1 1 1 1 1 1 1 1 1 1 1 1 1 1 1 1 1 1 1 1 1 1 1 1 1 1 1 1 1 1 1 1 1 1 1 1 1 1 1 1 1 1 1 1 1 1 1 1 1 1 1 1 1 1 1 1 1 1 1 1 1 1 1 1 1 1 1 1 1 1 1 1 1 1 1 1 1 1 1 1 1 1 1 1 1 1 1 1 1 1 1 1 1 1 1 1 1 1 1 1 1 1 1 1 1 1 1 1 1 1 1 1 1 1 1 1 1 1 1 1 1 1 1 1 1 1 1 1 1 1 1 1 1 1 1 1 1 1 1 1 1 1 1 1 1 1 1 1 1 1 1 1 1 1 1 1 1 1 1 1 1 1 1 1 1 1 1 1 1 1 1 1 1 1 1 1 1 1 1 1 1 1 1 1 1 1 1 1 1 1 1 1 1 1 1 1 1 1 1 1 1 1 1 1 1 1 1 1 1 1 1 1 1 1 1 1 1 1 1 1 1 1 1 1 1 1 1 1 1 1 1 1 1 1 1 1 1 1 1 1 1 1 1 1 1 1 1 1 1 1 1 1 1 1 1 1 1 1 1 1 1 1 1 1 1 1 1 1 1 1 1 1 1 1 1 1 1 1 1 1 1 1 1 1 1 1 1 1 1 1 1 1 1 1 1 1 1 1 1 1 1 1 1 1 1 1 1 1 1 1 1 1 1 1 1 1 1 1 1 1 1 1 1 1 1 1 1 1 1 1 1 1 1 1 1 1 1 1 1 1 1 1 1 1 1 1 1 1 1 1 1 1 1 1 1 1 1 1 1 1 1 1 1 1 1 1 1 1 1 1 1 1 1 1 1 1 1 1 1 1 1 1 1 1 1 1 1 1 1 1 1 1 1 1 1 1 1 1 1 1 1 1 1 1 1 1 1 1 1 1 1 1 1 1 1 1 1 1 1 1 1 1 1 1 1 1 1 1 1 1 1 1 1 1 1 1 1 1 1 1 1 1 1 1 1 1 1 1 1 1 1 1 1 1 1 1 1 1 1 1 1 1 1 1 1 1 1 1 1 1 1 1 1 1 1 1 1 1 1 1 1 1 1 1 1 1 1 1 1 1 1 1 1 1 1 1 1 1 1 1 1 1 1 1 1 1 1 1 1 1 1 1 1 1 1 1 1 1 1 1 1 1 1 1 1 1 1 1 1 1 1 1 1 1 1 1 1 1 1 1 1 1 1 1 1 1 1 1 1 1 1 1 1 1 1 1 1 1 1 1 1 1 1 1 1 1 1 1 1 1 1 1 1 1 1 1 1 1 1 1 1 1 1 1 1 1 1 1 1 1 1 1 1 1 1 1 1 1 1 1 1 1 1 1 1 1 1 1 1 1 1 1 1 1 1 1 1 1 1 1 1 1 1 1 1 1 1 1 1 1 1 1 1 1 1 1 1 1 1 1 1 1 1 1 1 1 1 1 1 1 1 1 1 1 1 1 1 1 1 1 1 1 1 1 1 1 1 1 1 1 1 1 1 1 1 1 1 1 1 1 1 1 1 1 1 1 1 1 1 1 1 1 1 1 1 1 1 1 1 1 1 1 1 1 1 1 1 1 1 1 1 1 1 1 1 1 1 1 1 1 1 1 1 1 1 1 1 1 1 1 1 1 1 1 1 1 1 1 1 1 1 1 1 1 1 1 1 1 1 1 1 1 1 1 1 1 1 1 1 1 1 1 1 1 1 1 1 1 1 1 1 1 1 1 1 1 1 1 1 1 1 1 1 1 1 1 1 1 1 1 1 1 1 1 1 1 1 1 1 1 1 1 1 1 1 1 1 1 1 1 1 1 1 1 1 1 1 1 1 1 1 1 1 1 1 1 1 1 1 1 1 1 1 1 1 1 1 1 1 1 1 1 1 1 1 1 1 1 1 1 1 1 1 1 1 1 1 1 1 1 1 1 1 1 1 1 1 1 1 1 1 1 1 1 1 1 1 1 1 1 1 1 1 1 1 1 1 1 1 1 1 1 1 1 1 1 1 1 1 1 1 1 1 1 1 1 1 1 1 1 1 1 1 1 1 1 1 1 1 1 1 1 1 1 1 1 1 1 1 1 1 1 1 1 1 1 1 1 1 1 1 1 1 1 1 1 1 1 1 1 1 1 1 1 1 1 1 1 1 1 1 1 1 1 1 1 1 1 1 1 1 1 1 1 1 1 1 1 1 1 1 1 1 1 1 1 1 1 1 1 1 1 1 1 1 1 1 1 1 1 1 1 1 1 1 1 1 1 1 1 1 1 1 1 1 1 1 1 1 1 1 1 1 1 1 1 1 1 1 1 1 1 1 1 1 1 1 1 1 1 1 1 1 1 1 1 1 1 1 1 1 1 1 1 1 1 1 1 1 1 1 1 1 1 1 1 1 1 1 1 1 1 1 1 1 1 1 1 1 1 1 1 1 1 1 1 1 1 1 1 1 1 1 1 1 1 1 1 1 1 1 1 1 1 1 1 1 1 1 1 1 1 1 1 1 1 1 1 1 1 1 1 1 1 1 1 1 1 1 1 1 1 1 1 1 1 1 1 1 1 1 1 1 1 1 1 1 1 1 1 1 1 1 1 1 1 1 1 1 1 1 1 1 1 1 1 1 1 1 1 1 1 1 1 1 1 1 1 1 1 1 1 1 1 1 1 1 1 1 1 1 1 1 1 1 1 1 1 1 1 1 1 1 1 1 1 1 1 1 1 1 1 1 1 1 1 1 1 1 1 1 1 1 1 1 1 1 1 1 1 1 1 1 1 1 1 1 1 1 1 1 1 1 1 1 1 1 1 1 1 1 1 1 1 1 1 1 1 1 1 1 1 1 1 1 1 1 1 1 1 1 1 1 1 1 1 1 1 1 1 1 1 1 1 1 1 1 1 1 1 1 1 1 1 1 1 1 1 1 1 1 1 1 1 1 1 1 1 1 1 1 1 1 1 1 1 1 1 1 1 1 1 1 1 1 1 1 1 1 1 1 1 1 1 1 1 1 1 1 1 1 1 1 1 1 1 1 1 1 1 1 1 1 1 1 1 1 1 1 1 1 1 1 1 1 1 1 1 1 1 1 1 1 1 1 1 1 1 1 1 1 1 1 1 1 1 1 1 1 1 1 1 1 1 1 1 1 1 1 1 1 1 1 1 1 1 1 1 1 1 1 1 1 1 1 1 1 1 1 1 1 1 1 1 1 1 1 1 1 1 1 1 1 1 1 1 1 1 1 1 1 1 1 1 1 1 1 1 1 1 1 1 1 1 1 1 1 1 1 1 1 1 1 1 1 1 1 1 1 1 1 1 1 1 1 1 1 1 1 1 1 1 1 1 1 1 1 1 1 1 1 1 1 1 1 1 1 1 1 1 1 1 1 1 1 1 1 1 1 1 1 1 1 1 1 1 1 1 1 1 1 1 1 1 1 1 1 1 1 1 1 1 1 1 1 1 1 1 1 1 1 1 1 1 1 1 1 1 1 1 1 1 1 1 1 1 1 1 1 1 1 1 1 1 1 1 1 1 1 1 1 1 1 1 1 1 1 1 1 1 1 1 1 1 1 1 1 1 1 1 1 1 1 1 1 1 1 1 1 1 1 1 1 1 1 1 1 1 1 1 1 1 1 1 1 1 1 1 1 1 1 1 1 1 1 1 1 1 1 1 1 1 1 1 1 1 1 1 1 1 1 1 1 1 1 1 1 1 1 1 1 1 1 1 1 1 1 1 1 1 1 1 1 1 1 1 1 1 1 1 1 1 1 1 1 1 1 1 1 1 1 1 1 1 1 1 1 1 1 1 1 1 1 1 1 1 1 1 1 1 1 1 1 1 1 1 1 1 1 1 1 1 1 1 1 1 1 1 1 1 1 1 1 1 1 1 1 1 1 1 1 1 1 1 1 1 1 1 1 1 1 1 1 1 1 1 1 1 1 1 1 1 1 1 1 1 1 1 1 1 1 1 1 1 1 1 1 1 1 1 1 1 1 1 1 1 1 1 1 1 1 1 1 1 1 1 1 1 1 1 1 1 1 1 1 1 1 1 1 1 1 1 1 1 1 1 1 1 1 1 1 1 1 1 1 1 1 1 1 1 1 1 1 1 1 1 1 1 1 1 1 1 1 1 1 1 1 1 1 1 1 1 1 1 1 1 1 1 1 1 1 1 1 1 1 1 1 1 1 1 1 1 1 1 1 1 1 1 1 1 1 1 1 1 1 1 1 1 1 1 1 1 1 1 1 1 1 1 1 1 1 1 1 1 1 1 1 1 1 1 1 1 1 1 1 1 1 1 1 1 1 1 1 1 1 1 1 1 1 1 1 1 1 1 1 1 1 1 1 1 1 1 1 1 1 1 1 1 1 1 1 1 1 1 1 1 1 1 1 1 1 1 1 1 1 1 1 1 1 1 1 1 1 1 1 1 1 1 1 1 1 1 1 1 1 1 1 1 1 1 1 1 1 1 1 1 1 1 1 1 1 1 1 1 1 1 1 1 1 1 1 1 1 1 1 1 1 1 1 1 1 1 1 1 1 1 1 1 1 1 1 1 1 1 1 1 1 1 1 1 1 1 1 1 1 1 1 1 1 1 1 1 1 1 1 1 1 1 1 1 1 1 1 1 1 1 1 1 1 1 1 1 1 1 1 1 1 1 1 1 1 1 1 1 1 1 1 1 1 1 1 1 1 1 1 1 1 1 1 1 1 1 1 1 1 1 1 1 1 1 1 1 1 1 1 1 1 1 1 1 1 1 1 1 1 1 1 1 1 1 1 1 1 1 1 1 1 1 1 1 1 1 1 1 1 1 1 1 1 1 1 1 1 1 1 1 1 1 1 1 1 1 1 1 1 1 1 1 1 1 1 1 1 1 1 1 1 1 1 1 1 1 1 1 1 1 1 1 1 1 1 1 1 1 1 1 1 1 1 1 1 1 1 1 1 1 1 1 1 1 1 1 1 1 1 1 1 1 1 1 1 1 1 1 1 1 1 1 1 1 1 1 1 1 1 1 1 1 1 1 1 1 1 1 1 1 1 1 1 1 1 1 1 1 1 1 1 1 1 1 1 1 1 1 1 1 1 1 1 1 1 1 1 1 1 1 1 1 1 1 1 1 1 1 1 1 1 1 1 1 1 1 1 1 1 1 1 1 1 1 1 1 1 1 1 1 1 1 1 1 1 1 1 1 1 1 1 1 1 1 1 1 1 1 1 1 1 1 1 1 1 1 1 1 1 1 1 1 1 1 1 1 1 1 1 1 1 1 1 1 1 1 1 1 1 1 1 1 1 1 1 1 1 1 1 1 1 1 1 1 1 1 1 1 1 1 1 1 1 1 1 1 1 1 1 1 1 1 1 1 1 1 1 1 1 1 1 1 1 1 1 1 1 1 1 1 1 1 1 1 1 1 1 1 1 1 1 1 1 1 1 1 1 1 1 1 1 1 1 1 1 1 1 1 1 1 1 1 1 1 1 1 1 1 1 1 1 1 1 1 1 1 1 1 1 1 1 1 1 1 1 1 1 1 1 1 1 1 1 1 1 1 1 1 1 1 1 1 1 1 1 1 1 1 1 1 1 1 1 1 1 1 1 1 1 1 1 1 1 1 1 1 1 1 1 1 1 1 1 1 1 1 1 1 1 1 1 1 1 1 1 1 1 1 1 1 1 1 1 1 1 1 1 1 1 1 1 1 1 1 1 1 1 1 1 1 1 1 1 1 1 1 1 1 1 1 1 1 1 1 1 1 1 1 1 1 1 1 1 1 1 1 1 1 1 1 1 1 1 1 1 1 1 1 1 1 1 1 1 1 1 1 1 1 1 1 1 1 1 1 1 1 1 1 1 1 1 1 1 1 1 1 1 1 1 1 1 1 1 1 1 1 1 1 1 1 1 1 1 1 1 1 1 1 1 1 1 1 1 1 1 1 1 1 1 1 1 1 1 1 1 1 1 1 1 1 1 1 1 1 1 1 1 1 1 1 1 1 1 1 1 1 1 1 1 1 1 1 1 1 1 1 1 1 1 1 1 1 1 1 1 1 1 1 1 1 1 1 1 1 1 1 1 1 1 1 1 1 1 1 1 1 1 1 1 1 1 1 1 1 1 1 1 1 1 1 1 1 1 1 1 1 1 1 1 1 1 1 1 1 1 1 1 1 1 1 1 1 1 1 1 1 1 1 1 1 1 1 1 1 1 1 1 1 1 1 1 1 1 1 1 1 1 1 1 1 1 1 1 1 1 1 1 1 1 1 1 1 1 1 1 1 1 1 1 1 1 1 1 1 1 1 1 1 1 1 1 1 1 1 1 1 1 1 1 1 1 1 1 1 1 1 1 1 1 1 1 1 1 1 1 1 1 1 1 1 1 1 1 1 1 1 1 1 1 1 1 1 1 1 1 1 1 1 1 1 1 1 1 1 1 1 1 1 1 1 1 1 1 1 1 1 1 1 1 1 1 1 1 1 1 1 1 1 1 1 1 1 1 1 1 1 1 1 1 1 1 1 1 1 1 1 1 1 1 1 1 1 1 1 1 1 1 1 1 1 1 1 1 1 1 1 1 1 1 1 1 1 1 1 1 1 1 1 1 1 1 1 1 1 1 1 1 1 1 1 1 1 1 1 1 1 1 1 1 1 1 1 1 1 1 1 1 1 1 1 1 1 1 1 1 1 1 1 1 1 1 1 1 1 1 1 1 1 1 1 1 1 1 1 1 1 1 1 1 1 1 1 1 1 1 1 1 1 1 1 1 1 1 1 1 1 1 1 1 1 1 1 1 1 1 1 1 1 1 1 1 1 1 1 1 1 1 1 1 1 1 1 1 1 1 1 1 1 1 1 1 1 1 1 1 1 1 1 1 1 1 1 1 1 1 1 1 1 1 1 1 1 1 1 1 1 1 1 1 1 1 1 1 1 1 1 1 1 1 1 1 1 1 1 1 1 1 1 1 1 1 1 1 1 1 1 1 1 1 1 1 1 1 1 1 1 1 1 1 1 1 1 1 1 1 1 1 1 1 1 1 1 1 1 1 1 1 1 1 1 1 1 1 1 1 1 1 1 1 1 1 1 1 1 1 1 1 1 1 1 1 1 1 1 1 1 1 1 1 1 1 1 1 1 1 1 1 1 1 1 1 1 1 1 1 1 1 1 1 1 1 1 1 1 1 1 1 1 1 1 1 1 1 1 1 1 1 1 1 1 1 1 1 1 1 1 1 1 1 1 1 1 1 1 1 1 1 1 1 1 1 1 1 1 1 1 1 1 1 1 1 1 1 1 1 1 1 1 1 1 1 1 1 1 1 1 1 1 1 1 1 1 1 1 1 1 1 1 1 1 1 1 1 1 1 1 1 1 1 1 1 1 1 1 1 1 1 1 1 1 1 1 1 1 1 1 1 1 1 1 1 1 1 1 1 1 1 1 1 1 1 1 1 1 1 1 1 1 1 1 1 1 1 1 1 1 1 1 1 1 1 1 1 1 1 1 1 1 1 1 1 1 1 1 1 1 1 1 1 1 1 1 1 1 1 1 1 1 1 1 1 1 1 1 1 1 1 1 1 1 1 1 1 1 1 1 1 1 1 1 1 1 1 1 1 1 1 1 1 1 1 1 1 1 1 1 1 1 1 1 1 1 1 1 1 1 1 1 1 1 1 1 1 1 1 1 1 1 1 1 1 1 1 1 1 1 1 1 1 1 1 1 1 1 1 1 1 1 1 1 1 1 1 1 1 1 1 1 1 1 1 1 1 1 1 1 1 1 1 1 1 1 1 1 1 1 1 1 1 1 1 1 1 1 1 1 1 1 1 1 1 1 1 1 1 1 1 1 1 1 1 1 1 1 1 1 1 1 1 1 1 1 1 1 1 1 1 1 1 1 1 1 1 1 1 1 1 1 1 1 1 1 1 1 1 1 1 1 1 1 1 1 1 1 1 1 1 1 1 1 1 1 1 1 1 1 1 1 1 1 1 1 1 1 1 1 1 1 1 1 1 1 1 1 1 1 1 1 1 1 1 1 1 1 1 1 1 1 1 1 1 1 1 1 1 1 1 1 1 1 1 1 1 1 1 1 1 1 1 1 1 1 1 1 1 1 1 1 1 1 1 1 1 1 1 1 1 1 1 1 1 1 1 1 1 1 1 1 1 1 1 1 1 1 1 1 1 1 1 1 1 1 1 1 1 1 1 1 1 1 1 1 1 1 1 1 1 1 1 1 1 1 1 1 1 1 1 1 1 1 1 1 1 1 1 1 1 1 1 1 1 1 1 1 1 1 1 1 1 1 1 1 1 1 1 1 1 1 1 1 1 1 1 1 1 1 1 1 1 1 1 1 1 1 1 1 1 1 1 1 1 1 1 1 1 1 1 1 1 1 1 1 1 1 1 1 1 1 1 1 1 1 1 1 1 1 1 1 1 1 1 1 1 1 1 1 1 1 1 1 1 1 1 1 1 1 1 1 1 1 1 1 1 1 1 1 1 1 1 1 1 1 1 1 1 1 1 1 1 1 1 1 1 1 1 1 1 1 1 1 1 1 1 1 1 1 1 1 1 1 1 1 1 1 1 1 1 1 1 1 1 1 1 1 1 1 1 1 1 1 1 1 1 1 1 1 1 1 1 1 1 1 1 1 1 1 1 1 1 1 1 1 1 1 1 1 1 1 1 1 1 1 1 1 1 1 1 1 1 1 1 1 1 1 1 1 1 1 1 1 1 1 1 1 1 1 1 1 1 1 1 1 1 1 1 1 1 1 1 1 1 1 1 1 1 1 1 1 1 1 1 1 1 1 1 1 1 1 1 1 1 1 1 1 1 1 1 1 1 1 1 1 1 1 1 1 1 1 1 1 1 1 1 1 1 1 1 1 1 1 1 1 1 1 1 1 1 1 1 1 1 1 1 1 1 1 1 1 1 1 1 1 1 1 1 1 1 1 1 1 1 1 1 1 1 1 1 1 1 1 1 1 1 1 1 1 1 1 1 1 1 1 1 1 1 1 1 1 1 1 1 1 1 1 1 1 1 1 1 1 1 1 1 1 1 1 1 1 1 1 1 1 1 1 1 1 1 1 1 1 1 1 1 1 1 1 1 1 1 1 1 1 1 1 1 1 1 1 1 1 1 1 1 1 1 1 1 1 1 1 1 1 1 1 1 1 1 1 1 1 1 1 1 1 1 1 1 1 1 1 1 1 1 1 1 1 1 1 1 1 1 1 1 1 1 1 1 1 1 1 1 1 1 1 1 1 1 1 1 1 1 1 1 1 1 1 1 1 1 1 1 1 1 1 1 1 1 1 1 1 1 1 1 1 1 1 1 1 1 1 1 1 1 1 1 1 1 1 1 1 1 1 1 1 1 1 1 1 1 1 1 1 1 1 1 1 1 1 1 1 1 1 1 1 1 1 1 1 1 1 1 1 1 1 1 1 1 1 1 1 1 1 1 1 1 1 1 1 1 1 1 1 1 1 1 1 1 1 1 1 1 1 1 1 1 1 1 1 1 1 1 1 1 1 1 1 1 1 1 1 1 1 1 1 1 1 1 1 1 1 1 1 1 1 1 1 1 1 1 1 1 1 1 1 1 1 1 1 1 1 1 1 1 1 1 1 1 1 1 1 1 1 1 1 1 1 1 1 1 1 1 1 1 1 1 1 1 1 1 1 1 1 1 1 1 1 1 1 1 1 1 1 1 1 1 1 1 1 1 1 1 1 1 1 1 1 1 1 1 1 1 1 1 1 1 1 1 1 1 1 1 1 1 1 1 1 1 1 1 1 1 1 1 1 1 1 1 1 1 1 1 1 1 1 1 1 1 1 1 1 1 1 1 1 1 1 1 1 1 1 1 1 1 1 1 1 1 1 1 1 1 1 1 1 1 1 1 1 1 1 1 1 1 1 1 1 1 1 1 1 1 1 1 1 1 1 1 1 1 1 1 1 1 1 1 1 1 1 1 1 1 1 1 1 1 1 1 1 1 1 1 1 1 1 1 1 1 1 1 1 1 1 1 1 1 1 1 1 1 1 1 1 1 1 1 1 1 1 1 1 1 1 1 1 1 1 1 1 1 1 1 1 1 1 1 1 1 1 1 1 1 1 1 1 1 1 1 1 1 1 1 1 1 1 1 1 1 1 1 1 1 1 1 1 1 1 1 1 1 1 1 1 1 1 1 1 1 1 1 1 1 1 1 1 1 1 1 1 1 1 1 1 1 1 1 1 1 1 1 1 1 1 1 1 1 1 1 1 1 1 1 1 1 1 1 1 1 1 1 1 1 1 1 1 1 1 1 1 1 1 1 1 1 1 1 1 1 1 1 1 1 1 1 1 1 1 1 1 1 1 1 1 1 1 1 1 1 1 1 1 1 1 1 1 1 1 1 1 1 1 1 1 1 1 1 1 1 1 1 1 1 1 1 1 1 1 1 1 1 1 1 1 1 1 1 1 1 1 1 1 1 1 1 1 1 1 1 1 1 1 1 1 1 1 1 1 1 1 1 1 1 1 1 1 1 1 1 1 1 1 1 1 1 1 1 1 1 1 1 1 1 1 1 1 1 1 1 1 1 1 1 1 1 1 1 1 1 1 1 1 1 1 1 1 1 1 1 1 1 1 1 1 1 1 1 1 1 1 1 1 1 1 1 1 1 1 1 1 1 1 1 1 1 1 1 1 1 1 1 1 1 1 1 1 1 1 1 1 1 1 1 1 1 1 1 1 1 1 1 1 1 1 1 1 1 1 1 1 1 1 1 1 1 1 1 1 1 1 1 1 1 1 1 1 1 1 1 1 1 1 1 1 1 1 1 1 1 1 1 1 1 1 1 1 1 1 1 1 1 1 1 1 1 1 1 1 1 1 1 1 1 1 1 1 1 1 1 1 1 1 1 1 1 1 1 1 1 1 1 1 1 1 1 1 1 1 1 1 1 1 1 1 1 1 1 1 1 1 1 1 1 1 1 1 1 1 1 1 1 1 1 1 1 1 1 1 1 1 1 1 1 1 1 1 1 1 1 1 1 1 1 1 1 1 1 1 1 1 1 1 1 1 1 1 1 1 1 1 1 1 1 1 1 1 1 1 1 1 1 1 1 1 1 1 1 1 1 1 1 1 1 1 1 1 1 1 1 1 1 1 1 1 1 1 1 1 1 1 1 1 1 1 1 1 1 1 1 1 1 1 1 1 1 1 1 1 1 1 1 1 1 1 1 1 1 1 1 1 1 1 1 1 1 1 1 1 1 1 1 1 1 1 1 1 1 1 1 1 1 1 1 1 1 1 1 1 1 1 1 1 1 1 1 1 1 1 1 1 1 1 1 1 1 1 1 1 1 1 1 1 1 1 1 1 1 1 1 1 1 1 1 1 1 1 1 1 1 1 1 1 1 1 1 1 1 1 1 1 1 1 1 1 1 1 1 1 1 1 1 1 1 1 1 1 1 1 1 1 1 1 1 1 1 1 1 1 1 1 1 1 1 1 1 1 1 1 1 1 1 1 1 1 1 1 1 1 1 1 1 1 1 1 1 1 1 1 1 1 1 1 1 1 1 1 1 1 1 1 1 1 1 1 1 1 1 1 1 1 1 1 1 1 1 1 1 1 1 1 1 1 1 1 1 1 1 1 1 1 1 1 1 1 1 1 1 1 1 1 1 1 1 1 1 1 1 1 1 1 1 1 1 1 1 1 1 1 1 1 1 1 1 1 1 1 1 1 1 1 1 1 1 1 1 1 1 1 1 1 1 1 1 1 1 1 1 1 1 1 1 1 1 1 1 1 1 1 1 1 1 1 1 1 1 1 1 1 1 1 1 1 1 1 1 1 1 1 1 1 1 1 1 1 1 1 1 1 1 1 1 1 1 1 1 1 1 1 1 1 1 1 1 1 1 1 1 1 1 1 1 1 1 1 1 1 1 1 1 1 1 1 1 1 1 1 1 1 1 1 1 1 1 1 1 1 1 1 1 1 1 1 1 1 1 1 1 1 1 1 1 1 1 1 1 1 1 1 1 1 1 1 1 1 1 1 1 1 1 1 1 1 1 1 1 1 1 1 1 1 1 1 1 1 1 1 1 1 1 1 1 1 1 1 1 1 1 1 1 1 1 1 1 1 1 1 1 1 1 1 1 1 1 1 1 1 1 1 1 1 1 1 1 1 1 1 1 1 1 1 1 1 1 1 1 1 1 1 1 1 1 1 1 1 1 1 1 1 1 1 1 1 1 1 1 1 1 1 1 1 1 1 1 1 1 1 1 1 1 1 1 1 1 1 1 1 1 1 1 1 1 1 1 1 1 1 1 1 1 1 1 1 1 1 1 1 1 1 1 1 1 1 1 1 1 1 1 1 1 1 1 1 1 1 1 1 1 1 1 1 1 1 1 1 1 1 1 1 1 1 1 1 1 1 1 1 1 1 1 1 1 1 1 1 1 1 1 1 1 1 1 1 1 1 1 1 1 1 1 1 1 1 1 1 1 1 1 1 1 1 1 1 1 1 1 1 1 1 1 1 1 1 1 1 1 1 1 1 1 1 1 1 1 1 1 1 1 1 1 1 1 1 1 1 1 1 1 1 1 1 1 1 1 1 1 1 1 1 1 1 1 1 1 1 1 1 1 1 1 1 1 1 1 1 1 1 1 1 1 1 1 1 1 1 1 1 1 1 1 1 1 1 1 1 1 1 1 1 1 1 1 1 1 1 1 1 1 1 1 1 1 1 1 1 1 1 1 1 1 1 1 1 1 1 1 1 1 1 1 1 1 1 1 1 1 1 1 1 1 1 1 1 1 1 1 1 1 1 1 1 1 1 1 1 1 1 1 1 1 1 1 1 1 1 1 1 1 1 1 1 1 1 1 1 1 1 1 1 1 1 1 1 1 1 1 1 1 1 1 1 1 1 1 1 1 1 1 1 1 1 1 1 1 1 1 1 1 1 1 1 1 1 1 1 1 1 1 1 1 1 1 1 1 1 1 1 1 1 1 1 1 1 1 1 1 1 1 1 1 1 1 1 1 1 1 1 1 1 1 1 1 1 1 1 1 1 1 1 1 1 1 1 1 1 1 1 1 1 1 1 1 1 1 1 1 1 1 1 1 1 1 1 1 1 1 1 1 1 1 1 1 1 1 1 1 1 1 1 1 1 1 1 1 1 1 1 1 1 1 1 1 1 1 1 1 1 1 1 1 1 1 1 1 1 1 1 1 1 1 1 1 1 1 1 1 1 1 1 1 1 1 1 1 1 1 1 1 1 1 1 1 1 1 1 1 1 1 1 1 1 1 1 1 1 1 1 1 1 1 1 1 1 1 1 1 1 1 1 1 1 1 1 1 1 1 1 1 1 1 1 1 1 1 1 1 1 1 1 1 1 1 1 1 1 1 1 1 1 1 1 1 1 1 1 1 1 1 1 1 1 1 1 1 1 1 1 1 1 1 1 1 1 1 1 1 1 1 1 1 1 1 1 1 1 1 1 1 1 1 1 1 1 1 1 1 1 1 1 1 1 1 1 1 1 1 1 1 1 1 1 1 1 1 1 1 1 1 1 1 1 1 1 1 1 1 1 1 1 1 1 1 1 1 1 1 1 1 1 1 1 1 1 1 1 1 1 1 1 1 1 1 1 1 1 1 1 1 1 1 1 1 1 1 1 1 1 1 1 1 1 1 1 1 1 1 1 1 1 1 1 1 1 1 1 1 1 1 1 1 1 1 1 1 1 1 1 1 1 1 1 1 1 1 1 1 1 1 1 1 1 1 1 1 1 1 1 1 1 1 1 1 1 1 1 1 1 1 1 1 1 1 1 1 1 1 1 1 1 1 1 1 1 1 1 1 1 1 1 1 1 1 1 1 1 1 1 1 1 1 1 1 1 1 1 1 1 1 1 1 1 1 1 1 1 1 1 1 1 1 1 1 1 1 1 1 1 1 1 1 1 1 1 1 1 1 1 1 1 1 1 1 1 1 1 1 1 1 1 1 1 1 1 1 1 1 1 1 1 1 1 1 1 1 1 1 1 1 1 1 1 1 1 1 1 1 1 1 1 1 1 1 1 1 1 1 1 1 1 1 1 1 1 1 1 1 1 1 1 1 1 1 1 1 1 1 1 1 1 1 1 1 1 1 1 1 1 1 1 1 1 1 1 1 1 1 1 1 1 1 1 1 1 1 1 1 1 1 1 1 1 1 1 1 1 1 1 1 1 1 1 1 1 1 1 1 1 1 1 1 1 1 1 1 1 1 1 1 1 1 1 1 1 1 1 1 1 1 1 1 1 1 1 1 1 1 1 1 1 1 1 1 1 1 1 1 1 1 1 1 1 1 1 1 1 1 1 1 1 1 1 1 1 1 1 1 1 1 1 1 1 1 1 1 1 1 1 1 1 1 1 1 1 1 1 1 1 1 1 1 1 1 1 1 1 1 1 1 1 1 1 1 1 1 1 1 1 1 1 1 1 1 1 1 1 1 1 1 1 1 1 1 1 1 1 1 1 1 1 1 1 1 1 1 1 1 1 1 1 1 1 1 1 1 1 1 1 1 1 1 1 1 1 1 1 1 1 1 1 1 1 1 1 1 1 1 1 1 1 1 1 1 1 1 1 1 1 1 1 1 1 1 1 1 1 1 1 1 1 1 1 1 1 1 1 1 1 1 1 1 1 1 1 1 1 1 1 1 1 1 1 1 1 1 1 1 1 1 1 1 1 1 1 1 1 1 1 1 1 1 1 1 1 1 1 1 1 1 1 1 1 1 1 1 1 1 1 1 1 1 1 1 1 1 1 1 1 1 1 1 1 1 1 1 1 1 1 1 1 1 1 1 1 1 1 1 1 1 1 1 1 1 1 1 1 1 1 1 1 1 1 1 1 1 1 1 1 1 1 1 1 1 1 1 1 1 1 1 1 1 1 1 1 1 1 1 1 1 1 1 1 1 1 1 1 1 1 1 1 1 1 1 1 1 1 1 1 1 1 1 1 1 1 1 1 1 1 1 1 1 1 1 1 1 1 1 1 1 1 1 1 1 1 1 1 1 1 1 1 1 1 1 1 1 1 1 1 1 1 1 1 1 1 1 1 1 1 1 1 1 1 1 1 1 1 1 1 1 1 1 1 1 1 1 1 1 1 1 1 1 1 1 1 1 1 1 1 1 1 1 1 1 1 1 1 1 1 1 1 1 1 1 1 1 1 1 1 1 1 1 1 1 1 1 1 1 1 1 1 1 1 1 1 1 1 1 1 1 1 1 1 1 1 1 1 1 1 1 1 1 1 1 1 1 1 1 1 1 1 1 1 1 1 1 1 1 1 1 1 1 1 1 1 1 1 1 1 1 1 1 1 1 1 1 1 1 1 1 1 1 1 1 1 1 1 1 1 1 1 1 1 1 1 1 1 1 1 1 1 1 1 1 1 1 1 1 1 1 1 1 1 1 1 1 1 1 1 1 1 1 1 1 1 1 1 1 1 1 1 1 1 1 1 1 1 1 1 1 1 1 1 1 1 1 1 1 1 1 1 1 1 1 1 1 1 1 1 1 1 1 1 1 1 1 1 1 1 1 1 1 1 1 1 1 1 1 1 1 1 1 1 1 1 1 1 1 1 1 1 1 1 1 1 1 1 1 1 1 1 1 1 1 1 1 1 1 1 1 1 1 1 1 1 1 1 1 1 1 1 1 1 1 1 1 1 1 1 1 1 1 1 1 1 1 1 1 1 1 1 1 1 1 1 1 1 1 1 1 1 1 1 1 1 1 1 1 1 1 1 1 1 1 1 1 1 1 1 1 1 1 1 1 1 1 1 1 1 1 1 1 1 1 1 1 1 1 1 1 1 1 1 1 1 1 1 1 1 1 1 1 1 1 1 1 1 1 1 1 1 1 1 1 1 1 1 1 1 1 1 1 1 1 1 1 1 1 1 1 1 1 1 1 1 1 1 1 1 1 1 1 1 1 1 1 1 1 1 1 1 1 1 1 1 1 1 1 1 1 1 1 1 1 1 1 1 1 1 1 1 1 1 1 1 1 1 1 1 1 1 1 1 1 1 1 1 1 1 1 1 1 1 1 1 1 1 1 1 1 1 1 1 1 1 1 1 1 1 1 1 1 1 1 1 1 1 1 1 1 1 1 1 1 1 1 1 1 1 1 1 1 1 1 1 1 1 1 1 1 1 1 1 1 1 1 1 1 1 1 1 1 1 1 1 1 1 1 1 1 1 1 1 1 1 1 1 1 1 1 1 1 1 1 1 1 1 1 1 1 1 1 1 1 1 1 1 1 1 1 1 1 1 1 1 1 1 1 1 1 1 1 1 1 1 1 1 1 1 1 1 1 1 1 1 1 1 1 1 1 1 1 1 1 1 1 1 1 1 1 1 1 1 1 1 1 1 1 1 1 1 1 1 1 1 1 1 1 1 1 1 1 1 1 1 1 1 1 1 1 1 1 1 1 1 1 1 1 1 1 1 1 1 1 1 1 1 1 1 1 1 1 1 1 1 1 1 1 1 1 1 1 1 1 1 1 1 1 1 1 1 1 1 1 1 1 1 1 1 1 1 1 1 1 1 1 1 1 1 1 1 1 1 1 1 1 1 1 1 1 1 1 1 1 1 1 1 1 1 1 1 1 1 1 1 1 1 1 1 1 1 1 1 1 1 1 1 1 1 1 1 1 1 1 1 1 1 1 1 1 1 1 1 1 1 1 1 1 1 1 1 1 1 1 1 1 1 1 1 1 1 1 1 1 1 1 1 1 1 1 1 1 1 1 1 1 1 1 1 1 1 1 1 1 1 1 1 1 1 1 1 1 1 1 1 1 1 1 1 1 1 1 1 1 1 1 1 1 1 1 1 1 1 1 1 1 1 1 1 1 1 1 1 1 1 1 1 1 1 1 1 1 1 1 1 1 1 1 1 1 1 1 1 1 1 1 1 1 1 1 1 1 1 1 1 1 1 1 1 1 1 1 1 1 1 1 1 1 1 1 1 1 1 1 1 1 1 1 1 1 1 1 1 1 1 1 1 1 1 1 1 1 1 1 1 1 1 1 1 1 1 1 1 1 1 1 1 1 1 1 1 1 1 1 1 1 1 1 1 1 1 1 1 1 1 1 1 1 1 1 1 1 1 1 1 1 1 1 1 1 1 1 1 1 1 1 1 1 1 1 1 1 1 1 1 1 1 1 1 1 1 1 1 1 1 1 1 1 1 1 1 1 1 1 1 1 1 1 1 1 1 1 1 1 1 1 1 1 1 1 1 1 1 1 1 1 1 1 1 1 1 1 1 1 1 1 1 1 1 1 1 1 1 1 1 1 1 1 1 1 1 1 1 1 1 1 1 1 1 1 1 1 1 1 1 1 1 1 1 1 1 1 1 1 1 1 1 1 1 1 1 1 1 1 1 1 1 1 1 1 1 1 1 1 1 1 1 1 1 1 1 1 1 1 1 1 1 1 1 1 1 1 1 1 1 1 1 1 1 1 1 1 1 1 1 1 1 1 1 1 1 1 1 1 1 1 1 1 1 1 1 1 1 1 1 1 1 1 1 1 1 1 1 1 1 1 1 1 1 1 1 1 1 1 1 1 1 1 1 1 1 1 1 1 1 1 1 1 1 1 1 1 1 1 1 1 1 1 1 1 1 1 1 1 1 1 1 1 1 1 1 1 1 1 1 1 1 1 1 1 1 1 1 1 1 1 1 1 1 1 1 1 1 1 1 1 1 1 1 1 1 1 1 1 1 1 1 1 1 1 1 1 1 1 1 1 1 1 1 1 1 1 1 1 1 1 1 1 1 1 1 1 1 1 1 1 1 1 1 1 1 1 1 1 1 1 1 1 1 1 1 1 1 1 1 1 1 1 1 1 1 1 1 1 1 1 1 1 1 1 1 1 1 1 1 1 1 1 1 1 1 1 1 1 1 1 1 1 1 1 1 1 1 1 1 1 1 1 1 1 1 1 1 1 1 1 1 1 1 1 1 1 1 1 1 1 1 1 1 1 1 1 1 1 1 1 1 1 1 1 1 1 1 1 1 1 1 1 1 1 1 1 1 1 1 1 1 1 1 1 1 1 1 1 1 1 1 1 1 1 1 1 1 1 1 1 1 1 1 1 1 1 1 1 1 1 1 1 1 1 1 1 1 1 1 1 1 1 1 1 1 1 1 1 1 1 1 1 1 1 1 1 1 1 1 1 1 1 1 1 1 1 1 1 1 1 1 1 1 1 1 1 1 1 1 1 1 1 1 1 1 1 1 1 1 1 1 1 1 1 1 1 1 1 1 1 1 1 1 1 1 1 1 1 1 1 1 1 1 1 1 1 1 1 1 1 1 1 1 1 1 1 1 1 1 1 1 1 1 1 1 1 1 1 1 1 1 1 1 1 1 1 1 1 1 1 1 1 1 1 1 1 1 1 1 1 1 1 1 1 1 1 1 1 1 1 1 1 1 1 1 1 1 1 1 1 1 1 1 1 1 1 1 1 1 1 1 1 1 1 1 1 1 1 1 1 1 1 1 1 1 1 1 1 1 1 1 1 1 1 1 1 1 1 1 1 1 1 1 1 1 1 1 1 1 1 1 1 1 1 1 1 1 1 1 1 1 1 1 1 1 1 1 1 1 1 1 1 1 1 1 1 1 1 1 1 1 1 1 1 1 1 1 1 1 1 1 1 1 1 1 1 1 1 1 1 1 1 1 1 1 1 1 1 1 1 1 1 1 1 1 1 1 1 1 1 1 1 1 1 1 1 1 1 1 1 1 1 1 1 1 1 1 1 1 1 1 1 1 1 1 1 1 1 1 1 1 1 1 1 1 1 1 1 1 1 1 1 1 1 1 1 1 1 1 1 1 1 1 1 1 1 1 1 1 1 1 1 1 1 1 1 1 1 1 1 1 1 1 1 1 1 1 1 1 1 1 1 1 1 1 1 1 1 1 1 1 1 1 1 1 1 1 1 1 1 1 1 1 1 1 1 1 1 1 1 1 1 1 1 1 1 1 1 1 1 1 1 1 1 1 1 1 1 1 1 1 1 1 1 1 1 1 1 1 1 1 1 1 1 1 1 1 1 1 1 1 1 1 1 1 1 1 1 1 1 1 1 1 1 1 1 1 1 1 1 1 1 1 1 1 1 1 1 1 1 1 1"/>
    <Normal vector="0.396874 0.803682 -0.44338 0.192768 0.182975 -0.964033 -0.0589885 0.103575 -0.992871 -0.210849 -0.321939 -0.922984 -0.0231965 -0.0311869 -0.999244 -0.0921698 0.179843 -0.979368 0.012835 0.168042 -0.985696 -0.0483933 0.112841 -0.992434 0.100653 0.0569502 -0.99329 0.165345 0.898383 -0.406903 0.0038886 -0.022168 -0.999747 0.0601228 0.163451 -0.984718 0.0713943 -0.0248171 -0.99714 0.109957 0.144387 -0.983393 0.134067 0.0295903 -0.99053 0.0069617 0.0896818 -0.995946 -0.057893 0.069353 -0.995911 0.0109265 0.0926766 -0.995636 -0.0259247 -0.0785871 -0.99657 0.0322156 0.0289655 -0.999061 0.255643 0.505079 -0.824344 0.0476176 0.0155183 -0.998745 0.0311517 -0.0504057 -0.998243 0.0078193 -0.0702446 -0.997499 -0.0872081 -0.0724091 -0.993555 0.630421 0.502937 -0.59129 -0.0843968 -0.0318542 -0.995923 -0.0604382 0.0694704 -0.995752 0.0150361 0.0348364 -0.99928 -0.0393672 -0.102006 -0.994005 0.0696002 0.0924986 -0.993277 0.0280233 -0.111606 -0.993357 -0.0104578 -0.0818506 -0.99659 -0.114617 0.311155 -0.943422 -8.39e-05 -0.179677 -0.983726 0.0523671 0.111189 -0.992419 0.0007051 0.0071198 -0.999974 -0.0595461 0.105227 -0.992664 0.435547 0.900159 0.0034464 0.464906 -0.344539 -0.81557 0.164305 -0.0325932 -0.985871 0.332671 0.136576 -0.933101 0.771123 0.566814 -0.289986 -0.0202138 0.0228096 -0.999536 -0.0210534 -0.148739 -0.988652 -0.0691102 0.116495 -0.990784 0.0568769 -0.0492741 -0.997164 -0.0603172 -0.103485 -0.9928 0.173767 -0.0441406 -0.983797 0.0728243 -0.0385168 -0.996601 0.0053348 0.0906704 -0.995867 -0.018666 0.0439172 -0.998861 -0.120589 -0.0441831 -0.991719 -0.0358655 -0.0737036 -0.996635 -0.0502546 0.0307064 -0.998264 -0.128596 0.112667 -0.985276 -0.0135775 0.0711287 -0.997375 -0.115464 -0.138417 -0.98362 -0.0370278 0.0215111 -0.999083 -0.0363844 0.0155823 -0.999216 -0.0222625 -0.033951 -0.999175 0.0031557 -0.0393398 -0.999221 -0.0836841 0.0395987 -0.995705 -0.0219958 0.0075927 -0.999729 0.117124 -0.0100165 -0.993067 -0.0983467 -0.0719466 -0.992548 0.166575 -0.0226895 -0.985768 0.366945 0.927244 -0.0746363 0.556918 0.81396 -0.165265 -0.0493602 2.06e-05 -0.998781 -0.0207863 0.103893 -0.994371 0.785756 0.584806 -0.201468 -0.0733147 -0.036362 -0.996646 -0.0543869 0.0960005 -0.993894 -0.114033 0.0347364 -0.992869 -0.0285914 -0.153921 -0.98767 0.0032266 0.200137 -0.979763 0.189221 -0.20924 -0.959382 0.0317184 -0.0319111 -0.998987 0.453897 0.216673 -0.864309 0.0386937 0.0153599 -0.999133 0.413301 -0.0631393 -0.908403 -0.06836 0.0237152 -0.997379 0.0266773 0.0484345 -0.99847 0.244384 0.143641 -0.958981 0.0770945 -0.0078468 -0.996993 0.133824 -0.27818 -0.951161 0.551488 0.468301 -0.69033 0.767205 0.121004 -0.629885 -0.0910159 -0.0224029 -0.995597 -0.11829 -0.0513555 -0.99165 -0.0427902 0.0172386 -0.998935 -0.0718045 -0.0936932 -0.993008 0.0267083 0.126781 -0.991571 -0.0395975 -0.222529 -0.974122 -0.0376979 -0.041133 -0.998442 0.0969394 -0.187969 -0.977379 -0.171754 -0.105471 -0.979478 -0.0396304 0.197501 -0.979501 0.743034 -0.233158 -0.627326 -0.15771 -0.0263932 -0.987133 0.0817598 -0.160346 -0.983669 -0.0172644 -0.031617 -0.999351 0.104245 0.0490175 -0.993343 -0.0427159 0.0398334 -0.998293 -0.115056 -0.0230054 -0.993092 -0.0605325 0.0197773 -0.99797 -0.0008891 -0.143317 -0.989676 0.0497535 -0.114746 -0.992148 0.0367144 -0.0572874 -0.997683 0.0334327 0.0348906 -0.998832 0.51436 0.103988 -0.851246 -0.117798 -0.0038383 -0.99303 0.27246 -0.0331588 -0.961596 -0.0484961 -0.102285 -0.993572 -0.123356 -0.11568 -0.985597 0.154299 0.110536 -0.981822 -0.0259029 0.0871869 -0.995855 -0.037818 0.0725439 -0.996648 -0.168399 0.0140831 -0.985618 0.378907 0.360717 -0.85224 0.108328 0.0745064 -0.991319 0.0379771 0.0363492 -0.998617 -0.0856092 -0.0161373 -0.996198 -0.0727428 -0.0143784 -0.997247 0.4753 -0.107331 -0.873253 -0.0318198 -0.0769981 -0.996523 0.0271159 -0.0358222 -0.99899 -0.0415207 -0.164452 -0.985511 -0.0495633 0.0184703 -0.9986 0.348693 -0.0285148 -0.936803 -0.0046242 -0.143586 -0.989627 0.0088523 0.151271 -0.988453 -0.128466 0.0047246 -0.991703 -0.116871 -0.0947954 -0.988613 -0.163624 0.0329397 -0.985973 -0.0564355 0.0388559 -0.99765 -0.150477 0.0289016 -0.988191 -0.12635 0.0368448 -0.991301 -0.219423 -0.061339 -0.9737 -0.15572 -0.0662026 -0.98558 -0.0119328 -0.328719 -0.944352 0.0295458 -0.0442375 -0.998584 -0.0277907 0.0097338 -0.999566 0.440555 -0.0883457 -0.893368 0.0903058 0.113709 -0.989402 -0.102086 -0.0986355 -0.989874 -0.065172 -0.0296638 -0.997433 0.0252312 0.0550733 -0.998164 -0.198889 -0.115404 -0.973203 0.120587 0.0434941 -0.99175 -0.151161 -0.043677 -0.987544 0.0834011 0.263629 -0.961012 -0.103261 -0.0933596 -0.990263 0.852059 -0.205534 -0.481406 -0.074492 -0.0029636 -0.997217 -0.163656 -0.0098261 -0.986469 -0.0276833 -0.219464 -0.975228 -0.159824 -0.0387776 -0.986384 -0.0919325 -0.212039 -0.972928 -0.0407238 -0.289392 -0.956344 -0.009902 0.150589 -0.988547 -0.113656 0.0667815 -0.991273 0.591159 0.61935 -0.51666 0.442945 0.554852 -0.704229 -0.058402 -0.111205 -0.99208 -0.113115 -0.164939 -0.979796 -0.155038 0.0304518 -0.987439 -0.082155 0.0508737 -0.99532 0.583346 0.810985 0.0448477 0.407616 0.0728981 -0.910239 -0.110423 0.0012015 -0.993884 -0.090763 -0.0061059 -0.995854 -0.2992 0.0216392 -0.953945 0.139231 0.247998 -0.958703 -0.172793 0.111058 -0.978677 -0.0432976 -0.143198 -0.988747 0.03578 -0.265184 -0.963534 0.0390051 -0.0185835 -0.999066 -0.0767041 0.166953 -0.982977 -0.138485 -0.0705774 -0.987847 0.392151 0.294353 -0.871535 0.22771 -0.244497 -0.942533 -0.0573913 -0.122973 -0.990749 0.094915 0.112335 -0.989127 0.13735 0.0032381 -0.990517 -0.152227 -0.0063653 -0.988325 0.0249399 -0.154347 -0.987702 -0.029931 -0.328637 -0.943982 -0.08948 0.143427 -0.985608 -0.0971097 0.197076 -0.975567 -0.0925798 -0.187278 -0.977935 0.0249596 0.0695989 -0.997263 -0.151536 0.0519192 -0.987087 -0.0058712 -0.0832429 -0.996512 -0.0235969 -0.0185586 -0.999549 -0.0470929 -0.0732613 -0.9962 0.0322978 -0.0963955 -0.994819 0.776734 0.625976 0.0695578 0.480386 0.253547 -0.839609 -0.2063 0.102653 -0.973089 -0.0152111 -0.108152 -0.994018 -0.131958 -0.328803 -0.935134 -0.112363 -0.112564 -0.987271 -0.0604393 0.12582 -0.99021 -0.104514 0.0862368 -0.990777 -0.124357 -0.0267235 -0.991878 0.531722 0.0543047 -0.845176 -0.0336609 -0.293416 -0.955392 0.510591 -0.12153 -0.851192 0.774369 0.0266776 -0.632172 -0.167188 0.122405 -0.978297 0.271839 -0.213138 -0.938443 -0.0856866 -0.0470773 -0.995209 0.508624 0.772051 -0.381102 0.0239182 -0.213084 -0.976741 -0.197799 0.109383 -0.974121 -0.204845 -0.0526535 -0.977377 -0.078667 0.0192533 -0.996715 0.0292627 -0.0184526 -0.999402 -0.176434 -0.309634 -0.934344 -0.062829 -0.0793075 -0.994868 -0.0732794 0.0991075 -0.992375 -0.177071 -0.108298 -0.978222 -0.117786 0.0425224 -0.992128 0.57934 0.65477 -0.48543 0.504893 -0.0149497 -0.863052 0.0532015 -0.125382 -0.990681 -0.0268115 -0.0104842 -0.999586 -0.0936502 0.0604366 -0.993769 0.0177981 -0.128987 -0.991486 -0.165951 0.0331241 -0.985578 0.0912627 0.182724 -0.978919 -0.120189 -0.369884 -0.921271 -0.133082 -0.0063413 -0.991085 0.0618976 -0.0821753 -0.994694 0.008794 0.322169 -0.946642 -0.109635 -0.29515 -0.94914 -0.0970447 0.0807831 -0.991996 0.594636 0.0190263 -0.80377 0.190539 -0.133314 -0.972585 -0.0284959 -0.11071 -0.993444 -0.0554063 0.163406 -0.985002 0.0734395 -0.0340676 -0.996718 -0.180719 0.135365 -0.974175 0.971598 -0.101648 -0.213693 0.884601 -0.248821 -0.394424 -0.109362 0.0011024 -0.994001 -0.105004 -0.0555578 -0.992919 -0.168683 0.0689956 -0.983253 0.471103 -0.0884813 -0.87763 -0.16788 -0.159634 -0.972797 -0.130604 -0.085999 -0.987698 0.388147 -0.0846662 -0.9177 -0.100995 -0.0526013 -0.993495 -0.201814 0.0899262 -0.975287 -0.0431226 -0.15427 -0.987087 -0.170316 0.0087852 -0.98535 -0.0448911 0.0469317 -0.997889 -0.248208 0.006326 -0.968686 -0.118754 -0.296741 -0.947545 -0.134999 -0.19491 -0.971486 0.657782 0.734342 -0.167524 0.940886 0.100428 -0.323493 0.131637 0.16688 -0.97715 -0.236726 0.113577 -0.964915 -0.140405 -0.19852 -0.969988 -0.0317122 0.325887 -0.944877 -0.140588 -0.259265 -0.955519 0.137893 -0.13863 -0.980697 0.14071 0.0138884 -0.989954 -0.163294 0.0170986 -0.986429 0.0852286 0.280023 -0.956202 0.0513338 0.114827 -0.992058 -0.139848 -0.0257974 -0.989837 -0.155821 0.0310077 -0.987298 -0.249502 0.0191535 -0.968185 -0.133016 -0.162235 -0.977746 -0.360507 -0.0871669 -0.928675 -0.0935841 -0.229509 -0.968797 -0.258967 0.143317 -0.955194 -0.205025 0.0139667 -0.978657 0.246028 -0.378683 -0.892227 0.40552 -0.256545 -0.877347 -0.0329449 0.205867 -0.978025 -0.122101 0.045215 -0.991487 -0.125669 0.028999 -0.991648 0.441216 -0.812938 -0.380079 0.274042 -0.272506 -0.922302 0.148472 -0.0907169 -0.984747 0.113182 -0.167005 -0.979438 -0.0568573 0.0353145 -0.997758 -0.825593 -0.304638 -0.474964 0.631419 -0.121442 -0.765873 0.60194 0.043536 -0.797354 -0.0163156 -0.20254 -0.979138 -0.11833 -0.413968 -0.902568 -0.0369771 -0.0753693 -0.99647 0.563748 -0.135534 -0.814751 0.960508 -0.197545 -0.195958 0.776039 0.582804 -0.241044 0.97024 0.235103 -0.057964 0.0657279 0.0066535 -0.997815 -0.15093 -0.0681773 -0.986191 -0.218365 0.355116 -0.908961 -0.14659 -0.110259 -0.983033 -0.130179 0.1075 -0.985646 -0.221671 -0.948425 -0.226609 -0.214607 -0.38713 -0.896702 -0.0105311 -0.0285852 -0.999536 -0.157625 -0.0378951 -0.986772 -0.189199 -0.0632885 -0.979897 0.446401 -0.0037877 -0.894825 0.0142315 0.121814 -0.992451 -0.054665 0.122623 -0.990947 0.321982 -0.0293937 -0.946289 -0.136249 -0.294275 -0.945959 -0.0474265 -0.0232356 -0.998604 0.652621 -0.493427 -0.574992 -0.203964 0.0289412 -0.97855 -0.0036346 -0.128905 -0.99165 -0.206161 -0.139826 -0.968476 0.0317412 0.156185 -0.987218 -0.0371709 -0.0034041 -0.999303 -0.0541682 -0.0255761 -0.998204 0.0694122 0.356878 -0.931569 0.0085495 0.220675 -0.97531 0.219087 -0.0208195 -0.975483 0.63895 0.756148 0.141364 0.292634 -0.101816 -0.950789 -0.118455 -0.130148 -0.984393 -0.0923685 -0.221997 -0.970662 -0.344774 0.0327552 -0.938114 -0.180251 -0.0666026 -0.981363 -0.0986105 -0.200089 -0.974803 -0.0584251 0.141571 -0.988203 0.0862368 0.426092 -0.90056 0.482136 -0.0640538 -0.873752 -0.185314 0.146117 -0.971755 -0.110492 -0.138498 -0.98418 -0.120279 -0.302793 -0.945436 -0.0872586 -0.041254 -0.995331 0.162431 0.137204 -0.977134 -0.0609822 0.100668 -0.993049 -0.009974 -0.0583109 -0.998249 -0.0879799 -0.0165487 -0.995985 -0.244439 -0.0245859 -0.969353 0.622714 -0.774927 -0.108239 -0.0549183 -0.0864735 -0.994739 -0.20925 -0.0614547 -0.975929 0.868893 -0.181353 -0.460583 -0.161994 0.0370663 -0.986095 0.957304 0.283047 -0.0587644 0.649453 -0.208133 -0.731363 0.973678 -0.0632126 -0.218989 -0.35813 -0.138665 -0.923317 0.639154 -0.382335 -0.66731 0.772026 -0.571179 -0.278802 -0.0060777 -0.358053 -0.933681 0.558348 -0.0841486 -0.825328 0.428114 -0.241983 -0.870726 -0.0705157 0.0215137 -0.997279 -0.847097 -0.0249806 -0.53085 0.0244287 -0.0303273 -0.999241 0.520296 -0.150183 -0.840677 0.645153 -0.287042 -0.708085 0.436849 -0.345891 -0.830374 -0.0312636 0.0300781 -0.999058 -0.227726 0.141584 -0.963377 -0.304775 -0.14694 -0.941021 -0.618216 0.419734 -0.664554 0.779536 -0.455897 -0.429513 -0.0458832 0.963076 -0.26529 -0.392749 -0.111536 -0.912857 -0.13801 -0.187592 -0.972503 -0.156761 -0.161898 -0.974277 0.676299 -0.0268942 -0.736136 0.522752 -0.0431708 -0.851391 0.602677 -0.45452 -0.65589 0.855356 0.517922 -0.0110609 0.810716 0.366545 -0.456491 0.660914 -0.174003 -0.730011 -0.063343 -0.214795 -0.974603 -0.202506 -0.026526 -0.978922 -0.684528 0.546771 -0.482144 -0.692022 0.546472 -0.471671 0.354478 -0.723352 -0.592543 0.720866 -0.126452 -0.681441 0.466971 -0.0749435 -0.881091 0.823404 0.290993 -0.487164 0.273854 -0.593558 -0.756765 -0.386562 -0.197597 -0.900847 0.636769 -0.160286 -0.754211 0.608784 -0.129647 -0.782671 0.621863 -0.0337965 -0.782396 0.734254 0.298762 -0.6096 0.142052 -0.199475 -0.969552 -0.0315215 -0.183185 -0.982573 0.47597 0.874785 -0.0905765 0.965946 0.130865 -0.22321 0.700545 -0.0310959 -0.71293 -0.737998 0.547098 -0.395023 0.553096 0.213028 -0.805422 0.167842 -0.0843978 -0.982195 0.0147333 -0.0114599 -0.999826 0.0671589 -0.0997875 -0.99274 -0.282687 -0.292452 -0.913543 0.673927 -0.023408 -0.738427 0.576159 -0.084666 -0.812941 0.620371 -0.132774 -0.772988 0.557415 -0.201617 -0.805381 0.205907 -0.151683 -0.966744 -0.331103 0.776079 -0.536723 0.493408 -0.184435 -0.850019 -0.901893 0.416934 0.11294 -0.70252 0.405376 -0.584924 0.439274 0.354376 -0.825504 0.706458 -0.0919928 -0.701751 0.700854 -0.394556 -0.594247 -0.180745 -0.177654 -0.967352 0.631037 -0.179119 -0.75479 0.67541 -0.0531715 -0.735523 0.908618 0.0329673 -0.416325 0.63784 -0.0977953 -0.763934 0.426641 -0.0616753 -0.902316 0.755491 -0.221328 -0.616642 0.517847 -0.253177 -0.817151 -0.0368879 -0.236054 -0.971039 0.568644 0.0550392 -0.820741 0.542873 -0.156378 -0.825127 -0.588108 0.504691 -0.631994 0.170337 -0.051812 -0.984023 -0.931471 -0.02175 -0.363166 0.457291 0.550045 -0.69881 0.0221402 -0.167786 -0.985575 0.486117 0.186787 -0.853698 0.900409 -0.295013 -0.319735 0.392768 -0.043749 -0.918596 0.45786 -0.177785 -0.871067 0.730202 0.0603979 -0.680557 0.3259 -0.0995835 -0.940145 0.25914 0.0736609 -0.963027 0.549033 -0.0350334 -0.835066 0.520931 0.0415732 -0.852586 0.335926 -0.201047 -0.920181 0.686429 -0.167019 -0.707757 0.454277 -0.178131 -0.87287 0.915622 -0.20752 -0.344344 0.133804 -0.162156 -0.977651 0.435125 -0.0288671 -0.899907 0.649782 -0.0411082 -0.759008 0.483973 -0.433484 -0.760172 0.623487 -0.082773 -0.777439 0.548179 -0.234181 -0.802906 0.573266 -0.183505 -0.798556 0.436451 0.0089792 -0.899683 0.945126 -0.20012 -0.258242 0.837739 -0.0343384 -0.54499 0.699789 -0.205098 -0.684274 0.662336 -0.22986 -0.713075 0.44666 -0.0702723 -0.89194 0.74778 -0.33401 -0.573814 0.813808 -0.315478 -0.488048 0.280421 0.0664576 -0.957574 0.876367 -0.20975 -0.433574 0.669936 -0.0985274 -0.735852 0.750684 -0.444754 -0.488536 0.95384 -0.113272 -0.278134 0.653814 0.0403985 -0.755576 0.730377 -0.149193 -0.666551 0.855407 -0.107219 -0.506738 0.746894 -0.315919 -0.585102 0.234163 0.0920827 -0.967827 0.831733 -0.0378604 -0.553883 0.699744 -0.125359 -0.703309 0.91839 -0.303645 -0.253691 0.845404 -0.0924911 -0.526058 0.623565 -0.157472 -0.765747 0.966186 -0.17465 -0.18969 0.839679 -0.246385 -0.483978 0.884802 -0.262395 -0.385063 0.917385 -0.390921 -0.0747321 0.966797 -0.159634 -0.199549 0.605892 -0.315665 -0.73024 0.569866 -0.256792 -0.780584 0.884593 -0.266717 -0.382566 0.917316 -0.289069 -0.273808 0.753925 -0.246248 -0.609064 0.813355 -0.221011 -0.538153 0.904763 -0.0600536 -0.421661 0.899521 -0.146953 -0.41142 0.586659 -0.306143 -0.749738 0.460121 -0.194705 -0.866244 0.898493 -0.0247357 -0.43829 0.539851 -0.197952 -0.818154 0.640163 -0.522892 -0.562828 0.913224 -0.263353 -0.310913 0.857597 -0.332796 -0.392139 0.854828 -0.154453 -0.495392 0.805742 -0.306404 -0.50685 0.714438 -0.467424 -0.520666 0.722587 -0.302303 -0.621676 0.798281 -0.0829781 -0.596541 0.729124 -0.157252 -0.666071 0.554829 -0.487996 -0.673813 0.903894 -0.198019 -0.379163 0.794389 -0.166554 -0.584127 0.933116 -0.0894542 -0.34827 0.762083 -0.103852 -0.639096 0.543457 -0.530619 -0.65046 0.841434 -0.371923 -0.391997 0.608029 -0.383251 -0.695284 0.507854 -0.406304 -0.759606 0.930996 -0.182455 -0.316159 0.831815 -0.418858 -0.364199 0.959876 -0.0443035 -0.276904 0.671974 -0.12749 -0.729519 0.985458 -0.149442 0.0808706 0.78561 -0.405695 -0.467149 0.913614 -0.276709 -0.297894 0.802959 -0.0420932 -0.594545 0.843824 -0.409959 -0.346258 0.867999 -0.194109 -0.457054 0.555256 -0.4574 -0.694605 0.771329 -0.360739 -0.524328 0.592927 -0.191116 -0.782248 0.623346 -0.327978 -0.709838 0.702328 -0.284194 -0.652663 0.787204 -0.368757 -0.494296 0.711189 -0.144328 -0.688025 0.0099101 0.0502038 -0.99869 -0.0506288 -0.154238 -0.986736 0.0091523 0.12431 -0.992201 0.256995 -0.314242 -0.913896 -0.0678516 0.0706334 -0.995192 0.0966944 0.144807 -0.984724 0.283956 0.0157819 -0.958708 0.0346435 -0.168768 -0.985047 0.363528 0.0373838 -0.930833 -0.102444 0.0604438 -0.992901 0.0185714 0.0847274 -0.996231 0.0283679 0.21513 -0.976173 0.31762 0.10875 -0.941961 0.009578 -0.600096 -0.799871 -0.155201 -0.408985 -0.899246 -0.102798 0.0456714 -0.993653 -0.0255652 0.0131038 -0.999587 0.0073598 0.0200149 -0.999773 -0.109311 0.0742245 -0.991233 0.161583 -0.197989 -0.966794 0.0227496 -0.0135614 -0.999649 -0.0205356 -0.031082 -0.999306 0.0119728 -0.272641 -0.962041 -0.0002901 0.0439196 -0.999035 0.0097754 0.130928 -0.991344 0.026614 -0.0291301 -0.999221 0.0289728 -0.0453833 -0.99855 -0.0824225 0.0199691 -0.996397 -0.17305 0.0784167 -0.981786 -0.0563611 0.0528186 -0.997012 -0.0641483 -0.173219 -0.982792 -0.105151 0.0470852 -0.993341 0.0847899 0.0664224 -0.994183 -0.0117853 0.190483 -0.98162 -0.0068795 -0.422831 -0.906182 -0.121214 0.18589 -0.975065 0.0156114 0.380446 -0.924671 -0.0605989 0.0320882 -0.997646 -0.0518393 0.108431 -0.992751 -0.0712446 0.118676 -0.990374 0.0168562 0.214523 -0.976574 -0.17753 0.0095043 -0.98407 0.507219 -0.58635 -0.631603 0.634378 -0.26274 -0.727002 -0.0636667 0.0449266 -0.996959 0.0662579 0.0428012 -0.996884 -0.151249 -0.0064404 -0.988475 -0.0197996 0.130027 -0.991313 -0.103033 -0.147143 -0.983734 0.143995 -0.241282 -0.959713 0.450835 -0.144661 -0.880807 0.395827 -0.604746 -0.691089 -0.0493271 -0.0134305 -0.998692 -0.0857258 0.134527 -0.987195 -0.0633193 0.173458 -0.982804 -0.119419 0.0656007 -0.990674 -0.158637 -0.0341633 -0.986746 -0.151367 0.119851 -0.981185 -0.295591 0.153934 -0.942831 -0.100812 0.204497 -0.973662 0.0457346 -0.0187752 -0.998777 -0.0591601 -0.0311938 -0.997761 -0.334636 -0.0350925 -0.941694 0.252968 -0.365383 -0.895825 0.415547 -0.26345 -0.870583 0.0118075 0.0071658 -0.999905 0.503799 0.0031954 -0.863815 0.446181 0.272937 -0.852308 -0.15168 -0.140927 -0.978332 -0.010623 -0.0045602 -0.999933 -0.0683514 0.147757 -0.986659 -0.0409792 0.194332 -0.980079 -0.280833 0.0556807 -0.95814 -0.164048 0.211228 -0.963572 -0.193834 -0.0020129 -0.981032 0.0469536 0.0416566 -0.998028 -0.159814 0.317147 -0.934814 0.423057 -0.749166 -0.509679 0.0146692 0.0330484 -0.999346 0.18195 -0.195763 -0.963624 -0.0610773 0.035543 -0.9975 -0.124583 0.206299 -0.970526 -0.135057 0.0396307 -0.990045 0.0241758 0.122801 -0.992137 0.0891767 0.201744 -0.97537 -0.33277 0.12343 -0.934895 0.344861 0.0652265 -0.936385 0.0307396 0.187511 -0.981781 0.153199 0.0184561 -0.988023 -0.0212037 0.268592 -0.963021 0.0739012 -0.0024677 -0.997262 -0.142878 -0.0412667 -0.98888 -0.0653187 0.276724 -0.958727 0.236137 0.0659046 -0.969482 -0.0161729 -0.24377 -0.969698 -0.137507 -0.038602 -0.989748 0.0217708 0.162128 -0.98653 -0.149866 0.11264 -0.982269 0.333493 -0.076618 -0.939634 0.0690128 0.198991 -0.977568 -0.121515 0.199056 -0.972425 0.129032 0.0636816 -0.989594 0.44002 0.548793 -0.71078 -0.0861591 -0.0673808 -0.994 -0.0856196 0.0760232 -0.993423 -0.149216 -0.0586943 -0.987061 -0.0738206 0.167476 -0.983109 -0.0189992 -0.446479 -0.894592 0.0241977 0.14118 -0.989688 0.128215 0.109402 -0.985694 0.599441 0.0271 -0.79996 0.0244381 0.132724 -0.990852 -0.0252238 0.203436 -0.978763 -0.116873 -0.120203 -0.985846 0.074258 0.166661 -0.983214 -0.18568 -0.137875 -0.972889 -0.20602 -0.234149 -0.950121 0.441478 -0.136027 -0.886901 0.0251003 -0.0300414 -0.999233 -0.0468486 0.264732 -0.963183 -0.28013 0.554023 -0.783956 -0.0620256 0.0017376 -0.998073 0.0599608 0.215613 -0.974636 -0.0629224 0.136004 -0.988708 -0.136177 0.129351 -0.982204 0.211197 0.262277 -0.941598 0.484978 -0.707961 -0.513408 -0.187139 0.214411 -0.958648 -0.211648 0.303672 -0.928972 0.0277194 -0.0189365 -0.999436 -0.135744 0.155329 -0.978492 0.265717 0.0574185 -0.96234 -0.0974601 0.154563 -0.983164 -0.0352419 0.133374 -0.990439 0.0482452 -0.0042116 -0.998827 -0.0842219 0.0786211 -0.993341 0.0235098 0.178498 -0.983659 -0.156191 -0.0876699 -0.983828 -0.116041 0.0420115 -0.992356 0.140546 0.0715169 -0.987488 -0.0085203 0.137565 -0.990456 0.422126 -0.297368 -0.856377 0.557635 -0.543757 -0.627193 0.118033 0.10023 -0.987938 0.0337872 0.0918862 -0.995196 -0.145317 -0.0182481 -0.989217 -0.0353259 -0.245771 -0.968684 0.0970791 -0.0149308 -0.995165 0.0556465 0.391925 -0.918313 -0.121185 0.158374 -0.979914 -0.120307 0.00385 -0.992729 -0.156426 0.113656 -0.981129 -0.0962026 0.276867 -0.95608 -0.0862246 -0.0326604 -0.99574 0.275717 0.100933 -0.955925 -0.0367543 0.0225276 -0.99907 0.0164571 0.104191 -0.994421 0.293473 -0.418032 -0.859723 -0.0315855 0.135946 -0.990213 -0.0606071 0.137857 -0.988596 -0.0593902 0.30332 -0.951036 0.0979818 0.0665492 -0.992961 -0.0300063 0.165394 -0.985771 0.0056747 0.0977904 -0.995191 -0.0715909 0.0344695 -0.996838 -0.187836 -0.0333042 -0.981636 0.0402215 0.185538 -0.981814 0.032168 0.0581134 -0.997792 -0.113146 0.0679955 -0.991249 0.072281 0.113317 -0.990926 0.0574403 0.162735 -0.984996 -0.839304 -0.288885 -0.460558 0.0093123 -0.0244269 -0.999658 0.110211 0.100859 -0.988778 0.128063 0.124378 -0.983936 -0.067803 0.0020617 -0.997697 0.0254398 0.265082 -0.96389 0.0183268 0.257768 -0.966033 0.495866 -0.188504 -0.847693 -0.0536406 0.0142652 -0.998458 -0.0932545 0.0725378 -0.992997 0.145552 0.133949 -0.980241 -0.0343119 -0.0020429 -0.999409 -0.0741387 0.223877 -0.971794 0.162399 0.0299031 -0.986272 -0.103621 0.267143 -0.95807 -0.295172 0.446749 -0.844564 -0.0521178 -0.0517162 -0.997301 -0.0810981 0.0577686 -0.995031 0.030651 0.131467 -0.990847 0.269641 0.0539461 -0.961449 0.0599871 0.14203 -0.988043 0.091483 0.121904 -0.988317 0.115846 0.102249 -0.98799 0.353779 -0.13105 -0.926103 0.089799 -0.0652052 -0.993823 0.594873 -0.575095 -0.561598 0.0211837 0.0930062 -0.99544 0.385159 -0.127954 -0.913937 -0.0667635 0.162932 -0.984376 0.0928107 0.326584 -0.940601 -0.0150355 0.270069 -0.962724 0.0032935 0.167772 -0.98582 -0.0690383 0.0767661 -0.994656 -0.181119 0.197072 -0.963514 0.0185434 0.279244 -0.960041 -0.0328982 0.0947037 -0.994962 -0.0016232 0.185792 -0.982588 -0.123013 0.112944 -0.985957 0.240177 0.285758 -0.927716 -0.0358282 0.140092 -0.98949 0.0320201 0.0647807 -0.997386 0.0812088 0.0900266 -0.992623 0.744217 -0.531894 -0.404018 0.494104 -0.441159 -0.749159 0.364787 -0.783743 -0.50267 0.200878 0.110055 -0.973415 0.187433 -0.0076858 -0.982247 0.29074 -0.0125619 -0.95672 0.122033 0.124044 -0.984744 0.476478 -0.862341 -0.171281 0.25505 0.830115 -0.495841 -0.053941 0.0012062 -0.998543 0.258666 -0.149272 -0.954364 0.0663716 0.349843 -0.934454 0.245214 -0.0219007 -0.969221 0.022569 -0.0918981 -0.995513 0.0581262 0.111655 -0.992046 -0.0538693 0.0308236 -0.998072 0.0967179 -0.104663 -0.989794 0.19479 0.0637643 -0.97877 0.156922 -0.0161169 -0.98748 0.237486 -0.003758 -0.971384 -0.143077 0.014427 -0.989606 0.0610663 0.162308 -0.984849 -0.0464373 0.258395 -0.964923 0.379846 -0.163444 -0.910496 -0.0040022 -0.0671853 -0.997733 -0.080474 -0.105593 -0.991148 0.0488732 0.0043464 -0.998796 -0.097339 0.0575376 -0.993587 -0.0125562 0.124332 -0.992161 0.159565 0.201106 -0.966486 0.136993 -0.0732438 -0.98786 -0.128829 0.228204 -0.965052 0.208335 0.258788 -0.9432 -0.052258 0.167596 -0.98447 -0.0361078 0.273468 -0.961203 -0.16487 -0.0053349 -0.986301 0.0256574 0.317145 -0.94803 -0.0621722 0.269133 -0.961094 -0.0605411 0.0593717 -0.996398 0.0037812 0.132345 -0.991197 0.293375 -0.242451 -0.924743 -0.182081 0.0518734 -0.981914 -0.0250548 0.164868 -0.985997 -0.082568 0.0786492 -0.993477 0.282397 0.0748171 -0.956376 -0.114692 -0.0300903 -0.992945 -0.181238 -0.255955 -0.949547 -0.132808 0.195851 -0.971599 0.411088 -0.0537092 -0.910012 -0.179052 0.218034 -0.959376 0.124778 -0.0774451 -0.989158 0.198018 -0.0562639 -0.978582 -0.0849057 0.0401402 -0.99558 0.223594 0.0774502 -0.9716 -0.167462 0.269699 -0.948272 -0.100332 0.0580317 -0.99326 -0.317442 -0.146494 -0.936894 -0.0987232 0.0425322 -0.994206 -0.169346 -0.120161 -0.978204 -0.0450278 -0.0179199 -0.998825 -0.172541 -0.0269839 -0.984633 -0.0070133 0.137772 -0.990439 -0.0046077 0.161928 -0.986792 -0.148907 -0.0459547 -0.987783 -0.0059741 0.312266 -0.949976 -0.0685551 0.273783 -0.959345 -0.0274075 0.0978291 -0.994826 0.0064677 0.116296 -0.993194 -0.069969 0.169693 -0.98301 -0.0848576 0.105088 -0.990836 0.0709016 0.220655 -0.972771 0.0103865 0.37686 -0.926212 0.410708 0.0553331 -0.910086 -0.0772549 0.230989 -0.969885 -0.0153077 -0.0171371 -0.999736 0.0728353 -0.220369 -0.972693 0.196082 0.167882 -0.966109 0.0021195 0.248241 -0.968696 0.170121 0.0251886 -0.985101 -0.0577738 0.369975 -0.927243 0.0951503 0.105542 -0.989852 0.69576 -0.67336 -0.250007 0.193844 0.146079 -0.970096 -0.0621214 0.149044 -0.986877 0.0962758 0.378826 -0.920446 0.20424 0.15861 -0.965986 0.0202486 0.0537446 -0.998349 -0.0302918 -0.173012 -0.984454 0.240334 -0.193129 -0.951284 0.0969951 -0.464853 -0.880059 0.254564 0.148799 -0.95554 -0.0703381 0.197844 -0.977707 0.102141 0.357886 -0.928162 -0.0198158 0.262027 -0.964857 0.0660765 0.32462 -0.943534 0.218621 0.0418938 -0.97491 0.0786753 -0.0525588 -0.995514 0.111548 0.11608 -0.986956 -0.192559 0.183944 -0.963891 -0.0406972 0.0201322 -0.998969 -0.0626177 0.0239359 -0.997751 0.0474352 0.147541 -0.987918 -0.141483 0.184654 -0.972566 -0.0887612 0.0899595 -0.991982 -0.143557 0.0108921 -0.989582 -0.225798 0.0630261 -0.972133 -0.0933597 0.183976 -0.978487 -0.0697494 0.123016 -0.98995 0.125044 -0.0597451 -0.990351 -0.113867 0.074261 -0.990717 0.0632042 -0.0167948 -0.997859 -0.036596 0.0793093 -0.996178 0.34317 -0.366009 -0.865027 -0.0475846 -0.474919 -0.878742 0.169268 0.0887748 -0.981564 0.0595478 -0.128837 -0.989876 0.130543 -0.164591 -0.977685 0.0069402 0.07217 -0.997368 0.0695083 0.278565 -0.957899 -0.0668215 -0.0181942 -0.997599 -0.105777 0.128453 -0.986058 -0.0753661 0.186592 -0.979542 0.0160691 0.05366 -0.99843 -0.013338 -0.0050259 -0.999898 0.0128369 0.0234692 -0.999642 0.0425767 0.249502 -0.967438 -0.157854 0.272187 -0.949208 -0.33799 0.184602 -0.922868 0.13781 0.227886 -0.963886 -0.0949558 0.156139 -0.98316 0.440315 0.37915 -0.81386 -0.0013202 0.179304 -0.983793 -0.0411533 0.226183 -0.973215 0.164824 0.0399501 -0.985514 -0.166954 0.0091403 -0.985923 0.678873 -0.0318241 -0.733566 -0.0308012 0.104908 -0.994005 0.399149 -0.0212333 -0.91664 0.0422876 0.20754 -0.977312 0.124339 0.321834 -0.938596 0.110054 0.172465 -0.978848 0.452188 -0.552469 -0.700217 -0.0970557 0.225307 -0.969441 0.104224 0.18326 -0.977524 0.0127095 0.515244 -0.856949 0.0234949 0.0522208 -0.998359 -0.316523 -0.122004 -0.940706 -0.221944 -0.0136141 -0.974964 -0.082582 0.190382 -0.97823 0.264514 0.0027274 -0.964378 0.051346 0.360705 -0.931266 -0.157176 -0.0754251 -0.984686 -0.0984899 0.0460816 -0.99407 -0.168515 0.0604039 -0.983847 -0.1388 -0.0607812 -0.988453 -0.109521 0.146718 -0.983097 -0.20762 0.426962 -0.880112 0.0322631 0.0250564 -0.999165 -0.455265 -0.0238564 -0.890036 -0.0592202 -0.0244805 -0.997945 -0.101865 -0.101412 -0.989616 -0.0363863 0.209384 -0.977156 0.0330552 0.189453 -0.981333 0.653365 0.0553135 -0.75502 0.0488483 0.32812 -0.943372 0.297385 -0.406325 -0.86398 -0.150611 0.353694 -0.923156 -0.17356 0.126862 -0.976618 0.0801706 -0.050422 -0.995505 -0.0161722 0.183177 -0.982947 -0.110789 0.195342 -0.974457 0.242023 -0.278371 -0.929481 0.206645 0.113277 -0.971836 -0.289464 0.611657 -0.736265 0.170084 -0.0630741 -0.983409 0.462704 -0.11303 -0.879278 0.404444 -0.102696 -0.908778 0.130643 0.0965348 -0.986718 -0.123991 0.0141806 -0.992182 0.0781696 -0.0588435 -0.995202 0.490631 0.0592348 -0.869352 -0.0351097 0.19178 -0.98081 -0.144502 -0.0366294 -0.988826 -0.405665 0.577471 -0.708494 0.0483839 0.313051 -0.948503 0.0324391 0.149779 -0.988187 -0.139704 0.0744331 -0.987392 -0.0273327 -0.0019286 -0.999625 -0.0763582 0.101674 -0.991883 0.0703509 -0.0328261 -0.996982 0.344785 0.0943418 -0.933929 0.191237 -0.027267 -0.981165 -0.0597523 0.105061 -0.992669 0.0552175 0.0635978 -0.996447 0.0658557 0.167592 -0.983654 -0.0535279 0.0367134 -0.997891 0.0058947 0.144402 -0.989501 -0.0956511 0.0847044 -0.991804 0.0320711 -0.720714 -0.692491 -0.0458334 0.189032 -0.980901 0.48876 -0.21427 -0.845696 0.319854 -0.162532 -0.933422 0.0272408 0.365725 -0.930324 0.0286772 0.214679 -0.976264 0.0585172 -0.0010079 -0.998286 0.138364 0.0578804 -0.988689 0.69855 0.107097 -0.707501 0.0777802 0.233217 -0.969309 0.0595823 0.0278256 -0.997836 0.130267 0.0140463 -0.99138 -0.092565 -0.0678828 -0.99339 -0.0649878 0.133878 -0.988865 -0.098589 0.156587 -0.982731 0.234714 0.0268332 -0.971694 -0.043324 0.240737 -0.969623 0.0656224 0.0263312 -0.997497 -0.0521889 0.177762 -0.982689 0.119478 0.120268 -0.985526 0.108183 0.353106 -0.929308 0.049057 0.124449 -0.991013 -0.0579813 0.319979 -0.945649 0.108869 0.278788 -0.954162 0.232538 -0.357399 -0.90454 -0.0500212 -0.380549 -0.923407 0.185703 -0.337447 -0.922846 0.0641005 0.372129 -0.925965 -0.687815 0.106957 -0.717963 0.1396 0.299306 -0.94389 0.281055 -0.0050016 -0.959679 -0.032493 0.301384 -0.952949 0.0318914 -0.168659 -0.985158 0.225534 -0.0491531 -0.972994 -0.129712 0.13471 -0.982358 -0.432639 0.736635 -0.5198 0.358997 0.0079955 -0.933304 0.152999 0.21534 -0.964479 0.119725 -0.311303 -0.942739 -0.0695822 0.222006 -0.97256 0.405923 -0.246799 -0.879953 0.0765217 -0.229383 -0.970324 0.199044 -0.0373099 -0.97928 0.0039105 0.161612 -0.986847 0.0457603 -0.0093393 -0.998909 0.187275 0.119398 -0.975024 0.100741 0.181638 -0.978192 -0.0094155 0.172528 -0.98496 -0.188813 0.112174 -0.975585 0.0066766 0.194297 -0.98092 0.440102 0.058748 -0.896024 -0.0083727 0.0574165 -0.998315 0.681518 0.729596 0.0567705 0.983309 0.180152 -0.025469 0.115023 -0.017356 -0.993211 0.145984 0.283789 -0.947709 0.717355 -0.374564 -0.587455 0.993742 -0.0820567 -0.0757896 0.53352 -0.377562 -0.756838 0.182993 0.250807 -0.950584 0.074527 0.217045 -0.973312 -0.0476667 0.218925 -0.974577 0.282317 0.27696 -0.918472 -0.133988 0.0715435 -0.988397 0.0185787 0.158349 -0.987208 0.0907055 -0.81794 -0.568109 0.795706 -0.339296 -0.501728 -0.12009 0.326033 -0.9377 0.0205024 0.0895997 -0.995767 0.0767206 0.0496066 -0.995818 0.220954 0.16389 -0.961415 0.584922 -0.136092 -0.799591 0.244155 0.0535061 -0.968259 0.187857 0.204212 -0.960733 0.77973 -0.528686 -0.33543 -0.0734874 0.0640357 -0.995238 0.599276 -0.180888 -0.779838 0.16722 -0.0081655 -0.985886 -0.0754262 0.133494 -0.988175 -0.0085406 0.167415 -0.98585 0.0427454 0.195197 -0.979832 -0.21313 0.736882 -0.641546 -0.0147743 0.114141 -0.993355 0.0557923 0.0223449 -0.998192 0.145182 -0.40991 -0.900498 0.549118 -0.775921 -0.31051 -0.0341824 0.323024 -0.945773 0.0469788 0.294789 -0.954407 -0.0729976 0.391057 -0.917467 0.510135 -0.305878 -0.803866 -0.0582924 0.169361 -0.983829 0.647622 -0.105956 -0.754559 0.0702757 0.101601 -0.99234 0.0055169 0.178237 -0.983972 0.0325108 0.154744 -0.98742 0.213435 0.248343 -0.944866 0.395759 0.282168 -0.873932 0.0874308 0.324366 -0.941882 0.340077 0.0551217 -0.938781 0.697293 -0.279085 -0.660223 0.782094 -0.429858 -0.451167 0.67516 -0.0917795 -0.73194 0.027043 0.195926 -0.980246 -0.150636 0.0826892 -0.985125 0.0754769 0.122745 -0.989564 -0.0295814 0.225653 -0.973759 0.546573 -0.0402533 -0.836444 0.106875 0.156388 -0.981897 0.297236 0.0352269 -0.954154 0.0140238 0.267876 -0.963351 0.16295 0.222291 -0.961267 -0.0081066 0.159717 -0.98713 0.427604 -0.593548 -0.681803 0.193455 0.242626 -0.950636 -0.799294 -0.291694 -0.525399 0.282754 0.209176 -0.936107 0.108167 0.319442 -0.941412 -0.336838 0.941553 -0.0044082 -0.04522 0.0814107 -0.995654 0.152772 0.229163 -0.961325 0.0357827 0.236656 -0.970934 0.0564149 0.404218 -0.912921 -0.0781069 0.228264 -0.970461 0.290957 0.293848 -0.910493 -0.6967 0.69411 -0.181166 0.0069285 0.352025 -0.935965 0.282475 0.139927 -0.949014 0.685879 0.0389381 -0.726673 0.0888408 0.212743 -0.973061 0.0659741 0.344704 -0.93639 0.594446 -0.326442 -0.734894 0.0947289 -0.682197 -0.725006 0.843877 -0.440958 -0.305658 0.0259211 0.13217 -0.990888 0.0317992 0.371367 -0.927941 0.142433 0.0466124 -0.988706 -0.0407396 0.184518 -0.981984 -0.0078412 0.16976 -0.985454 0.0867157 0.498466 -0.862561 0.0588869 0.058108 -0.996572 0.261993 0.452748 -0.852279 0.0874271 0.418167 -0.904153 0.20617 0.098754 -0.97352 0.302326 -0.090061 -0.948941 0.344812 0.105977 -0.93267 0.0343028 0.200679 -0.979056 0.0845173 0.395474 -0.91458 -0.0213859 0.447272 -0.894142 0.0710929 0.054802 -0.995963 0.194214 -0.812299 -0.549956 0.0504386 0.477701 -0.877074 -0.0049244 0.0550754 -0.99847 0.45178 -0.248707 -0.856761 0.222822 0.186705 -0.956813 0.433047 -0.27292 -0.85906 0.209343 0.234099 -0.949407 0.870703 -0.361372 -0.333596 0.0300938 0.364502 -0.930716 0.910344 -0.412552 -0.0327933 -0.0156368 0.587672 -0.808948 0.118048 0.281766 -0.952194 0.131332 0.095155 -0.986761 0.0837306 0.664847 -0.742272 0.332825 0.150331 -0.930929 0.100318 0.346104 -0.932818 0.159286 0.329859 -0.930495 0.482641 -0.868189 -0.115351 0.388748 -0.0445508 -0.920267 0.676108 -0.259647 -0.689537 0.677477 -0.150964 -0.719885 0.0558659 0.343772 -0.93739 0.0973487 0.470122 -0.877216 -0.687282 0.617596 -0.382387 0.0376472 0.537859 -0.842194 -0.221622 0.548461 -0.806272 0.0410952 -0.0396017 -0.99837 0.880766 -0.425005 -0.20886 0.914252 -0.337872 -0.223575 -0.524937 0.711784 -0.466696 0.0798666 0.517645 -0.85186 0.0498475 0.323149 -0.945034 0.685005 -0.200776 -0.700326 0.136345 0.0750496 -0.987814 -0.1938 0.534261 -0.822804 0.393669 0.157583 -0.905644 0.0560221 0.172368 -0.983438 0.976701 -0.070898 0.202554 0.414507 0.909503 -0.0314275 0.362224 0.466119 -0.807172 0.127497 0.0052248 -0.991825 -0.0329875 0.122758 -0.991888 0.10867 0.438933 -0.891924 -0.112365 0.290635 -0.950213 0.165081 0.432753 -0.886269 0.801547 -0.0681716 -0.594033 0.0999111 0.383538 -0.918105 0.828908 -0.354468 -0.43274 0.923993 -0.364689 -0.115059 0.0557449 0.367857 -0.92821 0.003738 0.2104 -0.977608 0.0063498 0.257627 -0.966223 0.036769 0.311755 -0.949451 0.013885 0.122356 -0.992389 -0.0278508 0.309578 -0.950466 0.281108 -0.174444 -0.943689 0.0901369 0.0852254 -0.992276 0.617285 -0.541532 -0.570703 -0.0199408 0.0162223 -0.99967 0.0038337 0.281493 -0.959556 0.94165 0.322991 0.0947221 -0.377742 0.853312 -0.359402 -0.529724 0.703478 -0.473826 0.708616 0.0359004 -0.704681 0.0214473 0.0194964 -0.99958 -0.0488359 0.397912 -0.916123 0.196698 0.383852 -0.902201 0.704908 -0.195335 -0.681872 -0.0146971 0.413415 -0.910424 -0.351288 0.678279 -0.645395 0.160489 -0.0405404 -0.986205 0.134825 -0.0003358 -0.990869 0.515871 0.516787 -0.683234 -0.0034458 0.0849115 -0.996382 0.208834 0.515876 -0.830819 -0.119649 0.349157 -0.929394 0.0405818 0.0316474 -0.998675 0.0789917 0.103582 -0.991479 -0.398856 -0.364848 -0.841308 0.0186158 0.500277 -0.865665 0.114375 0.373909 -0.920386 -0.0366863 0.503877 -0.862996 0.701482 0.0699549 -0.709246 0.21426 -0.775585 -0.593768 -0.0101814 0.630822 -0.77586 -0.16831 0.510537 -0.843223 0.617838 -0.243909 -0.747519 0.107786 0.0401592 -0.993363 0.0304443 0.452549 -0.89122 0.0763071 0.430123 -0.899539 0.133479 0.443769 -0.886145 0.11769 0.588604 -0.799809 -0.0180004 0.749002 -0.662323 -0.0059405 0.069098 -0.997592 0.0831027 0.0882617 -0.992625 0.597836 0.5961 -0.535964 -0.150502 0.784215 -0.60196 -0.268306 0.0675115 -0.960965 0.0161615 0.33276 -0.942873 0.0736945 0.452673 -0.888626 0.0564376 0.396336 -0.916369 0.848524 -0.302066 -0.434469 -0.52238 0.628267 -0.576541 0.241194 0.509842 -0.825764 -0.0320853 0.515012 -0.856582 0.118038 0.448305 -0.886053 0.708562 -0.231475 -0.666602 0.617157 -0.275064 -0.737195 0.0688131 0.949844 -0.305061 0.471221 0.304899 -0.82764 -0.151966 0.632486 -0.759518 0.0828683 0.80854 -0.582578 -0.0230276 0.171191 -0.984969 0.148067 -0.814556 -0.560869 0.647516 -0.332495 -0.685689 0.090582 -0.609519 -0.78758 -0.0228707 0.590549 -0.806678 -0.0173939 0.443563 -0.896074 -0.361804 0.568692 -0.738707 0.360811 0.690641 -0.626762 0.594722 -0.290939 -0.74944 0.288785 0.875105 -0.388324 0.498449 0.709093 -0.498734 0.616248 0.0008534 -0.787552 0.621902 -0.28324 -0.730078 0.18401 0.559166 -0.808377 -0.623468 0.495691 -0.604631 0.154928 0.851314 -0.501261 -0.186924 0.341813 -0.920991 0.258656 0.351659 -0.899685 0.612852 -0.177339 -0.770041 -0.0405154 0.757218 -0.651905 0.0739853 0.0865429 -0.993497 -0.133306 0.160702 -0.977959 0.197417 0.214189 -0.956635 0.737213 0.613533 -0.283011 0.0352352 0.782273 -0.621939 0.153238 0.665077 -0.730884 0.67279 -0.0273823 -0.739327 0.438646 -0.0002392 -0.89866 -0.266919 0.0887049 -0.959628 -0.218691 0.865586 -0.450484 -0.059722 0.361687 -0.930385 0.812677 -0.13948 -0.565775 -0.188507 0.713598 -0.674716 0.160591 0.0439439 -0.986042 -0.107567 0.289805 -0.951022 0.811521 -0.168824 -0.559403 0.44873 -0.516889 -0.729018 0.272671 0.961873 -0.0212575 0.344593 0.90639 -0.244362 -0.292569 0.685207 -0.667005 0.383038 -0.233452 -0.893746 0.345694 0.395909 -0.850736 -0.141645 0.564172 -0.813417 -0.104682 0.19272 -0.975654 0.148908 0.0004382 -0.988851 0.062138 0.765121 -0.640881 0.542974 -0.299689 -0.784453 -0.252848 0.260922 -0.931658 0.274455 -0.0152301 -0.961479 0.271981 -0.16657 -0.947777 0.800216 -0.182838 -0.571161 0.713795 -0.315955 -0.625035 0.152652 0.506798 -0.848442 0.41447 0.165686 -0.894853 0.848045 -0.233342 -0.475785 0.277549 0.693984 -0.664344 0.38957 -0.346063 -0.853508 0.692595 -0.0646062 -0.718427 0.539029 -0.0343826 -0.841585 0.461256 -0.263927 -0.847104 0.440205 -0.108215 -0.891352 0.188663 -0.225066 -0.955904 0.594902 0.412283 -0.690011 0.303074 0.335644 -0.891902 -0.172495 -0.312005 -0.93429 -0.119805 0.107141 -0.986999 -0.0938467 0.0603572 -0.993756 -0.113155 0.0274467 -0.993198 -0.0824564 0.0904882 -0.992478 0.018511 0.426749 -0.904181 -0.140857 0.0522903 -0.988648 -0.261452 0.0732904 -0.96243 -0.158768 0.0463253 -0.986229 -0.0395396 0.183287 -0.982264 -0.133993 -0.0450066 -0.98996 -0.176148 0.174073 -0.96885 -0.110699 0.227652 -0.96743 -0.0611913 0.0969037 -0.993411 -0.137467 0.161126 -0.977313 -0.132855 -0.109187 -0.985103 -0.129498 0.0630459 -0.989573 0.107294 0.379083 -0.919122 -0.212198 0.0532622 -0.975774 -0.0954244 0.05034 -0.994163 -0.346277 0.0437963 -0.937109 -0.126261 0.201912 -0.971231 -0.172797 -0.0722595 -0.982303 -0.144586 -0.0696357 -0.987039 -0.0674234 0.132243 -0.988922 -0.111233 0.233655 -0.965936 -0.215049 0.0777836 -0.973501 -0.0583381 0.232937 -0.97074 -0.051861 -0.0635641 -0.996629 -0.0562926 0.0320118 -0.997901 -0.166538 0.177422 -0.969942 -0.184116 0.271735 -0.944596 -0.169627 0.154217 -0.973367 -0.236351 0.366563 -0.899872 -0.232998 0.385876 -0.892643 -0.262664 0.109586 -0.958644 -0.104068 0.220403 -0.969841 0.0416708 0.161256 -0.986033 -0.178124 -0.144074 -0.973404 -0.104513 0.083037 -0.991051 -0.225402 0.19236 -0.955087 -0.17966 0.276228 -0.94415 -0.0679905 0.090816 -0.993544 0.154399 0.0919038 -0.983725 -0.0849549 0.0571341 -0.994745 -0.142213 0.152884 -0.977958 -0.432396 -0.339327 -0.835399 -0.240864 -0.0690544 -0.968099 -0.392364 0.0786216 -0.916444 -0.282764 0.404417 -0.869765 0.0716733 0.222166 -0.972371 -0.18317 0.0888924 -0.979054 -0.0382049 0.156581 -0.986926 -0.276043 0.312606 -0.908888 -0.192039 0.14667 -0.970365 -0.001446 0.0563124 -0.998412 -0.316637 0.440598 -0.840009 -0.0251292 0.223829 -0.974304 -0.379554 0.294631 -0.877001 -0.425562 -0.606252 -0.67183 -0.389039 -0.110133 -0.914614 -0.394199 0.279425 -0.875516 -0.0221131 0.102125 -0.994526 0.0212113 0.436249 -0.899576 -0.335588 0.401649 -0.852091 -0.320776 0.247043 -0.91437 -0.176924 -0.0354169 -0.983587 -0.342913 0.135475 -0.929547 -0.0249516 0.227148 -0.97354 -0.0394513 0.497742 -0.866427 -0.481673 0.334963 -0.809809 -0.362759 -0.428549 -0.827497 0.0923504 0.34419 -0.934347 -0.222882 0.263465 -0.938568 0.0005868 0.169757 -0.985486 -0.58609 0.0178651 -0.810049 -0.252662 0.3782 -0.890577 0.0319021 0.529548 -0.84768 -0.574508 0.422133 -0.701245 -0.3843 0.291917 -0.875841 -0.35938 0.164098 -0.91865 -0.762665 0.202075 -0.614417 -0.149719 0.303156 -0.941106 -0.207951 0.556692 -0.80427 -0.212945 0.354629 -0.910436 -0.339917 0.369145 -0.864979 -0.539485 -0.161194 -0.826422 -0.94287 0.204068 -0.26335 -0.29205 0.0706571 -0.953789 -0.794313 -0.0056599 -0.607482 -0.256579 0.296734 -0.919846 -0.165561 0.281959 -0.945034 0.0755565 0.141291 -0.987081 -0.563795 0.415993 -0.713502 0.216052 0.223159 -0.950537 0.0742306 0.350574 -0.933589 0.0283367 0.332986 -0.942506 -0.142722 0.222502 -0.964429 -0.254793 0.376444 -0.890713 -0.217243 0.228716 -0.948944 -0.089494 0.310507 -0.946349 -0.311377 -0.0120735 -0.95021 0.001487 0.35092 -0.936404 -0.125465 0.273649 -0.953612 -0.0853136 0.379653 -0.921187 -0.813314 0.16095 -0.55912 -0.730577 -0.0953085 -0.676146 -0.496492 0.523935 -0.692089 -0.663807 0.389552 -0.638443 -0.0936101 0.487579 -0.868046 -0.104879 0.284898 -0.952803 -0.151166 0.244876 -0.957698 -0.0154548 0.327911 -0.944582 0.0439525 0.418775 -0.907026 -0.568565 0.127338 -0.812723 0.0996709 0.299322 -0.948932 -0.109199 0.160548 -0.980969 -0.582168 0.296663 -0.757015 -0.0920548 0.523149 -0.847255 -0.900249 0.214712 -0.378749 -0.213662 0.690435 -0.691121 0.0626084 0.493393 -0.86755 -0.133881 0.398526 -0.907333 -0.111619 0.438076 -0.891981 -0.110916 0.568154 -0.815414 0.0865801 0.138734 -0.986538 -0.524362 0.412363 -0.744984 -0.547434 0.434204 -0.71539 -0.60969 0.0134744 -0.792525 0.282424 0.758127 -0.587776 -0.579848 0.127115 -0.804747 -0.0273122 0.254952 -0.966568 -0.902665 -0.0442329 -0.428065 0.275113 -0.193615 -0.941714 -0.0810665 -0.145416 -0.986044 -0.213737 0.0343143 -0.976288 -0.29073 -0.279468 -0.915081 -0.0095723 0.50236 -0.864606 -0.266569 0.531845 -0.803792 0.0975921 0.127104 -0.987077 -0.220812 0.396619 -0.891031 0.137169 0.911282 -0.388266 -0.0752753 0.38196 -0.921108 -0.237255 -0.127345 -0.963064 -0.144974 0.309561 -0.939763 0.142428 0.165117 -0.975936 0.0956196 0.123676 -0.987705 -0.240078 0.77948 -0.578596 -0.135026 0.0160133 -0.990713 -0.198305 -0.486973 -0.850607 -0.38549 0.144951 -0.911255 0.308469 -0.329697 -0.892271 -0.499465 0.317834 -0.805926 -0.482487 0.696574 -0.531027 -0.161977 0.261072 -0.951633 -0.545725 0.407337 -0.732298 -0.610324 -0.117107 -0.783448 -0.947681 0.0813422 -0.308682 -0.925313 0.124693 -0.358116 -0.986463 0.135229 -0.0927604 -0.647228 0.412261 -0.641199 -0.33994 0.229522 -0.912009 -0.610229 0.327809 -0.721222 -0.0913233 0.473518 -0.876037 0.177956 0.922054 -0.343726 -0.169738 0.250754 -0.953054 0.0211922 0.985201 -0.170087 -0.151416 0.987662 -0.0399536 -0.456298 -0.192971 -0.868651 -0.348684 0.821566 -0.451054 -0.390263 0.697042 -0.601521 -0.587323 0.347005 -0.73119 0.363006 0.89118 -0.272075 -0.0582945 0.24747 -0.96714 -0.696056 -0.266102 -0.666855 -0.246091 0.399405 -0.883128 -0.357406 0.899321 -0.25196 -0.0853991 0.353251 -0.931623 -0.20638 0.97391 -0.0943789 -0.124058 0.288074 -0.949538 -0.667479 0.361566 -0.650954 -0.564139 0.348294 -0.748625 -0.278322 0.907679 -0.314096 -0.786209 0.110919 -0.607925 -0.225983 0.320691 -0.919831 0.28875 0.951207 0.10876 -0.945306 0.210174 -0.249444 -0.629585 -0.243195 -0.737888 -0.849188 -0.140258 -0.509124 0.553453 0.822111 -0.133501 -0.135641 0.388771 -0.911295 -0.26237 0.452679 -0.8522 -0.695848 -0.247415 -0.674226 -0.571843 0.551105 -0.607683 -0.879969 -0.0427486 -0.473103 -0.234428 0.861952 -0.449535 -0.902238 0.385811 -0.192654 -0.499603 0.52062 -0.692352 -0.319945 0.624416 -0.712559 -0.810007 0.40703 -0.422155 -0.114157 0.272026 -0.955495 -0.19268 0.262967 -0.945369 -0.143404 0.337961 -0.930171 -0.43975 0.493049 -0.750681 -0.787829 0.192357 -0.585085 -0.123182 0.537145 -0.834447 -0.319054 0.605977 -0.728695 -0.747768 -0.303883 -0.590337 -0.170772 0.985198 -0.0148986 -0.520064 0.424705 -0.741053 -0.0596559 0.641832 -0.764522 -0.840119 0.207221 -0.501259 -0.778885 0.370305 -0.506174 -0.441262 0.561118 -0.70031 -0.266059 0.75615 -0.59787 -0.49034 0.544855 -0.68022 -0.622351 0.568024 -0.538542 -0.93105 0.197087 -0.307088 -0.231627 0.554368 -0.799391 -0.947027 0.0104467 -0.320984 -0.768462 0.218824 -0.601318 0.0916862 0.978648 0.183962 -0.18068 0.688747 -0.702128 -0.33634 0.820627 -0.462003 -0.0901276 0.922951 -0.374218 -0.830069 0.425654 -0.360285 -0.963868 0.125357 -0.235042 -0.953229 -0.0580445 -0.296623 0.166034 0.957629 -0.235329 -0.890366 0.107037 -0.442483 -0.12711 0.78588 -0.605174 -0.917621 0.111302 -0.381554 -0.164742 0.711301 -0.683309 -0.180086 0.717828 -0.672526 -0.238867 0.753573 -0.612429 -0.249282 0.960651 -0.122505 -0.215171 0.973106 0.0822536 -0.648384 0.51825 -0.557687 -0.965117 0.0020994 -0.26181 -0.977114 -0.115464 -0.178653 -0.817935 0.47138 -0.329825 -0.212641 0.626061 -0.750221 -0.366729 0.628683 -0.68576 -0.906608 0.42047 0.0356038 -0.994758 0.0423056 0.0930986 -0.0538793 0.983538 0.17248 -0.998302 -0.0225594 0.0537029 -0.803928 0.517143 -0.293705 -0.137603 0.89798 -0.417968 -0.29902 0.667848 -0.681591 -0.941472 0.33599 -0.027214 -0.0253905 0.974672 0.222193 -0.99245 -0.0856939 0.087746 -0.939368 0.342649 -0.0134226 -0.930132 0.324806 0.171337 -0.0983535 0.786987 -0.60908 -0.283984 0.751173 -0.595896 -0.196832 0.786845 -0.58492 -0.34422 0.639974 -0.686983 -0.988865 -0.0445732 0.141982 -0.984605 -0.0568454 0.165294 -0.914623 0.326201 0.238867 -0.672245 0.691925 -0.263301 -0.18778 0.949423 -0.251662 -0.137966 0.989064 0.0521328 -0.95944 0.249221 0.131774 -0.926364 0.345307 -0.150374 -0.826358 0.56313 -0.0040837 -0.14649 0.986785 0.0692553 -0.989005 0.0289393 0.145025 -0.0891822 0.929002 -0.35917 -0.0123381 0.97424 0.225175 -0.157356 0.96507 -0.209474 -0.925222 0.37837 0.0282965 -0.984694 0.117858 0.128402 -0.310284 0.676866 -0.667515 -0.246443 0.969155 0.0022453 -0.909766 0.375268 0.177484 -0.085404 0.976649 0.197135 -0.347633 0.931296 0.108805 -0.3669 0.694449 -0.618971 -0.178554 0.983378 0.0329713 -0.201306 0.979141 0.0275299 -0.731506 0.67301 0.109348 -0.94597 0.310905 0.0920849 -0.975052 -0.0169821 0.221326 -0.916633 0.395065 0.0608897 -0.51058 0.78247 -0.35644 -0.835315 0.0184819 0.549461 -0.800852 0.0284272 0.598187 -0.249606 0.965708 -0.071449 -0.744322 0.584872 0.322349 -0.189663 0.913688 0.359447 0.145966 0.976798 0.156713 -0.87586 -0.195421 0.441225 -0.424392 0.903591 0.0584378 -0.965803 -0.0403615 0.256117 -0.326696 0.910738 -0.252638 -0.296689 0.911536 -0.284742 -0.733619 0.383724 0.560856 -0.10738 0.986645 0.122483 -0.751465 0.565479 0.339902 -0.787189 0.610138 0.08981 -0.401083 0.914157 -0.058727 -0.585715 0.598223 0.54687 0.0426156 0.942562 0.331303 -0.0872915 0.948465 0.304623 -0.929348 0.253227 0.268679 -0.0221175 0.996441 0.0813448 -0.638911 0.169653 0.750341 -0.457194 0.864889 0.20722 -0.954974 0.0973088 0.280279 -0.702578 0.695225 -0.15181 -0.904261 0.309968 0.293654 -0.753363 0.405449 0.51774 -0.95358 -0.0703216 0.292814 -0.875509 0.480774 0.0483697 -0.851942 0.0687528 0.519102 -0.387996 0.907816 -0.159151 -0.321573 0.904319 -0.280709 -0.808661 0.343207 0.477783 -0.958768 0.283343 0.0219369 -0.325835 0.936568 0.129122 -0.0292359 0.993262 0.112145 -0.924094 0.25403 0.285516 -0.737034 0.671016 0.0807389 -0.664248 0.62078 0.416421 -0.539924 0.624993 0.563795 -0.864875 -0.216614 0.452845 -0.19518 0.833295 0.517227 -0.125473 0.700729 -0.702307 -0.144829 0.941133 -0.305439 -0.721509 0.638166 -0.268643 -0.207848 0.845744 0.491443 -0.363098 0.800038 0.477598 -0.196345 0.980462 -0.0119369 -0.891434 -0.128781 0.434465 -0.92407 9.13e-05 0.382224 -0.923235 0.36912 0.106715 -0.864152 0.286433 0.413759 -0.341155 0.851318 0.398587 -0.830652 0.140983 0.538648 -0.650356 0.465595 0.600215 -0.264425 0.886196 0.380443 -0.364251 0.866709 0.340789 -0.586532 0.445683 0.676274 -0.443363 0.832149 -0.333104 -0.549485 0.774803 -0.312643 -0.949306 0.184591 -0.254448 -0.163637 0.958826 0.23211 -0.556391 0.826691 -0.0837387 -0.791503 0.590392 -0.157985 -0.316982 0.946114 0.0662616 -0.266943 0.864342 -0.42621 -0.265566 0.959641 -0.0925417 -0.980187 0.0561815 0.189937 -0.979526 0.145665 0.138961 -0.833213 0.510153 -0.213309 -0.527775 0.286597 0.799572 -0.940358 0.0368401 0.338185 -0.722795 0.606765 -0.330762 -0.614026 0.167724 0.771259 -0.729447 0.242706 0.639531 -0.23532 0.889584 -0.39149 -0.778957 -0.0723682 0.622887 -0.947464 -0.0630869 0.313581 -0.802411 0.454033 0.387287 -0.310897 0.884547 0.347735 -0.879448 0.136579 0.45598 -0.889362 0.349096 0.295242 -0.595615 0.644773 0.479073 -0.276426 0.851331 0.445896 -0.604067 0.0138077 0.796814 -0.811319 -0.118423 0.572484 -0.522698 0.385812 0.760221 -0.135867 0.515459 0.846074 -0.636086 0.176234 0.751223 -0.800315 -0.0371741 0.598427 -0.779711 -0.0672587 0.622517 -0.548015 0.0574135 0.834496 -0.389954 0.107114 0.914583 -0.659921 0.0326018 0.750627 -0.0496491 0.329256 0.942935 -0.483728 0.0243329 0.87488 -0.386614 0.294308 0.874021 -0.468529 -0.0015291 0.883447 0.0040513 0.101354 0.994842 0.0078802 0.0494424 0.998746 -0.367608 0.0152466 0.929856 -0.322968 -0.102468 0.940846 -0.494105 0.0042836 0.869392 -0.014217 0.173731 0.98469 -0.200283 0.061587 0.9778 -0.361333 -0.0933903 0.927748 -0.113611 0.039313 0.992747 0.0128357 0.0200709 0.999716 0.0222552 0.168441 0.985461 -0.130811 0.477511 0.868833 -0.0461525 -0.157554 0.986431 -0.289177 0.076896 0.954182 -0.175545 0.496223 0.850263 0.0164899 0.0321244 0.999348 -0.032275 0.109801 0.993429 -0.163034 0.692217 0.703034 -0.272668 0.159451 0.948803 -0.283704 -0.0105627 0.958854 -0.259017 0.020529 0.965655 -0.107853 -0.229692 0.967269 0.0548927 -0.110251 0.992387 -0.122779 0.106985 -0.986651 -0.123481 -0.0588961 -0.990598 -0.0242686 0.129045 -0.991342 -0.0766113 -0.290197 -0.953896 -0.182501 -0.149755 -0.971734 -0.0690984 0.194459 -0.978474 -0.130885 -0.0605603 -0.989546 -0.109579 -0.0218039 -0.993739 -0.370673 -0.100385 -0.923322 -0.0808915 -0.34927 -0.933524 -0.231462 -0.504603 -0.831746 -0.189015 -0.0993655 -0.976934 -0.0996316 -0.0469646 -0.993915 -0.12431 0.196768 -0.972538 -0.0240484 0.120102 -0.99247 -0.152828 -0.0080957 -0.98822 -0.0630922 0.0786874 -0.994901 -0.143794 0.0267955 -0.989245 0.107001 0.146186 -0.983453 -0.105671 -0.613862 -0.782309 -0.399664 -0.245325 -0.883224 -0.256814 0.0283673 -0.966044 -0.325431 -0.0461945 -0.944437 -0.499079 0.201127 -0.842892 -0.162899 0.27694 -0.946978 0.0825385 -0.0142907 -0.996485 -0.303742 -0.097739 -0.947728 -0.314522 0.126943 -0.940724 -0.521543 0.195288 -0.830576 -0.108349 0.0470127 -0.993001 -0.185245 0.0791376 -0.979501 -0.116085 0.0573875 -0.99158 -0.193514 0.0583405 -0.979361 -0.269781 -0.0810721 -0.959503 -0.193227 -0.228222 -0.954242 -0.238352 -0.0380274 -0.970434 -0.267587 -0.263994 -0.926663 -0.230495 -0.204297 -0.951386 -0.437007 -0.112178 -0.892435 -0.0731466 0.126026 -0.989326 -0.250947 -0.0202873 -0.967788 -0.260278 0.0915091 -0.961187 0.103793 0.111106 -0.988374 -0.0905469 -0.329474 -0.939813 -0.185697 0.175298 -0.966844 -0.347522 0.111789 -0.930984 -0.504555 0.169361 -0.846606 -0.627164 0.215747 -0.748411 -0.386346 -0.0116225 -0.922281 -0.581647 0.255538 -0.772261 -0.48498 0.173392 -0.857163 -0.605884 0.235349 -0.759944 -0.307475 -0.427148 -0.850296 -0.4678 -0.0143094 -0.883718 -0.183747 0.238129 -0.953694 -0.441452 -0.197302 -0.875324 0.0010198 0.0022138 -0.999997 -0.165813 -0.166962 -0.971921 0.006622 0.219234 -0.97565 -0.332755 0.10298 -0.937374 -0.0566302 -0.0530748 -0.996984 -0.286933 -0.356048 -0.889325 -0.12061 -0.81037 -0.573371 -0.780899 0.388348 -0.489268 -0.35915 -0.62191 -0.695873 -0.377507 -0.396615 -0.836771 -0.691592 0.399229 -0.601927 -0.494154 0.252304 -0.831958 -0.186144 -0.0142172 -0.98242 -0.18684 0.067617 -0.980061 -0.0487233 0.163333 -0.985367 -0.869721 -0.184879 -0.457608 -0.430563 -0.199645 -0.880203 -0.348862 -0.341588 -0.872704 -0.226076 0.0299782 -0.973648 -0.234981 -0.0083923 -0.971964 -0.603104 0.42619 -0.674261 -0.895339 0.402008 -0.191722 -0.698924 -0.0832608 -0.710333 -0.473877 -0.504865 -0.721493 -0.644253 -0.0799302 -0.760624 -0.652465 -0.0057719 -0.757797 -0.503119 0.0076116 -0.864184 -0.172828 -0.742154 -0.647563 -0.17983 0.027551 -0.983312 -0.499802 0.684529 -0.530676 -0.674894 0.0568971 -0.735718 -0.590366 -0.480321 -0.64866 -0.367468 -0.106157 -0.923958 -0.430628 -0.252599 -0.86646 -0.787706 -0.215612 -0.577088 -0.867772 0.345094 -0.357606 -0.736319 0.67103 -0.0869074 -0.785824 0.568105 -0.24441 -0.438057 0.0721099 -0.89605 -0.512167 -0.0468118 -0.857609 -0.87085 0.41009 -0.271012 -0.970318 -0.139452 -0.197574 -0.505946 0.316072 -0.802569 -0.708048 0.69103 -0.145415 -0.537193 0.202551 -0.818778 -0.494393 -0.54693 -0.675606 -0.461001 -0.642235 -0.612383 -0.599209 0.454042 -0.659389 -0.489812 0.0256853 -0.87145 -0.741837 0.223493 -0.632241 -0.47386 -0.541235 -0.694638 -0.367925 -0.82755 -0.424019 -0.724451 0.0944257 -0.682828 -0.81039 0.334579 -0.480962 -0.514981 -0.0095698 -0.857148 -0.713286 0.383943 -0.586353 -0.711278 0.322976 -0.624316 -0.589967 -0.576808 -0.565005 -0.86359 -0.363698 -0.349193 -0.845842 0.0004993 -0.533434 -0.54289 0.250071 -0.801708 -0.906759 0.359651 -0.220088 -0.461259 0.0904075 -0.882648 -0.469732 -0.867298 -0.16476 -0.61303 0.110379 -0.782311 -0.370074 -0.230361 -0.899988 -0.676486 -0.73585 0.0298408 -0.79837 -0.17198 -0.577087 -0.267856 0.0457113 -0.962374 -0.534089 0.840784 -0.0884963 -0.829513 0.351552 -0.433957 -0.653994 -0.573113 0.493795 -0.451191 -0.0320909 -0.89185 -0.629304 0.136094 -0.76515 -0.762298 0.352151 -0.54304 -0.942419 0.326293 0.073352 -0.51724 0.187024 -0.835155 -0.394307 -0.830216 0.394035 -0.745767 0.210562 -0.632056 -0.642269 -0.271554 -0.716763 -0.643178 0.380422 -0.664531 -0.711101 -0.361528 -0.60302 -0.338814 -0.34033 0.877143 -0.443203 -0.81196 0.379859 -0.897117 -0.428939 -0.105793 -0.708987 0.520955 -0.475336 -0.767718 -0.099433 -0.633026 -0.800408 0.443703 -0.403082 -0.819356 0.0864886 -0.566724 -0.360983 -0.269197 0.892874 -0.809796 0.58536 -0.0398071 -0.753074 0.240154 -0.61254 -0.803337 -0.207736 -0.558118 -0.881787 -0.261053 -0.392813 -0.896821 -0.409984 -0.166207 -0.24829 -0.961749 -0.115718 -0.291629 -0.641384 -0.709634 -0.883332 0.344609 0.317757 -0.755543 0.482062 -0.443589 -0.870653 0.436553 -0.226682 -0.762515 -0.569608 0.306785 -0.954919 -0.194613 0.224178 -0.827262 0.291419 -0.480326 -0.449111 -0.58235 -0.677619 -0.798461 0.280978 -0.532458 -0.774044 0.584614 -0.24307 -0.681286 -0.0750171 -0.728164 -0.993336 0.109335 -0.0364735 -0.696196 0.382479 -0.60747 -0.849241 0.215227 -0.482148 -0.16604 -0.551724 -0.817332 -0.386619 -0.573907 -0.721911 -0.775103 0.0137738 -0.631685 -0.639655 -0.178775 -0.747584 -0.702314 0.383134 -0.59997 -0.118634 -0.472959 -0.873061 -0.777056 -0.408993 -0.478444 -0.724074 -0.323373 -0.609218 -0.259657 0.55201 -0.792378 -0.792028 0.255639 -0.554382 -0.58453 0.0983368 -0.805391 -0.744978 -0.369386 -0.555484 -0.768493 0.0353888 -0.638879 -0.382469 -0.376181 -0.843922 -0.3034 0.579744 -0.756205 -0.880928 0.276146 -0.38433 -0.573278 -0.613843 -0.542723 -0.632456 0.428042 -0.645584 -0.809271 -0.320642 -0.492208 -0.737376 -0.25884 -0.623922 -0.524633 -0.748608 -0.405395 -0.790941 -0.472804 -0.388418 -0.125025 0.706824 -0.696253 -0.788994 -0.47452 -0.390281 -0.738586 0.122312 -0.662971 -0.624588 -0.0342046 -0.780205 -0.598576 -0.584035 -0.548279 -0.698492 0.229167 -0.677932 -0.714764 -0.405212 -0.570013 -0.5744 -0.719395 -0.390558 -0.663746 -0.178323 -0.726389 -0.34584 0.572281 -0.743565 -0.535657 0.159362 -0.829262 -0.832983 -0.358534 -0.421417 -0.382162 0.39842 -0.833794 -0.481198 0.214082 -0.850069 -0.167011 -0.194521 -0.966576 -0.698813 -0.599254 -0.390582 -0.709366 -0.620817 -0.333746 -0.620102 0.53625 -0.572634 -0.874651 -0.466347 -0.132307 -0.890662 -0.391997 -0.230347 -0.691092 0.442735 -0.571295 -0.719455 -0.410732 -0.560075 -0.237921 0.0419571 -0.970378 -0.64598 -0.0076776 -0.763316 -0.799942 -0.225919 -0.555925 -0.881254 -0.240433 -0.40692 -0.61533 -0.47772 -0.627019 -0.477091 0.230089 -0.8482 -0.871193 -0.0723312 -0.485582 -0.791364 -0.457493 -0.405516 -0.98651 -0.0772636 0.144322 -0.800792 0.159473 -0.577322 -0.574758 0.645106 -0.50348 -0.836174 0.081228 -0.542415 -0.482121 -0.64504 -0.592859 -0.74517 -0.238326 -0.622834 -0.781183 -0.335245 -0.526653 -0.713236 -0.12263 -0.690113 -0.76948 0.329824 -0.546916 -0.953323 0.0022463 -0.301943 -0.687727 -0.414032 -0.59633 -0.671685 -0.536629 -0.510754 -0.613685 -0.160502 -0.773065 -0.585222 -0.407407 -0.701096 -0.842978 -0.462599 -0.274574 -0.838145 -0.467484 0.281018 -0.88017 -0.0653944 -0.470132 -0.534159 0.273242 -0.800008 -0.951215 0.196333 -0.238 -0.746584 -0.0253649 -0.664807 -0.815034 0.0575198 -0.576551 -0.72621 0.273828 -0.630584 -0.504503 -0.580256 -0.639359 -0.841442 0.284641 -0.459299 -0.524732 -0.571351 -0.631042 -0.891439 -0.174341 -0.418261 -0.882085 -0.285709 -0.374563 -0.966521 0.0261324 -0.255253 -0.818105 0.451788 -0.355797 -0.903978 -0.389408 -0.176592 -0.43118 -0.845697 -0.314454 -0.632858 -0.527798 -0.566499 -0.719483 -0.367094 -0.589565 -0.944179 0.267268 -0.192599 -0.956806 -0.260357 -0.12937 -0.728987 0.511763 -0.454617 -0.622332 -0.64428 -0.444528 -0.386593 -0.860589 -0.331561 -0.93517 -0.299489 -0.189115 -0.972829 0.138152 -0.185791 -0.98715 -0.0193723 -0.158617 -0.919838 0.342276 -0.191691 -0.586555 0.761519 -0.275758 -0.906743 -0.0651184 -0.416625 -0.562526 -0.669773 -0.484735 -0.974083 -0.220028 0.0524316 -0.915602 -0.17609 0.361476 -0.943217 -0.293155 -0.156213 -0.981246 0.191659 0.0205756 -0.768821 0.255656 -0.586136 -0.843382 0.0875168 -0.530139 -0.840893 -0.195597 -0.50462 -0.983619 -0.177998 -0.0284633 -0.993927 -0.103112 -0.0384223 -0.768918 0.485629 -0.415849 -0.901063 -0.427466 -0.0731976 -0.966316 0.210485 -0.148086 -0.933994 0.314281 -0.169947 -0.943469 0.128356 0.305599 -0.964321 -0.264624 -0.0077355 -0.982355 0.103108 -0.156035 -0.977041 -0.202102 0.0674259 -0.926843 -0.188815 0.324516 -0.980657 0.142504 -0.134179 -0.893072 0.38025 -0.240483 -0.878173 -0.278906 0.388619 -0.8645 0.20011 -0.461082 -0.943634 -0.0365399 0.328967 -0.77831 -0.600481 -0.183456 -0.986241 0.158676 -0.0463838 -0.94645 -0.186256 0.263707 -0.833298 0.497761 0.240517 -0.915911 0.371424 -0.152156 -0.975086 -0.124869 0.183343 -0.965155 0.234946 0.11522 -0.980367 -0.196844 -0.0115383 -0.868635 0.206865 -0.4502 -0.725879 0.0798443 -0.683172 -0.970103 -0.174135 0.169048 -0.929165 -0.358456 0.0903479 -0.976497 -0.0198837 0.214613 -0.882168 -0.424416 0.204086 -0.969616 -0.0957308 0.225125 -0.867084 0.307479 -0.391946 -0.753799 0.0868448 -0.651341 -0.807252 -0.381811 -0.450071 -0.803162 0.575241 0.155009 -0.989034 0.0287553 0.144858 -0.961891 0.187444 -0.199077 -0.821393 -0.0280779 -0.569672 -0.874941 0.0977407 -0.474263 -0.773227 0.420107 0.475005 -0.965561 -0.066569 0.251516 -0.966303 -0.0854654 0.242804 -0.951711 -0.271703 0.142908 -0.949193 0.147387 -0.278046 -0.655836 0.66832 0.351038 -0.973865 0.101695 -0.203091 -0.90553 0.296803 0.303189 -0.923637 0.0359688 0.381576 -0.993358 0.0950141 -0.0649005 -0.913154 0.206131 0.351652 -0.865379 -0.210397 0.454811 -0.907845 -0.207387 0.364427 -0.988281 0.0923547 -0.121536 -0.884916 -0.100823 0.454707 -0.687417 0.206694 0.69623 -0.503856 0.194169 0.841681 -0.776765 -0.0901315 0.623308 -0.823205 -0.0207401 0.567365 -0.749287 -0.102648 0.654241 -0.773841 0.452015 0.443681 -0.807942 0.0533975 0.586837 -0.583159 0.0101097 0.812295 -0.319085 0.323025 0.890977 -0.582541 0.0905974 0.807737 -0.356003 0.141356 0.923732 -0.386136 0.246618 0.888864 -0.508871 -0.114727 0.853164 -0.344345 -0.0025394 0.93884 -0.487927 0.100247 0.867109 -0.501037 -0.221725 0.83654 -0.530157 -0.155481 0.833522 -0.318397 0.13112 0.938846 -0.644943 0.110823 0.756153 -0.151012 0.179926 0.97202 -0.402729 -0.211203 0.89062 -0.50873 0.270633 0.817283 -0.290653 -0.0403709 0.955977 -0.226967 -0.0217645 0.973659 -0.30706 0.0834811 0.948022 -0.219553 0.156315 0.962997 -0.241798 0.0036627 0.97032 -0.379732 0.196274 0.904036 -0.168823 -0.0446738 0.984633 -0.0153676 -0.205374 0.978563 0.0949098 0.0813202 0.992159 -0.0991815 0.0722403 0.992444 0.0100239 0.0601598 0.998138 -0.159916 -0.0304138 0.986662 0.0116976 -0.122852 0.992356 -0.0105714 -0.125629 0.992021 0.0099102 -0.024485 0.999651 0.0667645 0.116025 0.991 -0.0371982 -0.0546644 0.997812 0.0295216 -0.0392703 0.998793 0.0164746 -0.0517484 0.998524 -0.0295879 0.0229614 0.999299 0.0516328 -0.0072666 0.99864 -0.144675 -0.0214648 0.989246 0.0982819 0.0085311 0.995122 0.0113951 -0.0489796 0.998735 -0.300503 0.0885034 0.949666 -0.0266409 -0.13548 0.990422 -0.0291546 0.167098 0.985509 0.0053144 0.0171644 0.999839 0.0742923 -0.0987028 0.99234 0.184887 -0.0919151 0.978452 0.139912 -0.146548 0.979259 -0.0424372 0.0443207 0.998116 -0.166729 0.102747 0.980635 -0.0328356 0.0992409 0.994522 -0.253573 -0.248828 0.934765 0.0498385 0.103497 0.99338 -0.053969 0.014336 0.99844 -0.0626734 0.093066 0.993685 0.207058 0.119985 0.970943 0.101194 0.135114 0.985649 -0.088356 -0.0383618 0.99535 -0.172088 -0.139859 0.975103 0.0153245 0.0132774 0.999794 0.0308423 -0.0553208 0.997992 0.1005 0.0418771 0.994055 0.159613 0.0792861 0.983991 -0.0865781 0.0634666 0.994221 0.0867629 -0.162351 0.982911 0.0667761 -0.013373 0.997678 0.0761989 0.0567633 0.995476 -0.13001 -0.116624 0.98463 0.0018353 -0.20056 0.97968 0.12549 -0.100112 0.987031 -0.0260231 -0.135446 0.990443 0.0988527 -0.0882628 0.99118 -0.0508326 -0.0272051 0.998337 -0.0344599 0.0933565 0.995036 -0.179469 0.0737172 0.980998 0.308561 -0.10096 0.945831 0.0335632 0.0530147 0.998029 -0.109597 0.0286701 0.993563 0.0544994 0.0809904 0.995224 -0.0268366 -0.0418808 0.998762 -0.0292488 -0.0594351 0.997804 -0.0380412 -0.0804096 0.996036 0.0254614 0.0233644 0.999403 -0.0254659 -0.167296 0.985578 -0.0868253 -0.19712 0.976527 -0.0781681 0.331653 0.940157 0.0464838 0.129347 0.990509 -0.0776763 -0.0982357 0.992127 -0.0154189 0.119368 0.99273 0.104456 0.0207313 0.994313 0.0888465 -0.0451903 0.99502 -0.0597892 -0.095115 0.993669 -0.0246511 0.0864277 0.995953 -0.139492 0.004737 0.990212 0.0899588 -0.0363689 0.995281 0.037005 0.0328006 0.998777 -0.0828828 -0.0643979 0.994476 0.0420677 0.10048 0.994049 0.0531659 0.0225962 0.99833 -0.141275 -0.213651 0.966641 0.0784572 -0.0587913 0.995183 0.0650279 -0.215806 0.974268 0.0243378 -0.107329 0.993926 -0.0704325 -0.0035389 0.99751 0.0668187 -0.21781 0.973701 0.0008145 -0.018899 0.999821 0.0374122 -0.115434 0.99261 0.0053758 -0.0222501 0.999738 -0.0395793 -0.142115 0.989059 0.008979 -0.0269631 0.999596 0.08803 -0.149944 0.984768 0.455095 0.191301 0.869651 -0.0211418 0.113475 0.993316 -0.134149 0.115543 0.984202 0.219701 -0.148872 0.964141 0.164361 -0.122478 0.978767 0.774803 -0.0663185 -0.628714 0.549577 -0.424083 -0.719805 0.597209 -0.407431 -0.690899 0.46821 -0.514545 -0.718347 0.951173 0.0631302 -0.302132 0.486055 -0.590557 -0.6442 0.530961 -0.289635 -0.796362 0.86817 -0.277588 -0.41137 0.561427 -0.708677 -0.42729 0.953364 -0.252522 -0.165317 0.916179 -0.252502 -0.311222 0.646724 -0.641168 -0.413099 0.568128 -0.356464 -0.74173 0.67438 -0.225165 -0.703216 0.430766 -0.374752 -0.820976 0.872852 -0.0244082 -0.487374 0.896928 -0.441852 0.0169328 0.980591 -0.189623 0.0498427 0.983497 -0.0357033 -0.177366 0.498329 -0.267635 -0.824646 0.942988 0.329655 0.0458474 0.432706 -0.22148 -0.873906 0.517905 -0.167026 -0.838973 0.880557 -0.471968 -0.0431903 0.96226 0.178624 0.205302 0.576342 -0.341048 -0.742642 0.314823 -0.330185 -0.889868 0.693758 -0.471399 -0.544502 0.822185 -0.0637646 -0.565637 0.98426 -0.142376 -0.104701 0.598945 -0.485545 -0.636798 0.979573 0.165135 0.114752 0.818157 -0.0920974 -0.567572 0.676396 -0.723754 -0.136632 0.816435 -0.416807 -0.399632 0.997562 0.007875 -0.0693409 0.962402 -0.167468 -0.213864 0.962701 0.158419 -0.219342 0.774336 -0.492008 -0.397908 0.993355 0.0567177 0.100141 0.773145 -0.614298 -0.157748 0.653226 -0.222338 -0.723782 0.615594 -0.777941 -0.125903 0.957208 -0.258088 0.130934 0.9879 0.149878 -0.039887 0.606538 -0.755016 -0.249123 0.788151 -0.521752 -0.326486 0.933752 0.266477 0.238949 0.729618 -0.654779 -0.197284 0.98832 -0.0074256 -0.152212 0.657857 -0.269569 -0.703247 0.966417 -0.246868 -0.0713766 0.820078 -0.499422 -0.279374 0.964726 0.237137 0.114326 0.705714 -0.289035 -0.646859 0.918959 -0.256861 -0.299226 0.96266 0.162805 0.216289 0.98531 -0.169683 -0.0192819 0.509903 -0.803112 -0.308235 0.848276 -0.190746 -0.494007 0.988768 0.125122 -0.0817417 0.888641 0.0633167 -0.454212 0.921598 -0.233686 -0.309915 0.83596 -0.229811 -0.498355 0.894822 -0.397024 -0.204122 0.91222 -0.278639 -0.300359 0.903609 0.422462 0.070832 0.875428 -0.482609 0.0267251 0.966278 0.257092 0.0145218 0.850462 0.459026 0.256922 0.967968 -0.250997 0.0061569 0.93856 0.229772 0.257507 0.99212 -0.0577919 -0.11117 0.714273 -0.490023 -0.499692 0.958044 -0.105545 0.266482 0.86759 0.341739 0.36125 0.772436 -0.596798 0.217197 0.862384 -0.493528 -0.112796 0.900119 -0.43495 -0.0245967 0.981027 -0.178401 -0.075887 0.879742 0.286526 0.379417 0.931325 -0.0633296 0.35864 0.93604 -0.273339 0.221619 -0.49387 0.201693 0.84582 0.585216 -0.0788229 0.807037 0.0715055 0.659882 0.747958 0.478188 -0.85292 0.209438 0.0027791 -0.375663 0.926752 0.911335 -0.363987 -0.192307 0.921281 -0.040484 0.386784 0.920454 0.343947 0.185649 0.507547 0.0121722 0.861538 -0.65797 0.339193 0.672327 0.918013 0.274338 0.286342 -0.02013 -0.437388 0.899048 0.0353082 -0.439268 0.897662 0.965614 -0.182909 -0.184754 0.953851 -0.293155 0.0650199 -0.654612 0.666972 0.355852 0.864976 0.451429 0.219153 0.398434 0.368357 0.839978 0.890421 0.443809 0.100912 0.749751 0.36283 0.553378 -0.622046 -0.243107 0.744284 0.824524 -0.0588157 0.562762 0.890147 -0.407241 -0.204431 0.879702 0.249518 0.404803 0.773078 -0.343391 0.533322 -0.913205 0.288559 -0.287732 -0.673674 -0.23675 0.700081 -0.25445 -0.682593 0.685071 0.82341 0.246085 0.51131 -0.469433 0.738927 0.483342 -0.856374 0.504001 -0.112282 0.864111 -0.49276 -0.102466 0.928824 -0.304801 0.210672 -0.309653 0.512735 0.80076 0.333364 -0.275721 0.90158 0.679477 0.528143 0.50929 0.85825 0.513104 0.011448 -0.494153 -0.374753 0.784457 0.934478 0.208971 0.288241 -0.812209 0.536735 0.228546 0.524126 0.745968 0.410882 -0.464081 -0.874219 0.142727 0.80454 -0.087776 0.587376 -0.20645 -0.686411 0.697294 0.750993 0.306155 0.585045 -0.481024 0.534304 0.69508 0.133425 -0.122248 0.98349 0.252353 0.0032871 0.96763 0.489585 0.812854 0.315556 -0.441426 0.102188 0.89146 0.71949 -0.241161 0.651288 -0.0289285 0.358196 0.933198 0.594182 -0.76661 0.243428 0.938159 -0.258945 0.229794 -0.837445 -0.506477 0.205348 0.929842 0.193387 0.313044 0.404804 0.245557 0.880815 0.978407 -0.163833 -0.12601 0.986222 -0.097377 0.133733 0.654184 -0.721143 0.228028 -0.357358 -0.124155 0.925679 0.637917 0.0551665 0.768127 -0.0479116 -0.580296 0.812995 0.118728 -0.788355 0.603655 0.585842 -0.458697 0.668122 0.84583 -0.481946 0.228693 0.643048 -0.0004291 0.765826 -0.574579 0.311734 0.756756 0.638342 -0.33913 0.691022 -0.281794 -0.761857 0.583238 -0.648982 0.417636 0.635927 -0.150321 -0.837206 0.525823 0.120344 0.979871 0.15928 -0.854853 -0.316415 0.411227 0.574343 -0.816231 -0.0624263 0.31415 -0.467176 0.826472 -0.393219 0.0787779 0.916064 0.532048 -0.20548 0.821403 0.442387 0.0967544 0.89159 0.780784 0.128667 0.611409 0.808919 -0.263628 0.5255 0.620208 -0.0995749 0.778092 -0.480978 -0.0223238 0.876449 0.851109 0.0689308 0.520445 0.623396 -0.560718 0.544951 0.925376 0.30332 0.227321 0.78608 0.0811923 0.61277 -0.0852651 0.43332 0.897197 -0.240703 -0.970472 -0.0156704 0.792166 -0.588511 0.161637 0.770226 -0.44791 0.454014 0.617196 -0.348791 0.705276 0.884168 -0.10731 0.454677 0.678582 -0.325886 0.658274 0.959129 0.275263 -0.0655916 0.846447 0.445223 0.29207 -0.143763 -0.867407 0.476379 0.915196 0.346855 0.205203 0.0699771 0.974092 0.215051 -0.8547 0.268861 0.444075 0.493662 -0.0456298 0.868456 0.251418 -0.167201 0.953327 0.141898 0.131487 0.98111 0.300757 0.118378 0.946325 -0.438354 -0.874665 0.206896 0.702879 0.422468 0.57226 -0.461178 0.460634 0.758374 0.63144 -0.766293 0.118651 0.422754 0.533787 0.73236 0.788371 0.0018376 0.615197 -0.305734 0.635722 0.70879 -0.192101 -0.488334 0.85125 -0.293372 0.0742756 0.953109 -0.178781 0.04928 0.982654 0.452956 -0.0855538 0.887418 -0.23374 -0.0952293 0.967624 0.531327 0.154951 0.832875 -0.236997 0.143673 0.960828 0.112852 0.234828 0.965464 0.178337 0.043561 0.983005 -0.324828 0.571178 0.753818 0.76668 -0.0989499 0.634358 0.380785 -0.0704936 0.921973 -0.680935 0.340936 0.648144 -0.163567 -0.897886 0.408714 -0.22827 -0.868159 0.440673 0.664823 -0.201725 0.719248 0.134059 0.0776171 0.987929 0.2483 -0.0341201 0.968082 0.0880191 -0.493625 0.865209 0.0221059 -0.0010892 0.999755 -0.795699 -0.441072 0.415114 0.424352 -0.31649 0.848386 0.525466 -0.120917 0.842179 0.0828684 0.323565 0.94257 0.0178072 -0.490546 0.871234 0.1706 0.0005578 0.98534 0.160037 -0.253208 0.954083 -0.102351 0.0763618 0.991813 0.009401 0.0124578 0.999878 -0.221421 0.206615 0.953039 0.170709 -0.0817276 0.981926 0.0646163 0.121902 0.990437 0.466055 0.230995 0.854069 0.207236 -0.191986 0.959268 0.0099678 0.0594561 0.998181 0.719719 0.128816 0.68221 0.147069 0.24898 0.957277 -0.692597 -0.349929 0.630761 0.236127 -0.198612 0.951208 -0.0689907 -0.0269981 0.997252 -0.0642145 -0.360093 0.930704 0.0572729 0.0730687 0.995681 0.0901218 0.0977016 0.991127 0.0406567 0.0286009 0.998764 0.178355 -0.0167933 0.983823 0.0378238 -0.02075 0.999069 0.283219 -0.111694 0.952529 -0.0572223 -0.131075 0.98972 0.378994 -0.600313 0.704264 0.154244 -0.045728 0.986974 -0.307307 0.532699 0.788539 0.654391 -0.60972 0.447229 0.44418 0.393173 0.805059 -0.0551633 0.0383207 0.997742 -0.0756086 -0.184342 0.97995 0.332729 0.0925694 0.938468 -0.227119 -0.0281466 0.97346 -0.347975 -0.219109 0.91154 -0.0716357 -0.0346925 0.996827 -0.0480706 0.168975 0.984447 0.0075171 0.0992243 0.995037 0.0532277 0.0027951 0.998578 0.261108 0.0313392 0.964801 0.15402 0.0834588 0.984537 -0.0008982 0.0293972 0.999567 0.0417135 0.0378475 0.998412 -0.293029 -0.052476 0.954663 0.0626514 0.0233031 0.997763 0.153223 0.0472126 0.987063 -0.148934 -0.186381 0.971124 0.0415727 -0.107328 0.993354 -0.0520482 0.0684575 0.996296 0.190092 -0.226056 0.955387 -0.967994 -0.224357 0.112483 0.240416 0.259528 0.935332 -0.0641403 -0.111458 0.991697 0.0026505 0.0774015 0.996997 0.179477 -0.0925406 0.9794 0.400923 0.193425 0.895459 -0.0445578 0.0598842 0.99721 0.639161 -0.159563 0.752338 -0.201912 0.144447 0.968693 0.0157311 -0.184011 0.982798 0.128004 -0.089162 0.987758 -0.764188 0.27433 0.583746 0.215311 0.0025359 0.976542 -0.0125034 0.0374668 0.99922 0.183462 -0.161747 0.969629 0.577751 -0.430793 0.693268 0.782008 0.178154 0.597265 0.015505 0.11126 0.99367 0.030337 -0.0258872 0.999205 0.0157904 -0.0822791 0.996484 0.0011585 -0.0116624 0.999931 0.28233 0.119566 0.951837 0.379667 0.591198 0.711574 0.854598 -0.306359 0.419293 0.16986 -0.185228 0.967904 0.0853751 0.103049 0.991005 0.0101701 -0.101714 0.994762 0.195285 -0.0704487 0.978213 0.0508156 -0.0142269 0.998607 -0.0017933 -0.0445257 0.999007 0.317045 0.0562446 0.946741 0.119855 0.0154047 0.992672 0.0739547 0.306819 0.94889 0.0897909 0.0158929 0.995834 0.0006245 0.093038 0.995662 -0.0163841 0.0080788 0.999833 0.14051 -0.285525 0.948015 -0.295672 -0.167574 0.940477 0.0832214 -0.0778576 0.993485 0.199209 -0.0990463 0.974939 0.0734701 -0.0417013 0.996425 -0.0901598 0.082457 0.992508 -0.12006 0.45444 0.88265 -0.199795 -0.654588 0.729107 -0.532197 -0.458354 0.711813 -0.154371 0.184319 0.970668 0.0442862 0.0859469 0.995315 0.0300535 -0.0072349 0.999522 0.0240162 -0.0555105 0.998169 -0.0080968 0.0553994 0.998432 0.047247 0.0059312 0.998866 0.172212 -0.0874151 0.981174 0.070313 -0.150018 0.98618 0.615102 0.191856 0.764749 -0.0390048 0.0067144 0.999216 0.608459 -0.0588093 0.791403 0.484763 -0.291525 0.824632 -0.129969 -0.0263447 0.991168 0.142991 0.136753 0.980231 -0.0388161 -0.0095663 0.999201 0.111106 0.0175237 0.993654 0.148054 -0.0820891 0.985567 0.5805 0.291158 0.760426 0.377855 -0.281617 0.881997 0.0600051 0.0132598 0.99811 0.128547 -0.0102667 0.99165 0.283803 0.3897 0.876122 0.0350955 -0.0103395 0.999331 0.112814 0.0370213 0.992926 -0.0111813 -0.101898 0.994732 0.0129102 -0.0751037 0.997092 0.0717678 -0.0037593 0.997414 -0.0375992 -0.0442479 0.998313 0.236547 0.148757 0.960165 0.147367 -0.120294 0.98174 0.0770825 0.0121131 0.996951 0.0879668 0.111487 0.989865 -0.0234028 0.27785 0.960339 -0.0194531 0.0482859 0.998644 -0.0918998 0.0972147 0.991012 0.0978475 -0.0581034 0.993504 0.166113 -0.0479915 0.984938 -0.0995595 -0.0455148 0.99399 -0.049214 -0.0537861 0.997339 -0.115768 -0.0975011 0.988479 -0.0550073 0.0564883 0.996887 -0.0429134 0.161034 0.986015 -0.046301 -0.0081218 0.998895 0.23826 -0.0861219 0.967375 0.0684463 -0.0173415 0.997504 0.0204196 -0.0153206 0.999674 0.21828 -0.100778 0.970669 0.0390125 -0.0747906 0.996436 0.179504 0.209204 0.961255 0.63187 0.19175 0.750981 0.58646 0.217951 0.780104 -0.307774 0.422582 0.852467 0.178838 -0.0955368 0.979229 0.257497 0.18655 0.9481 -0.0331827 0.0708113 0.996938 0.0028199 -0.0303841 0.999534 0.0599661 0.0323223 0.997677 0.128092 0.0498291 0.99051 0.146255 0.0470813 0.988126 0.168315 0.12285 0.978048 -0.41413 -0.0616423 0.908128 -0.0748682 -0.129203 0.988788 0.061555 -0.172565 0.983073 -0.014348 -0.0949163 0.995382 0.0403535 -0.0232966 0.998914 0.075267 -0.139656 0.987335 0.0701924 0.563922 0.822839 0.0330415 -0.0860036 0.995747 0.0361061 0.198913 0.979352 0.457598 -0.418942 0.784278 -0.0787537 0.0704132 0.994404 0.507426 -0.339207 0.792122 -0.639754 -0.51258 0.572692 -0.745022 -0.138491 0.652504 0.0930962 0.0364337 0.99499 0.0281922 0.0300975 0.999149 0.0649631 -0.0362708 0.997228 0.157256 -0.0459735 0.986487 0.0220345 -0.0381654 0.999029 0.108184 -0.274693 0.955427 0.0892757 0.160276 0.983027 -0.137843 -0.473165 0.870123 0.0033579 -0.0118367 0.999924 0.156762 -0.152406 0.975806 0.20867 0.0616556 0.976041 0.201884 0.016056 0.979278 0.163989 0.0794124 0.983261 0.265685 0.0097641 0.96401 0.189808 0.390672 0.900749 -0.0573623 0.0451316 0.997333 -0.0228404 0.0753442 0.996896 0.0219314 0.414887 0.909609 -0.0826435 0.668759 0.738872 -0.0549304 0.383721 0.921814 0.103644 -0.139115 0.984837 -0.235946 -0.34494 0.908486 -0.0924349 -0.472764 0.876328 -0.0872939 0.0585262 0.994462 0.062606 -0.0292528 0.99761 0.20695 -0.0997479 0.973253 0.111289 -0.0335778 0.993221 -0.149732 0.0336216 0.988155 -0.0074259 0.126036 0.991998 0.0688694 -0.0615329 0.995726 0.0125388 -0.0289636 0.999502 -0.0353022 -0.0188894 0.999198 0.0546997 0.0480778 0.997345 0.0211007 0.036636 0.999106 0.334726 0.105495 0.936392 -0.117295 0.112317 0.986725 -0.0331902 -0.033864 0.998875 -0.0074628 0.0449749 0.99896 0.0391856 -0.0057603 0.999215 0.0588931 -0.0768876 0.995299 0.0694847 -0.0332185 0.99703 0.066671 -0.0250657 0.99746 0.0851912 -0.0179402 0.996203 0.0986215 0.0263 0.994777 0.0041267 -0.177817 0.984055 -0.0384038 -0.0260909 0.998922 0.0647573 -0.0305537 0.997433 0.0624401 0.0473918 0.996923 0.0506727 0.0271533 0.998346 0.0813239 -0.0229025 0.996425 0.0787075 -0.382113 0.920758 -0.0863253 -0.0414349 0.995405 0.224876 0.0356143 0.973736 0.0629492 -0.0269948 0.997652 0.0743718 0.0546993 0.995729 0.225502 -0.24414 0.943157 0.0523725 0.0671825 0.996365 0.0279797 0.0589752 0.997867 0.0776448 -0.14767 0.985984 -0.0834753 -0.0302422 0.996051 -0.515674 0.178103 0.838069 -0.21993 0.80991 0.543761 0.0088439 0.213666 0.976867 0.0097686 0.0426367 0.999043 0.0031886 0.0399995 0.999195 -0.0537109 -0.368076 0.928243 -0.374271 -0.234729 0.89712 0.0386822 -0.0295929 0.998813 0.03737 -0.104521 0.99382 0.0866016 -0.0351507 0.995623 -0.117564 -0.0317386 0.992558 0.303598 -0.162207 0.938891 0.224895 0.0144471 0.974276 0.0859649 -0.0190048 0.996117 0.118175 -0.115265 0.98628 0.0712553 -0.0140312 0.99736 0.0188715 -0.0109627 0.999762 0.600984 0.0134244 0.799148 0.0109617 -0.0588707 0.998205 0.0437596 -0.0404939 0.998221 0.0367495 -0.096148 0.994689 0.0959211 -0.0328222 0.994848 0.154004 0.0013358 0.988069 0.058165 -0.0616563 0.996401 -0.323461 0.0633639 0.944117 0.192784 -0.0056672 0.981225 0.0299389 -0.0301477 0.999097 0.117118 -0.0558682 0.991545 -0.337452 -0.285721 0.896934 -0.0356401 -0.0257051 0.999034 0.115365 -0.0023828 0.99332 -0.0595973 0.241222 0.968638 0.101513 -0.0380514 0.994106 -0.0344625 0.0747295 0.996608 -0.0146754 0.0371803 0.999201 0.0542868 0.0378374 0.997808 0.0733927 -0.062756 0.995327 0.250843 0.0603005 0.966148 -0.0327924 -0.0260443 0.999123 0.0559663 -0.0380812 0.997706 -0.0819955 0.141892 0.98648 -0.0160928 -0.278241 0.960377 -0.0109089 0.0840452 0.996402 0.0473617 -0.0021891 0.998875 0.0410012 -0.0601588 0.997346 0.0545223 0.0799819 0.995304 0.0813002 -0.147382 0.985733 -0.0012003 -0.0780389 0.99695 0.0509753 0.0009895 0.998699 -0.0785547 0.0367056 0.996234 0.0847899 -0.0640082 0.994341 0.0523873 0.0454487 0.997592 0.0706429 -0.017906 0.997341 -0.130839 -0.101064 0.986239 0.0177851 -0.0470054 0.998736 -0.0410187 0.0010389 0.999158 -0.0908798 0.0572527 0.994215 0.0612625 -0.144259 0.987642 0.129409 -0.0193027 0.991403 0.0868048 0.0240658 0.995935 0.0637586 -0.0168846 0.997823 0.222394 -0.0067467 0.974934 -0.0039696 -0.0631746 0.997995 0.0516861 -0.0041587 0.998655 0.0319469 -0.0232373 0.999219 -0.238467 -0.0614625 0.969204 -0.0583011 -0.0271565 0.99793 0.0950647 0.0664095 0.993254 0.0065753 0.0973479 0.995229 0.0240108 0.0381168 0.998985 0.0255221 0.0362225 0.999018 -0.0243029 -0.197657 0.97997 -0.0560416 0.0525633 0.997044 0.0434461 0.0015961 0.999055 -0.0021228 -0.0323075 0.999476 0.0822202 0.331073 0.940016 -0.0279334 -0.0548774 0.998102 0.0587461 0.0063256 0.998253 0.0456048 -0.0438352 0.997997 0.116121 -0.228693 0.966548 -0.0916008 0.0334994 0.995232 0.0978666 0.0575743 0.993533 -0.063674 -0.0303728 0.997509 0.0877871 -0.0036096 0.996133 -0.177546 -0.070907 0.981555 0.0685148 -0.0229397 0.997386 0.0136772 -0.0868443 0.996128 0.0753709 -0.0817612 0.993798 -0.176162 0.0111042 0.984299 0.040849 -0.125007 0.991315 0.0243127 0.100381 0.994652 0.0062964 -0.0898312 0.995937 -0.136728 0.0725032 0.987952 0.0433516 0.0079473 0.999028 0.0432931 -0.0633367 0.997053 -0.320344 0.0622625 0.945253 -0.167196 0.108218 0.979967 0.0048012 -0.0392074 0.99922 -0.0008269 0.0118541 0.999929 -0.117458 -0.0323994 0.992549 0.042109 -0.0108085 0.999055 -0.0189322 0.0409754 0.998981 -0.014171 0.0636939 0.997869 -0.0718038 0.150255 0.986036 0.0655041 -0.15035 0.98646 0.0183444 0.021718 0.999596 0.100457 -0.0311019 0.994455 -0.102265 -0.199599 0.974527 0.0755193 -0.14754 0.986169 -0.10185 0.26869 0.957827 0.0237016 -0.0373135 0.999022 0.0504252 0.0230996 0.998461 0.0162516 -0.0107376 0.99981 0.0603312 0.0647275 0.996078 0.118397 0.024038 0.992675 0.107163 -0.0644151 0.992153 0.0240864 -0.0457674 0.998662 0.0403583 0.0083024 0.999151 0.0336212 0.122691 0.991875 0.0926294 -0.0047473 0.995689 -0.0211233 -0.0008107 0.999776 0.0360151 -0.0273851 0.998976 0.0413063 -0.125641 0.991216 0.0786631 -0.0355698 0.996266 0.0623073 0.005142 0.998044 0.0092177 0.0772052 0.996973 -0.0512534 0.0134319 0.998595 0.0122728 0.101566 0.994753 0.0375565 0.0204154 0.999086 -0.10774 0.146121 0.983382 0.080934 -0.114751 0.990092 0.0586201 -0.141453 0.988208 -0.291793 0.213829 0.932274 0.0885615 0.119924 0.988825 0.0268522 0.0072019 0.999614 0.0109506 -0.0195708 0.999749 -0.0821899 0.0384046 0.995876 -0.0519849 -0.170943 0.983908 0.0328481 -0.0062929 0.999441 -0.138159 0.219688 0.965738 -0.120769 -0.0204214 0.992471 0.0503509 0.0819826 0.995361 0.0543182 -0.0529924 0.997117 0.14045 -0.0044327 0.990078 -0.141929 0.108418 0.983922 0.0404172 -0.0103382 0.999129 0.0812967 -0.0529768 0.995281 -0.0031897 0.0262548 0.99965 0.0100702 -0.0199317 0.999751 0.0795154 -0.0306671 0.996362 0.0843806 -0.0185643 0.996261 -0.0066837 0.0758455 0.997097 0.202826 0.0750933 -0.976331 0.733839 -0.340451 -0.587855 0.450131 -0.167947 -0.877027 0.289127 0.157995 -0.944163 0.536488 -0.259349 -0.803068 0.166618 0.0945329 -0.98148 0.0332252 0.283134 -0.958505 0.230415 0.461242 -0.856834 0.200524 0.365199 -0.909076 0.350109 -0.233228 -0.907209 0.345036 -0.206682 -0.91555 0.29688 0.178136 -0.938152 0.267003 0.150826 -0.95182 0.335881 0.276638 -0.900364 0.599272 -0.401353 -0.692668 0.601512 -0.216704 -0.76891 0.0874849 0.486947 -0.869039 0.353634 0.297781 -0.886719 0.148579 0.501747 -0.852159 0.725945 -0.440982 -0.527769 -0.0031769 0.475653 -0.879627 0.173441 0.50953 -0.842791 0.169202 0.0995558 -0.98054 0.127013 0.475905 -0.870277 0.15223 0.0874793 -0.984466 0.478914 -0.360743 -0.800316 0.117162 0.445891 -0.887386 0.247572 0.135145 -0.959398 0.211315 0.554802 -0.804699 0.31296 0.265168 -0.911999 0.21677 0.547729 -0.808087 0.182528 0.329266 -0.926427 0.492016 -0.309379 -0.81376 0.625082 -0.285278 -0.72656 0.67209 -0.175401 -0.719395 0.180182 0.356055 -0.916929 -0.585558 0.543259 -0.601658 0.102195 0.243512 -0.964499 -0.0044795 0.286841 -0.957968 0.220665 0.0811431 -0.971968 0.289076 0.0714575 -0.954635 0.11252 0.0747269 -0.990835 0.66518 -0.560967 -0.492799 0.0528829 0.290285 -0.955478 0.107332 0.118412 -0.987147 0.13329 0.536453 -0.833338 0.223338 0.524961 -0.821301 0.137888 -0.169058 -0.975913 0.577392 -0.482582 -0.658584 0.11221 -0.012921 -0.9936 0.26185 0.305651 -0.91543 0.0617744 -0.415437 -0.907522 -0.666772 0.265253 -0.69646 0.63018 0.0808446 -0.772229 0.570489 -0.041667 -0.820247 0.115207 0.243161 -0.96312 -0.142154 0.295677 -0.944652 -0.276268 0.138214 -0.951091 0.165508 -0.0082948 -0.986174 -0.770218 0.0895659 -0.63146 0.498751 0.277394 -0.821158 0.0204485 0.731677 -0.681345 0.607164 -0.281085 -0.743198 0.683535 0.236094 -0.69068 -0.0205716 0.152796 -0.988044 0.0963237 -0.194779 -0.976106 0.609164 0.158124 -0.777121 0.626813 -0.297073 -0.720315 -0.634669 -0.544931 -0.547947 0.63515 -0.305223 -0.709524 -0.332176 0.0785517 -0.939941 0.417587 0.141204 -0.897599 0.12358 0.307327 -0.943546 0.140236 0.392143 -0.909152 -0.302388 0.946195 0.115223 0.513282 0.33961 -0.788166 -0.34243 0.572478 -0.74499 -0.411114 0.887326 -0.208894 0.608833 -0.401239 -0.684346 0.5232 -0.408047 -0.748171 0.873129 0.150719 -0.463605 0.170806 0.84058 -0.514053 0.0671728 0.649508 -0.757382 -0.264407 0.287238 -0.920643 -0.620815 -0.114325 -0.775576 -0.39764 0.336681 -0.853539 0.49252 -0.380476 -0.782727 0.70213 0.0640406 -0.709163 0.897613 -0.0882783 -0.431853 0.647623 -0.580114 -0.494016 0.200389 0.685156 -0.70029 0.715019 0.120043 -0.688722 0.213935 0.592776 -0.776433 -0.271796 0.961784 0.033152 0.545802 0.411564 -0.729874 0.711901 0.115203 -0.692766 0.679631 0.0248551 -0.733133 -0.0695338 0.522227 -0.849967 0.0846804 0.987393 -0.133735 0.478489 -0.497122 -0.723822 0.497156 -0.25094 -0.830581 0.874418 -0.074734 -0.479383 0.634554 0.31497 -0.705786 0.786461 0.367941 -0.496084 0.759786 0.535828 -0.368258 0.29394 0.673103 -0.678625 -0.24033 0.814953 -0.527346 0.0541664 -0.250078 -0.966709 0.0491631 0.0974156 -0.994029 -0.743321 0.027398 -0.668374 -0.289105 0.543125 -0.788311 -0.106585 0.954915 -0.277086 0.108755 0.160526 -0.981022 0.468105 -0.278094 -0.838774 -0.163114 0.810476 0.562604 0.743464 -0.0784848 -0.664154 0.752672 -0.190508 -0.630231 0.595986 -0.495948 -0.631535 0.776471 -0.0451268 -0.628535 0.770397 0.13549 -0.623001 -0.487968 0.586932 0.646063 0.105947 0.982797 -0.151281 0.0554383 0.918359 -0.391846 0.34735 -0.279943 -0.894975 0.729257 0.054971 -0.682028 0.127433 0.153441 -0.979906 -0.740243 0.619805 -0.260543 -0.306814 0.931588 0.19496 -0.0982286 0.847189 0.522132 0.417497 -0.157402 -0.894942 0.556087 0.373855 -0.742294 0.736791 0.543165 -0.402629 0.626889 -0.452509 -0.634229 0.931675 0.176232 -0.317687 0.997253 0.0392145 -0.062839 0.900695 0.139373 -0.411489 -0.672413 0.650485 0.353173 0.217612 0.739882 -0.636569 0.955788 -0.0635678 -0.287104 -0.76845 0.553358 0.32137 -0.034544 0.909903 0.413381 -0.208115 0.970084 -0.125001 0.907436 -0.0849955 -0.411504 0.932806 0.0232274 -0.359628 -0.0173623 0.815984 0.577814 0.837374 0.202217 -0.507851 0.818684 0.0218932 -0.573828 0.764194 0.210566 -0.609647 -0.160541 0.940879 0.298285 0.974528 0.0395039 -0.220761 0.841532 0.506996 -0.186492 -0.445485 0.636968 0.629138 -0.823596 0.453607 0.340486 -0.31984 0.820705 0.473441 0.210822 -0.0526467 -0.976106 0.880857 -0.238031 -0.409185 0.220429 -0.158116 -0.962502 0.674145 -0.0221595 -0.738267 0.967283 -0.059067 -0.24673 0.812578 0.580565 0.0515871 0.245409 0.967969 0.0530121 0.779843 0.62539 -0.0270541 0.960003 0.0692914 0.27128 0.787469 0.0547059 -0.613922 -0.348696 0.920607 0.175766 0.881846 0.277499 0.381237 0.82751 -0.356847 -0.433459 0.630261 -0.617211 -0.47098 -0.008615 0.977605 -0.210273 -0.126424 0.976182 -0.176311 0.99372 -0.111891 0.0005943 0.598601 0.614878 -0.513422 0.674846 -0.624179 -0.39368 0.899163 0.435321 0.0447386 -0.771429 0.636309 -0.0030165 -0.757584 0.576296 0.306511 0.85037 0.516478 0.100608 -0.0782341 0.603331 0.793644 0.739662 0.123483 -0.661552 0.799763 -0.288595 0.526395 -0.235252 0.96003 -0.151653 0.804948 0.014853 -0.59316 0.96317 0.268891 0.0010021 -0.121785 0.728984 0.673611 -0.196914 0.90576 0.375265 -0.324192 0.794545 0.513417 -0.474165 0.790737 0.387173 0.248741 -0.966897 -0.056905 0.745399 0.265581 -0.611431 0.814266 0.175462 -0.553339 -0.634558 0.772874 0.0010947 -0.790999 0.608858 0.0600996 0.637794 0.683609 0.354821 0.933612 -0.340533 -0.111384 0.805041 0.0706731 -0.588994 0.786195 0.590825 0.181169 -0.0225551 0.985255 -0.169602 0.7878 0.613078 -0.0592089 0.0158954 0.890351 0.454997 0.604047 0.731846 -0.315481 -0.490965 0.862698 -0.121268 -0.240295 0.923564 0.298811 0.825171 0.317101 0.467482 0.305115 -0.766429 0.565236 0.809886 -0.498555 -0.309075 0.653408 -0.743025 -0.144821 -0.181056 0.834358 0.52064 0.108482 0.919354 0.378179 0.821974 0.199802 0.533327 0.165513 0.897333 0.409144 0.812651 0.240951 -0.530604 0.353392 -0.804193 0.4779 -0.317352 0.924174 0.21258 0.992647 0.109534 0.0515294 -0.130393 0.972142 0.194774 0.885557 0.458235 -0.076223 -0.321002 0.937369 0.135271 0.834397 0.169278 -0.524525 0.650705 -0.491726 -0.578609 0.617254 -0.777175 -0.12246 0.992737 -0.114542 0.0367935 -0.1012 0.958231 0.26749 0.84149 0.484735 -0.238594 -0.28723 -0.921974 -0.259737 0.59435 0.744937 0.303014 -0.425128 0.865475 0.264988 -0.249236 0.925911 0.283849 0.689579 0.382985 -0.614658 0.137187 0.865603 -0.481571 0.793927 0.454731 -0.403607 0.934588 0.0403988 0.353431 0.982231 0.0836372 0.168006 0.988673 -0.0549448 0.139664 0.0426982 0.838659 0.542981 -0.461887 0.857291 -0.227405 0.953779 -0.149437 -0.260719 0.834279 0.336783 -0.436527 0.988057 -0.0114798 -0.153661 0.751067 0.418676 -0.510499 0.752162 -0.658911 -0.0093597 0.932136 -0.107075 0.345916 0.977343 0.158706 0.140047 0.693128 0.43141 -0.577459 0.793948 0.364635 -0.486506 0.0240339 0.897945 0.439451 -0.606755 0.628328 -0.48688 -0.562591 0.811368 -0.158664 0.734652 0.653094 -0.183724 0.368992 -0.693825 0.618427 0.390836 0.693209 0.605564 0.220979 -0.830835 -0.510765 0.820387 -0.526879 -0.222178 0.949715 -0.114634 -0.291375 0.911616 -0.157515 -0.379666 -0.0349011 0.945596 0.323467 -0.403706 0.907216 0.118244 0.767523 0.442241 0.464039 0.962317 -0.160124 -0.219786 -0.14464 -0.98545 0.0892655 0.975015 0.102477 -0.197089 0.883031 -0.0482116 -0.466832 0.285866 0.2051 0.936064 0.838269 -0.33836 0.427572 0.248005 -0.966677 0.0634722 0.694704 0.407651 -0.592627 0.650627 0.75849 0.0371037 -0.0206299 0.969105 0.245783 0.692048 0.681499 -0.237969 0.289826 0.925418 0.244138 -0.321739 0.93523 0.147749 0.480701 0.815781 -0.321602 -0.263274 -0.960126 -0.0940427 0.890628 -0.0410739 0.452874 0.758586 0.0087543 -0.651514 0.422205 0.904885 -0.0541015 -0.164947 0.95841 -0.2329 -0.154264 0.900618 -0.406312 -0.532844 -0.823828 0.193351 0.673235 0.73801 -0.0457824 -0.323873 0.930469 0.17127 0.969613 -0.0243632 -0.243429 -0.465322 0.670823 -0.57747 0.944891 -0.072613 0.319231 -0.494172 0.753329 -0.433923 0.948274 -0.219672 0.229173 0.904558 -0.387385 -0.17807 -0.112893 0.864791 -0.489277 -0.141322 0.895542 -0.421938 0.492693 0.80468 -0.331276 0.991108 -0.0076813 -0.132835 0.800012 0.591646 0.0996807 0.621916 0.781542 -0.0491234 0.994607 -0.102411 0.0163802 -0.180346 0.834294 -0.520988 0.976723 -0.0534948 0.207726 0.956531 -0.125876 0.263066 0.967932 -0.0772559 0.239037 -0.0070255 0.930637 0.365877 0.601772 0.750154 0.274116 0.582803 0.688408 0.431781 0.949877 -0.28057 -0.137893 -0.58251 0.809085 -0.0778681 0.933936 -0.279423 0.222906 0.880806 0.156727 -0.446785 0.769774 0.556396 -0.312842 0.143123 0.928765 -0.341922 0.129441 0.883282 -0.450619 0.479766 -0.874605 0.0699277 0.953386 -0.111661 0.280332 0.970822 0.143785 -0.191912 0.980947 -0.100355 -0.166347 -0.303575 0.921197 -0.243388 0.998577 -0.0532958 -0.0019596 0.638832 0.768818 0.0285211 0.769839 0.509104 -0.384918 -0.146473 0.890128 -0.43153 0.0853312 -0.912532 0.400006 0.761842 0.563374 0.319696 0.996618 0.0045758 0.0820499 0.990391 -0.0295573 0.135101 -0.343182 0.785232 -0.5154 0.890337 0.455238 0.0076902 0.895525 0.393597 0.207643 -0.100815 0.588481 -0.802201 0.422264 0.782844 -0.456999 -0.204897 0.682077 -0.701989 -0.0707061 0.711245 -0.699379 -0.0454167 0.777403 -0.627361 0.985454 -0.145943 0.0870707 0.744284 0.609555 0.272917 0.856097 0.15851 0.491907 -0.421487 0.830025 -0.365249 0.955537 -0.0879271 0.281455 -0.0660981 0.844797 -0.530988 0.309681 0.93916 -0.14858 -0.495661 -0.81804 0.291773 -0.25701 0.92305 -0.286225 0.980606 -0.19517 -0.0178811 -0.781865 0.604013 0.154453 0.999282 0.0279637 0.0255592 0.973718 0.0882002 0.209987 0.613561 0.419884 0.66876 0.87037 0.486066 0.078719 0.921283 0.0271875 0.387942 -0.781134 0.614775 -0.108999 -0.316847 0.947657 0.0394263 0.973877 -0.0090808 0.226896 0.0748001 0.951233 -0.299266 -0.410326 -0.837535 0.360788 0.579512 0.775877 -0.249361 0.773765 0.588339 0.234831 0.775199 0.586584 0.234492 -0.148596 0.965034 -0.215935 0.750074 0.316643 0.580626 0.652745 0.745239 0.136174 0.207929 -0.851317 0.481689 0.755106 -0.556073 0.347271 0.918123 -0.163831 0.360846 0.966252 -0.0778242 0.245561 0.525899 0.789344 0.316808 -0.0634009 0.852106 -0.519516 0.829783 -0.061369 0.554702 0.57466 0.379867 0.724891 -0.0001517 0.995074 0.0991341 0.991629 0.115071 0.0585654 0.813252 0.480844 0.327735 0.806837 0.0334201 0.589828 0.776091 0.542952 0.320757 0.0145126 0.973153 0.2297 0.686592 -0.333646 0.645966 -0.162252 -0.919274 0.358621 -0.385604 -0.427173 0.817822 0.875243 0.245243 0.416899 0.966577 0.0529226 0.250853 0.497023 0.653265 0.571151 0.192269 -0.667748 0.719128 0.0901692 0.936241 0.339591 0.880511 0.13503 0.454387 0.723693 0.0177534 0.689893 0.938265 0.110436 0.327815 0.912174 -0.0303382 0.40868 0.237033 0.197813 0.95115 0.149687 -0.877032 0.456518 -0.748198 0.662992 -0.025321 -0.341511 0.898655 0.2753 -0.181303 -0.882857 0.433235 0.604654 0.310166 0.733615 0.954772 0.200058 0.21997 0.253405 0.724357 0.641165 0.135272 0.819162 0.557383 0.0037544 0.824434 0.565946 0.491913 0.548883 0.675832 0.328815 0.793189 0.512573 0.742598 -0.240647 0.62501 0.789546 -0.0809244 0.608332 0.0421591 0.999109 0.001997 0.146618 -0.552749 0.820348 0.212356 -0.373946 0.902812 0.948979 0.285136 0.134669 0.745211 0.171217 0.644473 0.808823 -0.216666 0.546682 -0.0380573 0.997081 0.0661873 0.752158 0.278329 0.59732 0.0986209 0.468059 0.878177 -0.0063369 0.701899 0.712249 0.123246 -0.821403 0.556872 -0.422973 0.731795 0.534388 0.498457 -0.63591 0.589202 0.0522015 0.668724 0.741676 0.655946 0.444865 0.609778 -0.0963357 -0.712986 0.694529 -0.0527734 0.756801 0.651511 0.585786 0.0064669 0.81044 -0.41569 0.654204 0.631837 0.751048 -0.197118 0.630136 0.567372 0.0434495 0.822314 0.797865 0.222754 0.560172 0.009568 0.813828 0.581027 0.507314 -0.1933 0.839802 0.82415 0.0025236 0.566366 -0.668223 -0.151346 0.728404 -0.961152 0.224641 -0.160382 -0.995802 -0.0844224 0.0353779 0.69312 0.315978 0.647876 0.0075432 0.592507 0.80553 -0.0440386 0.47539 0.878672 0.722149 -0.151419 0.674962 0.0008221 0.48208 0.876127 0.680294 0.224053 0.697854 0.599296 -0.166332 0.783057 0.920108 -0.029875 0.390524 -0.234553 0.381315 0.894195 -0.0839905 0.509537 0.85634 0.10209 0.622743 0.775738 0.595193 -0.423709 0.6828 0.644895 -0.0126956 0.764166 0.448794 0.393889 0.802144 0.270586 -0.0003965 0.962696 0.341834 -0.0601524 0.937833 0.711123 -0.0659201 0.69997 0.749209 -0.159533 0.642834 0.0205734 0.188397 0.981877 0.015909 0.284265 0.958614 0.191155 0.074562 0.978724 0.680811 0.120835 0.722423 0.394385 0.0070329 0.918919 -0.932769 0.359583 -0.0253395 -0.902727 0.135297 0.408384 0.319308 0.262756 0.910495 0.109755 0.491977 0.863662 -0.103229 -0.272486 0.956606 -0.0063053 0.418941 0.907992 0.214997 -0.358084 0.908599 -0.0139535 0.456078 0.889831 -0.24486 0.250728 0.936578 0.143739 -0.246727 0.958366 0.290662 0.212447 0.932943 -0.0803119 0.333435 0.939346 -0.0372185 0.592469 0.804733 0.346203 0.193125 0.918066 0.287014 -0.25745 0.922682 0.175148 -0.0732599 0.981813 0.0596693 0.153127 0.986403 0.0406126 0.0716084 0.996606 0.0085691 -0.0973007 0.995218 0.119586 0.16816 0.978479 0.243533 0.342249 0.907501 0.200523 -0.25717 0.945333 0.201219 -0.106183 0.973774 -0.257563 -0.0117272 0.96619 0.112106 0.0322778 0.993172 -0.174787 0.0754077 0.981714 -0.141436 0.0737982 0.987193 -0.0497121 -0.25744 0.965015 0.0119864 -0.398725 0.916992 0.003614 0.296876 0.954909 0.224996 0.0043497 0.97435 -0.142052 0.567247 0.811204 0.313202 0.125591 0.941346 -0.609615 0.129349 0.782073 -0.141349 0.031331 0.989464 0.0765606 -0.124187 0.989301 -0.0106027 -0.0266746 0.999588 0.559654 0.336491 0.757338 -0.147199 0.0089417 0.989066 -0.0102216 0.171548 0.985123 0.207929 -0.251954 0.945138 0.393629 -0.116131 0.911905 0.0700374 -0.199427 0.977407 0.089696 0.0866037 0.992197 0.196501 0.146294 0.969528 0.126176 -0.0038 0.992001 0.0001887 -0.0293583 0.999569 -0.155465 0.573097 0.804606 0.0704249 0.185667 0.980086 0.0928518 -0.162333 0.982358 -0.201839 -0.0865998 0.975583 0.11806 -0.165405 0.979134 -0.0260725 -0.275756 0.960874 0.0848072 0.486297 0.869668 0.229689 -0.0531874 0.97181 0.102654 0.133556 0.98571 0.0403716 0.0209586 0.998965 0.0137419 0.218808 0.975671 0.165508 -0.173136 0.970892 -0.754635 -0.0388794 0.654992 -0.847757 -0.0426327 0.528669 -0.0568989 0.028888 0.997962 -0.0302538 0.0799185 0.996342 0.0422188 0.0547016 0.99761 0.0381851 0.106937 0.993532 0.0219171 0.0857161 0.996079 0.202641 0.0709267 0.976681 0.0522096 0.0462417 0.997565 0.177669 -0.197511 0.964066 0.0680884 -0.144459 0.987166 0.0028721 -0.184877 0.982757 -0.0223824 0.0038066 0.999742 0.0884248 -0.163012 0.982654 0.073845 0.0255086 0.996943 -0.0005022 -0.036822 0.999322 0.181112 -0.175079 0.967753 0.0025586 -0.0106891 0.99994 -0.0406459 0.0089193 0.999134 0.049635 -0.0859543 0.995062 0.0973077 -0.214493 0.971866 0.209143 -0.283362 0.93593 0.0696236 0.449595 0.890515 0.118644 0.0072312 0.992911 0.0281819 -0.049235 0.99839 0.0210531 0.670399 0.741702 0.0329482 0.192777 0.980689 0.077316 0.0859812 0.993292 0.120763 -0.0601887 0.990855 0.140273 -0.0018601 0.990111 0.153426 -0.0676861 0.985839 0.288887 -0.0773796 0.954231 0.271832 -0.116657 0.955248 0.107686 -0.0236549 0.993904 0.0729406 -0.104598 0.991836 0.0743186 -0.188234 0.979308 0.0147854 -0.0534199 0.998463 0.134312 -0.216979 0.966892 0.0259375 0.643917 0.764656 0.0060715 0.1637 0.986492 -0.0134526 -0.136111 0.990602 0.0010985 0.0888517 0.996044 0.102569 -0.0970419 0.989981 0.200112 -0.142907 0.969295 -0.0447633 -0.237856 0.970268 0.133084 0.227571 0.964625 0.169644 -0.207669 0.963377 -0.122401 -0.196011 0.972932 0.0288173 -0.0934676 0.995205 0.0655321 0.0833473 0.994363 0.20893 -0.072821 0.975216 0.135911 0.0213422 0.990491 -0.0738023 -0.0338291 0.996699 0.0836772 -0.120629 0.989165 0.11463 -0.280767 0.952906 0.142482 -0.0712296 0.987231 0.108273 -0.0043258 0.994112 0.197334 -0.0961203 0.975613 0.121279 0.100686 0.987499 0.151745 -0.167015 0.974207 0.289761 -0.232578 0.92841 0.173507 -0.0741662 0.982036 0.120086 0.0439078 0.991792 -0.0112788 -0.190621 0.981599 0.122874 0.120311 0.985103 -0.0257024 -0.0284014 0.999266 -0.0017235 -0.0625023 0.998043 -0.0628257 -0.121113 0.990649 -0.211351 0.224244 0.951339 -0.0209955 -0.0812162 0.996475 0.0930164 0.182731 0.978753 0.0039316 0.148165 0.988955 -0.0212051 -0.275311 0.961121 -0.007651 -0.103078 0.994644 0.186405 -0.316391 0.930134 0.00345 -0.11592 0.993253 0.109638 0.0815833 0.990618 0.07883 -0.121854 0.989413 0.0142714 -0.105825 0.994282 -0.0052209 -0.0846671 0.996396 -0.0819317 -0.1316 0.987911 0.0175551 0.0192357 0.999661 0.101853 -0.179149 0.978535 0.0769243 -0.168913 0.982625 0.0370991 -0.0763308 0.996392 0.0032621 -0.0263595 0.999647 0.143523 -0.125947 0.9816 0.0299211 0.0370686 0.998865 0.112629 0.0023165 0.993635 -0.156183 -0.0895276 0.983662 0.126721 -0.0540798 0.990463 -0.0671805 -0.0962984 0.993083 0.127789 -0.16439 0.978083 -0.0862889 -0.0550504 0.994748 0.106703 -0.0209645 0.99407 0.0772259 0.187219 0.979278 0.0739447 -0.102954 0.991934 0.0404945 0.0882703 0.995273 0.100085 -0.181816 0.978226 0.078321 -0.0729639 0.994255 0.0093118 -0.185493 0.982602 0.0588479 -0.0245773 0.997964 -0.0041495 -0.0895064 0.995978 0.051305 -0.031149 0.998197 0.0283398 -0.0124876 0.99952 0.0094912 -0.0493943 0.998734 0.0720285 -0.0451255 0.996381 0.0027384 0.0922078 0.995736 0.179479 -0.142859 0.973334 -0.17075 -0.149483 0.973909 0.242342 -0.295105 0.92422 0.0880272 0.058377 0.994406 0.0551507 -0.164107 0.9849 -0.004445 -0.0372769 0.999295 0.105088 0.0597694 0.992665 0.0036619 0.1501 0.988664 -0.346746 -0.297454 0.889544 0.0333299 0.364699 0.930529 0.0996394 0.175238 0.979471 -0.0707119 0.0999566 0.992476 -0.0085424 -0.0616575 0.998061 -0.122989 -0.0071144 0.992383 0.0057218 0.0058608 0.999966 0.115023 -0.148922 0.982136 0.311498 -0.160312 0.936627 -0.0062323 0.101998 0.994765 0.147118 0.0897489 0.985039 0.0481234 -0.164849 0.985144 0.0268172 0.0920072 0.995397 -0.153041 -0.0575272 0.986544 -0.132097 -0.0580169 0.989537 0.0470522 0.118934 0.991787 0.0264117 0.109543 0.993631 0.187333 0.0308893 0.981811 0.116709 0.152683 0.98136 0.0240312 -0.376068 0.92628 -0.094477 -0.0367275 0.994849 0.0456951 -0.0182698 0.998788 -0.319537 -0.0685769 0.945089 0.0402358 -0.0411722 0.998342 0.076417 -0.193371 0.978145 0.0770183 -0.0273568 0.996654 0.0313053 -0.244675 0.9691 0.0388462 0.112864 0.992851 -0.0782553 -0.0461324 0.995865 0.201693 0.135025 0.970097 -0.0035716 -0.0205114 0.999783 0.159198 -0.168512 0.972759 -0.0134647 -0.127091 0.9918 -0.055822 -0.158686 0.98575 -0.086719 -0.0051759 0.996219 0.240575 0.0966879 0.965803 0.0232091 -0.113493 0.993268 0.133473 -0.165856 0.977076 -0.0453091 -0.0615053 0.997078 -0.055291 -0.0601834 0.996655 -0.0210183 0.0729623 0.997113 -0.0023845 0.102023 0.994779 -0.485641 0.0805755 0.870437 0.0382615 0.0423125 0.998372 0.0748887 0.298585 0.95144 -0.0828839 0.0804282 0.993308 0.0653982 0.0770153 0.994883 -0.0596022 -0.187305 0.980492 0.0023652 0.0192887 0.999811 0.101422 -0.067155 0.992574 -0.0692211 0.03605 0.99695 0.114084 -0.484895 0.8671 -0.0757123 -0.0601515 0.995314 0.172829 -0.0835869 0.981399 0.0054006 0.113792 0.99349 0.0506285 0.0664371 0.996505 0.026087 0.123891 0.991953 0.490623 0.366885 -0.79037 0.346959 0.913675 0.2117 0.210383 0.947953 0.239007 -0.283674 0.701732 -0.65353 0.243306 0.917563 -0.314453 -0.0897771 0.690031 -0.71819 -0.0848402 0.842615 -0.531791 -0.0301378 0.82945 -0.557768 0.31471 0.496904 -0.80873 -0.402656 0.501993 -0.765422 0.436363 0.643232 -0.629158 -0.358189 0.404869 -0.841297 -0.535924 0.826208 -0.173682 -0.68561 0.565047 -0.458979 -0.0516317 0.919177 -0.390445 0.149568 0.963207 -0.223298 0.607448 0.551351 -0.571856 -0.338716 0.928453 -0.15247 -0.247477 0.868927 -0.428626 0.0790653 0.979034 -0.187726 0.489496 0.86775 0.0860478 0.638066 0.741509 -0.207451 -0.116598 0.89023 -0.440335 0.646781 0.760295 -0.0602175 0.28592 0.952128 -0.108173 0.143172 0.979596 -0.141044 0.579085 0.805559 0.125446 0.289761 0.860738 0.418533 -0.150985 0.96286 -0.223838 0.78927 0.4636 -0.402652 0.543699 0.832594 -0.10573 -0.188663 0.860538 0.473159 0.536981 0.800717 -0.265525 0.0059242 0.997078 0.0761556 -0.0914428 0.989959 -0.107795 0.0531261 0.957813 -0.282439 0.666547 0.715996 0.207523 0.246906 0.945169 -0.213758 0.0936647 0.73355 0.67315 0.807074 0.572232 0.14554 -0.0724656 0.969417 0.234477 -0.181062 0.972333 0.1476 -0.11785 0.991695 -0.0515077 0.690259 0.579224 -0.433639 -0.101957 0.988824 0.108774 -0.200666 0.942144 0.26851 0.397171 0.814435 -0.423026 0.729429 0.455232 -0.510586 0.180593 0.959305 -0.21707 0.956864 0.124835 0.262351 0.143912 0.977883 0.151771 0.447028 0.8093 -0.381049 -0.117235 0.991005 0.0645353 0.779264 0.469922 0.414632 -0.117504 0.987128 0.108496 0.373107 0.922453 -0.0993587 0.561643 0.714755 -0.416753 -0.118248 0.952718 0.279903 0.660474 0.528963 -0.532891 0.46129 0.724836 0.511687 -0.0784389 0.965216 0.24941 0.902183 0.373625 -0.215572 0.34307 0.936914 0.0670414 0.809475 0.0718231 0.582745 0.773078 0.171689 0.610634 0.015638 0.980144 0.197671 -0.0859166 0.960553 0.264493 0.224925 0.948455 0.223254 0.589999 0.806499 -0.0382203 -0.148361 0.878198 0.454706 -0.0588161 0.827417 0.5585 0.592518 0.587182 0.551488 0.206008 0.961922 -0.179632 0.0169554 0.999757 0.0140937 -0.206603 0.844441 0.494201 -0.142313 0.852198 0.503494 0.0017079 0.849299 0.527909 -0.0563561 0.938575 0.340442 0.0313762 0.87022 0.491664 -0.0661029 0.910408 0.408396 0.0146266 0.85323 0.521329 0.271882 0.866201 0.419257 0.885354 0.0767498 0.458539 0.265255 0.959264 0.0972224 -0.0335894 0.989247 0.142343 -0.0841892 0.912406 0.400534 0.380502 0.779967 0.49686 0.680961 0.557547 0.474799 0.0048564 0.976166 0.216971 -0.0281605 0.934442 -0.355001 -0.222795 0.955813 -0.191792 0.101023 0.941087 0.322721 -0.0290983 0.904454 -0.425578 0.264013 0.959764 -0.0956528 -0.0996782 0.925335 -0.365813 0.81292 0.0976663 -0.574127 0.801287 0.209318 -0.560468 0.863974 0.0357856 0.502263 0.163533 0.85748 -0.487837 -0.468953 0.761371 -0.447657 -0.63091 0.664497 -0.400494 -0.175784 0.917658 -0.356376 -0.0173854 0.940651 -0.338929 0.122408 0.96793 -0.219379 0.125027 0.963584 -0.236377 0.783341 0.590991 0.19263 -0.0945107 0.922828 0.373437 0.148236 0.939803 -0.30789 -0.329415 0.681713 -0.653264 -0.220144 0.871136 0.438928 0.79444 0.489259 -0.359849 -0.0500757 0.778578 -0.625547 -0.0495838 0.703005 -0.709454 -0.0079245 0.813266 -0.581838 0.396545 0.827479 -0.397531 -0.219799 0.913694 -0.341835 -0.140303 0.954479 -0.263222 0.114978 0.794751 -0.595946 -0.000753 0.812406 -0.583092 -0.229893 0.737391 -0.635141 0.944537 0.299487 0.134753 -0.0011698 0.884912 -0.465757 0.452392 0.771951 0.44658 -0.336469 0.844879 -0.415895 -0.0575145 0.959152 -0.276983 -0.792892 0.0961778 0.601724 -0.413917 -0.257235 0.873214 0.691479 0.162344 0.703919 0.437068 -0.773239 0.459427 0.579585 0.813321 0.0508959 -0.238164 0.72031 -0.651484 -0.163807 0.879631 -0.446561 0.731779 0.411448 0.543332 -0.355056 -0.871372 0.338594 -0.893908 -0.37253 0.249299 -0.428714 0.903357 0.0122299 -0.0271393 0.998059 -0.0560498 -0.0387711 0.95717 -0.286919 -0.0045927 0.999858 -0.0162101 -0.558071 0.747031 0.36125 -0.641594 -0.044261 0.765767 0.71824 0.0099372 0.695725 0.744685 0.150462 0.650235 -0.198831 0.979854 0.0187612 -0.0471701 0.97367 0.223028 0.325902 0.275053 0.904507 -0.706557 0.490727 0.509867 0.884278 -0.355498 0.302777 -0.0707456 0.846058 0.528375 0.331906 0.943254 0.010523 0.970775 -0.0615637 0.23196 0.0603086 0.96378 0.259791 -0.0835491 0.994752 0.0590553 0.0263811 0.999553 0.0140833 -0.823878 0.374542 0.425374 0.940684 0.226076 0.25299 -0.31904 0.383419 0.86672 -0.98095 -0.0979477 0.167757 0.965659 0.0754962 0.248602 -0.0543952 0.899771 0.43296 0.82624 0.0828673 0.55719 -0.146663 0.884435 0.443018 0.12503 -0.0836 0.988625 0.0120485 0.9507 0.309878 0.370645 0.505877 0.778916 -0.691016 0.454343 0.5622 -0.0709288 0.971053 0.228092 -0.423269 0.511263 0.747966 -0.153563 0.791229 0.591925 -0.0816194 0.772811 0.629365 -0.0899323 -0.358642 0.929133 -0.8707 0.132411 0.473655 0.0917638 0.594563 0.798795 -0.30696 0.511074 0.802857 -0.595259 -0.0644741 0.800943 0.529549 -0.477929 0.700829 0.180945 0.706533 0.684156 0.0634273 0.984979 0.160604 0.532305 0.703643 0.470679 -0.542924 0.628406 0.557081 0.314568 0.641084 0.700041 -0.276201 0.120206 0.953553 0.979913 0.0329395 0.196685 -0.268455 0.711745 0.649116 0.0139705 0.0900198 0.995842 0.17982 -0.53039 0.828463 -0.289155 0.104346 0.951578 -0.289352 0.416393 0.861912 0.449017 -0.605739 0.656859 0.710644 -0.0045057 0.703537 -0.184362 0.135618 0.973457 -0.0017621 0.867971 0.496612 0.721219 0.308003 0.620466 -0.113003 0.150159 0.982183 -0.579559 -0.278341 0.765923 0.736157 0.206403 0.64457 0.614911 0.16597 0.770934 0.0725847 0.602387 0.794897 -0.266023 -0.415018 0.870053 -0.237448 0.245343 0.939907 -0.22036 -0.14233 0.964979 -0.481433 0.0923906 0.8716 -0.139963 0.595157 0.791327 -0.0547399 0.923328 0.380092 0.755683 -0.0364337 0.653923 -0.136224 0.887981 0.439241 0.746074 0.10059 0.658222 0.920825 0.0593498 0.385433 0.480076 -0.164735 0.86162 -0.314746 -0.0020405 0.949174 -0.766707 0.201162 0.609667 -0.587798 0.0123341 0.808914 -0.099937 -0.340796 0.934811 0.777049 0.21396 0.591959 -0.606236 0.0649679 0.792627 0.604096 -0.0555248 0.794975 0.96301 0.230908 0.138898 0.890595 -0.23614 0.388688 -0.542593 -0.658012 0.522123 0.0452696 -0.0058873 0.998958 -0.63638 -0.0822049 0.766983 0.188596 0.103992 0.976533 -0.36167 0.427447 0.828544 -0.278166 0.273628 0.920734 -0.428969 -0.0794929 0.899815 -0.331212 0.138588 0.933323 -0.301235 0.0430614 0.952577 -0.0720417 0.61164 0.787849 0.655215 0.171242 0.735778 -0.29669 0.562417 0.771792 -0.260684 0.150665 0.953595 0.548855 0.396164 0.736079 0.481553 0.038621 0.875566 0.700896 0.0864111 0.70801 -0.604602 -0.146061 0.783021 0.234393 -0.31183 0.920773 -0.589777 -0.0492838 0.806061 -0.501481 -0.128929 0.855508 0.102745 0.0200793 0.994505 0.347807 0.217719 0.911937 0.0376569 0.0222152 0.999044 0.0718165 0.234767 0.969395 0.187614 -0.0958686 0.977553 -0.020155 0.541964 0.84016 -0.149379 0.10371 0.983326 0.100192 -0.0650756 0.992838 -0.0610175 -0.0190667 0.997955 -0.305687 -0.438362 0.845218 -0.0886532 0.515357 0.852378 -0.338295 0.0887383 0.936847 0.454672 0.0689165 0.887989 -0.255862 0.19875 0.946062 0.257679 0.190596 0.947246 -0.114208 0.368995 0.922388 -0.449635 0.523756 0.723539 0.116787 0.801111 0.587012 -0.152734 -0.230862 0.960924 -0.0288787 -0.118771 0.992502 -0.0016601 -0.0172238 0.99985 0.006383 -0.204105 0.978928 0.0148531 0.0132526 0.999802 0.176865 -0.155115 0.971935 -0.214486 0.0591723 0.974933 0.0343872 -0.292298 0.955709 0.0263815 -0.0371376 0.998962 -0.0800771 0.0483721 0.995614 -0.127725 0.545399 0.828388 0.145325 -0.275219 0.950334 0.0476008 -0.0921505 0.994607 0.190633 -0.142553 0.971256 -0.389222 0.361842 0.847099 0.565115 0.535867 0.627289 -0.288384 0.392198 0.873507 -0.275025 0.225123 0.934709 -0.138744 0.0250818 0.990011 -0.0634768 0.0890689 0.994001 0.027024 -0.280519 0.959468 -0.0138207 -0.0931792 0.995553 0.0009204 0.10882 0.994061 -0.272756 -0.0064298 0.962062 -0.0665828 -0.305448 0.949878 -0.189222 -0.0546903 0.98041 0.38658 0.0730726 0.919356 0.60475 -0.0951306 0.790714 0.159395 -0.0952824 0.982606 0.102596 0.0341937 0.994135 0.0840365 -0.178421 0.980359 -0.168184 -0.10898 0.979713 0.206299 0.137643 0.96876 0.0473899 0.0989391 0.993964 0.34809 -0.0200917 0.937246 -0.149001 0.154729 0.976656 -0.0632414 -0.0002103 0.997998 -0.19226 -0.307356 0.93197 0.0469059 0.129529 0.990466 0.192385 0.148939 0.969951 -0.0111351 -0.0121025 0.999865 0.110352 0.0756155 0.991012 -0.122573 -0.149812 0.981087 0.129154 0.0009794 0.991624 0.275286 0.119078 0.953959 -0.0229711 0.107037 0.99399 -0.162829 -0.118707 0.979487 -0.0595109 -0.186167 0.980714 0.191274 0.209798 0.958853 -0.0096883 0.0746291 0.997164 0.219534 -0.165676 0.961434 0.172284 0.189312 0.966685 -0.205803 0.232219 0.950642 -0.592727 -0.305999 0.745009 -0.0040838 0.0508091 0.9987 0.0796214 0.0153556 0.996707 0.140495 -0.0385884 0.989329 -0.0599823 -0.0230343 0.997934 -0.0494824 -0.12642 0.990742 -0.0133544 -0.0667714 0.997679 0.0312422 0.0205303 0.999301 -0.170265 0.0828235 0.981911 -0.200347 0.124592 0.971771 0.0216716 -0.0244555 0.999466 -0.383289 -0.117531 0.91612 0.218531 0.0518291 0.974453 0.0107345 -0.0445644 0.998949 0.142474 -0.0629557 0.987794 0.124414 0.103135 0.986856 -0.0384319 0.0738952 0.996525 0.115741 -0.0019465 0.993277 0.125648 -0.116158 0.985251 0.0631061 -0.156678 0.985632 0.0088159 -0.172397 0.984988 0.0557024 0.19169 0.979874 -0.277678 -0.138622 0.95062 0.0288963 0.191158 0.981134 -0.165021 -0.0510138 0.98497 -0.0089366 -0.0009818 0.99996 -0.0204989 0.0431638 0.998858 0.0479116 -0.240833 0.969383 0.0842783 -0.0483098 0.99527 -0.074845 0.0125255 0.997117 -0.0264996 0.0945371 0.995169 -0.0389824 -0.081383 0.99592 0.107223 -0.0842396 0.99066 0.228153 0.215837 0.9494 -0.0697168 0.108309 0.99167 0.12308 -0.333822 0.934566 -0.0720985 0.145317 0.986755 0.20466 -0.197159 0.958772 0.0572074 -0.112753 0.991975 0.0923386 -0.320679 0.942676 0.171365 0.204666 0.963715 -0.120042 -0.344436 0.931104 -0.0023305 -0.0405565 0.999175 -0.123591 0.113929 0.985771 0.170407 0.165284 0.971413 0.0642448 -0.0491945 0.996721 -0.0672152 0.0191566 0.997555 0.014745 -0.185085 0.982612 0.0005695 -0.105207 0.99445 -0.0383578 0.0554769 0.997723 -0.0452259 -0.0820348 0.995603 -0.0435481 -0.12773 0.990852 -0.06303 -0.0249442 0.9977 0.113347 -0.145477 0.982847 0.104636 -0.123129 0.986859 -0.0292461 -0.0757789 0.996696 0.237589 -0.131065 0.962483 -0.0768593 -0.0564425 0.995443 -0.0964762 0.064264 0.993259 -0.0939331 0.111727 0.98929 -0.115612 0.0932554 0.988907 0.130978 0.031928 0.990871 0.0963502 -0.122717 0.987754 0.0221153 -0.0897575 0.995718 0.0313087 0.132738 0.990657 -0.0223001 -0.0078961 0.99972 0.0350944 -0.293331 0.955367 0.189384 0.116197 0.975004 -0.0917214 0.104086 0.99033 0.590647 -0.0910443 0.801777 -0.0525503 0.476283 0.87772 -0.0346673 0.0371588 0.998708 0.008638 0.0441055 0.99899 0.0045827 -0.139327 0.990236 -0.13589 0.269708 0.953306 0.188229 -0.187754 0.964011 0.202265 0.176666 0.963264 -0.0601106 0.261337 0.963374 0.280586 -0.0676389 0.957443 -0.184889 0.196149 0.962986 -0.156502 -0.229408 0.960666 0.228359 0.280122 0.932408 0.217237 -0.407478 0.887 0.367663 0.016383 0.929815 -0.176022 0.0637402 0.98232 -0.0081836 0.266764 0.963727 -0.003931 0.0176297 0.999837 -0.039323 0.166791 0.985208 -0.0811319 -0.048998 0.995498 -0.0348529 -0.258059 0.9655 -0.0325715 0.0166547 0.999331 -0.106698 -0.0355455 0.993656 0.106713 -0.0927603 0.989954 0.0699081 0.179309 0.981306 -0.0475832 -0.123762 0.991171 -0.127191 0.151347 0.980264 -0.133074 -0.241969 0.961115 -0.145859 -0.0973767 0.984501 0.120616 -0.0830465 0.989219 -0.0649565 -0.0536646 0.996444 0.0878064 -0.2895 0.953142 0.0672765 -0.0969753 0.993011 0.0779988 -0.0818972 0.993584 0.0506927 0.029605 0.998275 0.053922 -0.144335 0.988059 -0.250311 0.0525153 0.96674 0.0795168 -0.0614353 0.994939 -0.0655059 -0.321236 0.944731 0.0634651 -0.169268 0.983525 0.0584505 -0.124305 0.990521 0.375617 0.247021 0.893248 -0.0913216 -0.0701913 0.993345 0.0021754 0.0801044 0.996784 0.103194 -0.0649793 0.992536 0.0767648 -0.0834337 0.993552 0.153194 -0.0158007 0.98807 0.0707141 -0.0714229 0.994936 0.0105239 -0.245762 0.969273 0.015386 -0.0779122 0.996841 -0.0007326 0.0161005 0.99987 -0.0067528 0.106475 0.994292 -0.0251572 -0.0293767 0.999252 0.0571913 0.187575 0.980584 -0.089993 -0.0166787 0.995803 -0.0382155 0.0143703 0.999166 -0.0058457 -0.130741 0.991399 0.0026502 -0.221536 0.975149 -0.042414 -0.0386521 0.998352 0.0498302 -0.110974 0.992573 0.256165 0.0445505 0.965606 0.0541452 0.110002 0.992455 -0.0121517 -0.247725 0.968754 0.0248028 -0.271342 0.962163 -0.0103985 0.0701632 0.997481 -0.307216 0.0854245 0.947798 0.0604916 -0.0871106 0.99436 -0.173434 -0.324988 0.929679 0.0172579 -0.0566053 0.998247 0.070239 0.097858 0.992719 0.0869761 -0.327275 0.940918 0.20264 -0.115239 0.972449 0.177765 -0.0321366 0.983548 -0.0015064 -0.0834843 0.996508 0.0079604 -0.199016 0.979964 0.205458 -0.0278347 0.97827 0.144562 0.234876 0.961215 0.152965 0.0397976 0.98743 0.398371 -0.270074 0.876562 -0.0182842 0.122201 0.992337 0.0271235 0.137443 0.990138 0.175138 0.0541185 0.983055 0.0636154 0.0414495 0.997113 0.0811463 0.105278 0.991126 0.0138008 -0.289209 0.957166 -0.0124273 0.0722238 0.997311 -0.0202952 0.0848306 0.996189 0.139775 -0.258606 0.955817 0.0894047 -0.151386 0.984423 0.0236191 -0.0124524 0.999644 -0.0452337 -0.0084317 0.998941 -0.0602378 0.0415928 0.997317 -0.0102292 0.0071873 0.999922 -0.0118303 -0.0571482 0.998296 -0.0779034 0.169117 0.982512 0.0403599 0.0123047 0.999109 -0.0008812 -0.28867 0.957428 -0.0571347 0.0509184 0.997067 0.0638601 -0.175874 0.982339 -0.0076214 -0.02995 0.999522 -0.21416 -0.176905 0.960646 -0.041047 0.0682263 0.996825 -0.031359 -0.163361 0.986068 0.0996821 -0.0006706 0.995019 0.279491 0.0149534 0.960032 0.112811 -0.115902 0.986834 -0.0095521 0.1925 0.981251 -0.0977713 -0.329175 0.939193 0.169707 -0.20494 0.96395 -0.0200253 -0.28686 0.957763 0.10406 0.0195564 0.994379 0.0069264 0.0758082 0.997098 0.0223938 0.0014697 0.999748 0.0070931 0.110438 0.993858 0.089509 0.136949 0.986526 -0.0130273 -0.0017809 0.999914 -0.0282908 -0.0117457 0.999531 -0.122749 0.0934792 0.988025 0.215002 -0.0716781 0.97398 0.101133 -0.15211 0.983176 -0.0157384 -0.0102796 0.999823 -0.0070865 0.158755 0.987293 0.0158341 -0.0382379 0.999143 0.0828542 -0.0222608 0.996313 0.0765999 -0.0095036 0.997017 0.0632142 -0.0796585 0.994816 -0.0455863 0.021963 0.998719 0.0008853 0.0818391 0.996645 0.0383707 0.0128286 0.999181 0.284147 0.0646358 0.9566 0.0482563 -0.0323386 0.998311 -0.0981855 -0.0664102 0.99295 0.10332 -0.0977019 0.989838 0.135044 -0.0424663 0.989929 0.0788045 0.0134478 0.996799 -0.020342 0.145714 0.989118 0.0103596 0.0406213 0.999121 0.0064964 -0.0554811 0.998439 0.0084592 -0.121968 0.992498 0.0850184 -0.056441 0.99478 0.0103538 -0.0943498 0.995485 0.13984 -0.127972 0.98187 0.0725185 -0.047394 0.99624 0.0726563 -0.105843 0.991725 -0.0001102 -0.0846289 0.996413 0.0738489 -0.122556 0.98971 -0.0175529 -0.162867 0.986492 0.028948 0.008247 0.999547 -0.018345 0.0470033 0.998726 0.192842 -0.105748 0.975515 -0.338562 -0.047189 0.93976 0.0905546 -0.131768 0.987136 0.0398103 -0.13428 0.990143 -0.022418 0.0571727 0.998113 0.0259079 -0.0104481 0.99961 0.106654 -0.181803 0.977534 0.123122 -0.0321831 0.99187 0.129025 0.0654351 0.98948 -0.105323 -0.0208985 0.994219 0.033456 -0.0468412 0.998342 -0.0776449 -0.169867 0.982403 0.164646 -0.0711649 0.983782 0.0906837 -0.103568 0.99048 -0.111771 0.0420317 0.992845 0.0299184 0.0547463 0.998052 -0.188951 0.0182014 0.981818 0.219535 -0.0579159 0.973884 -0.0319952 0.0638597 0.997446 -0.0190878 0.0479424 0.998668 0.0502787 -0.0864811 0.994984 -0.0100047 -0.0248639 0.999641 0.0024904 0.124012 0.992278 0.0081527 -0.0727226 0.997319 -0.0074978 -0.129171 0.991594 -0.0419854 -0.20177 0.978533 -0.0473849 0.0104835 0.998822 -0.0682871 0.17693 0.981852 0.186183 0.0023647 0.982512 0.0085046 -0.0081283 0.999931 -0.159419 -0.186173 0.969497 0.0781252 -0.121836 0.989471 -0.120568 0.0433685 0.991757 -0.116984 0.0927896 0.98879 0.233562 0.0914903 0.968028 0.0490593 0.241461 0.96917 0.171373 0.072052 0.982568 -0.0178011 -0.0369867 0.999157 -0.0108503 -0.0378562 0.999224 0.0538493 -0.0759084 0.99566 0.144091 -0.148983 0.978285 0.0845656 0.0425041 0.995511 0.0337926 -0.25376 0.966677 -0.0307822 0.0537624 0.998079 0.125243 0.176773 0.976251 -0.0774216 0.11235 0.990648 -0.0358596 0.0108731 0.999298 -0.0211392 -0.263955 0.964303 -0.0880935 -0.0172793 0.995962 -0.0833504 0.0835722 0.99301 -0.0088679 0.046854 0.998862 -0.0880944 -0.112436 0.989746 -0.0734054 -0.009054 0.997261 0.0159666 -0.0976593 0.995092 0.0230585 -0.0437687 0.998776 -0.0235702 0.0241804 0.99943 -0.0627365 -0.187787 0.980204 0.0501258 0.478017 0.876919 0.0472002 -0.221129 0.974102 -0.0097968 -0.0030352 0.999947 -0.0119346 -0.131997 0.991178 0.0026296 0.0510103 0.998695 0.105276 0.161162 0.981297 -0.0942634 -0.0559997 0.993971 -0.0127728 0.0950033 0.995395 -0.0010944 -0.0783375 0.996926 -0.0406238 -0.132283 0.990379 -0.0840473 -0.130149 0.987926 0.108219 -0.0538782 0.992666 0.0296136 0.140959 0.989573 -0.131098 0.173474 0.976074 -0.0637691 -0.102963 0.992639 -0.003578 0.138316 0.990382 0.206761 -0.0603286 0.97653 -0.0119153 0.0041865 0.99992 0.205718 0.0169569 0.978464 0.0839948 -0.142957 0.986158 -0.0818198 0.0004076 0.996647 -0.0662294 0.289944 0.954749 0.0339547 0.0066688 0.999401 0.0097843 -0.008505 0.999916 0.0065726 0.0099002 0.999929 0.0076232 -0.0198742 0.999773 -0.0961756 0.0104259 0.99531 0.0863213 -0.0253876 0.995944 -0.22024 -0.0130605 -0.975358 -0.136524 0.15905 -0.977786 -0.187016 -0.154303 -0.970163 -0.278887 -0.144086 -0.949453 -0.0990865 -0.0934225 -0.990684 -0.166526 0.059617 -0.984233 -0.221707 -0.165063 -0.961041 -0.229774 -0.183397 -0.955808 -0.247064 0.0710261 -0.966393 -0.0850197 0.0324944 -0.995849 -0.183669 -0.296206 -0.937298 -0.164962 -0.243116 -0.955867 -0.172999 -0.159808 -0.971871 -0.157408 -0.124637 -0.979637 -0.278372 -0.0123692 -0.960394 -0.0310886 -0.0517803 -0.998174 -0.20258 -0.264568 -0.942849 -0.138168 -0.0315747 -0.989905 -0.0827126 -0.0377168 -0.99586 -0.214848 0.0615003 -0.974709 -0.216045 0.0157343 -0.976257 -0.303952 -0.210717 -0.929092 -0.144899 0.108958 -0.983429 -0.304031 -0.128017 -0.944022 -0.296959 -0.0537293 -0.953378 -0.222523 0.227591 -0.94799 -0.083707 -0.0969451 -0.991763 -0.218564 -0.205336 -0.953974 -0.243657 0.0395468 -0.969055 -0.233837 -0.184269 -0.954654 -0.197027 0.204116 -0.958915 -0.124348 -0.0561016 -0.990651 -0.226385 0.075034 -0.971144 -0.208519 -0.166456 -0.963749 -0.316526 -0.253457 -0.914096 -0.415906 0.0979157 -0.904121 -0.210602 0.0906338 -0.973361 -0.0837305 0.166071 -0.982553 -0.319674 -0.235445 -0.917809 -0.208665 0.122491 -0.970286 -0.20437 0.155448 -0.966472 -0.26162 -0.221147 -0.939494 -0.193915 -0.135981 -0.971548 -0.271188 -0.160044 -0.949128 -0.157458 -0.204008 -0.966224 -0.239731 -0.145149 -0.959928 -0.249294 -0.203372 -0.946833 -0.185853 0.185324 -0.964942 -0.213979 0.0197709 -0.976638 -0.377007 -0.167331 -0.91097 -0.270434 -0.186247 -0.944551 -0.408784 -0.290775 -0.86507 -0.506154 -0.221302 -0.833567 -0.32054 -0.113918 -0.94036 -0.369513 0.708564 -0.601163 -0.560323 0.378731 -0.736614 -0.499871 -0.325054 -0.802788 -0.620685 -0.19913 -0.758352 -0.352402 -0.268789 -0.896418 -0.577263 -0.287906 -0.764118 -0.655077 -0.174545 -0.735125 -0.306572 0.209614 -0.92848 -0.491836 -0.170449 -0.853841 -0.724774 -0.366698 -0.583297 -0.810181 0.234847 -0.537078 -0.744852 -0.229396 -0.626557 -0.648971 0.720605 -0.244059 -0.810913 -0.345537 -0.472254 -0.760308 -0.384792 -0.523323 -0.532065 -0.280531 -0.79888 -0.353847 0.926718 -0.126438 -0.870566 -0.0587657 -0.48853 -0.711962 -0.290012 -0.639533 -0.756137 -0.412287 -0.508208 -0.411593 0.8418 -0.349235 -0.835622 -0.39753 -0.379085 -0.836279 -0.377997 -0.397185 -0.423026 0.846036 -0.324457 -0.823301 -0.220637 -0.522967 -0.862852 0.493166 0.110786 -0.802865 -0.47739 -0.35708 -0.977069 -0.212765 -0.0081455 -0.94759 -0.295126 -0.122367 -0.665426 0.728687 -0.16194 -0.867868 -0.416681 -0.270521 -0.88413 -0.208951 -0.417916 -0.98451 -0.118719 0.12902 -0.625878 0.621056 -0.471769 -0.922116 -0.385904 0.0279258 -0.870429 -0.299263 0.39089 -0.964587 0.19106 0.181845 -0.942773 -0.190067 0.273958 -0.89102 0.20779 0.403618 -0.918462 -0.382298 -0.101374 -0.817632 -0.364216 0.445897 -0.690123 0.0561519 0.72151 -0.932074 -0.361861 0.0171691 -0.947309 -0.151248 -0.282363 -0.946857 -0.176943 0.268613 -0.953192 -0.298746 0.0466452 -0.902736 -0.271494 0.333706 -0.643469 -0.0562272 0.763405 -0.860863 -0.364162 0.355388 -0.57874 0.129307 0.805195 -0.917174 -0.371767 -0.143465 -0.829613 0.434425 0.350738 -0.997266 -0.0549592 0.0494006 -0.974725 -0.14299 -0.171657 -0.965529 -0.156315 -0.208133 -0.963677 0.0829749 -0.253854 -0.927133 -0.101972 -0.360592 -0.860231 0.0546758 -0.506965 -0.910255 -0.356249 -0.211004 -0.965601 -0.231408 -0.118595 -0.836332 -0.353206 -0.419278 -0.937988 -0.346621 0.0056415 -0.911853 -0.274678 -0.305083 -0.736537 -0.189972 -0.649172 0.15484 -0.0913043 0.983711 0.215953 -0.0368081 0.97571 0.250762 -0.0154713 0.967925 0.146104 0.0306776 0.988793 0.0360004 -0.10422 0.993903 0.172501 0.0741605 0.982214 -0.0464305 -0.174125 0.983628 -0.0605266 -0.0534307 0.996736 0.122338 -0.102398 0.987192 -0.134974 -0.272905 0.952526 -0.160239 -0.267535 0.950131 -0.146449 -0.0803619 0.985949 -0.0621755 -0.0827122 0.994632 -0.223215 -0.159841 0.961575 0.0880497 -0.101631 0.990918 -0.0826597 -0.12685 0.988472 0.391869 -0.0831833 0.916253 0.0029798 0.0750665 0.997174 -0.0519618 -0.0153788 0.998531 0.225531 -0.0555072 0.972653 -0.111506 -0.0033704 0.993758 -0.338055 0.0198586 0.940917 -0.120724 0.0582974 0.990973 -0.0119875 0.0361161 0.999276 -0.169074 -0.0667591 0.98334 0.0150852 0.0066205 0.999864 0.0037712 -0.0641721 0.997932 0.0904289 -0.138397 0.98624 0.013044 -0.0145969 0.999808 -0.0090995 -0.0347884 0.999353 0.0177661 0.0185045 0.999671 0.109678 0.0157068 0.993843 0.193612 -0.0619229 0.979122 0.192656 -0.0472517 0.980128 -0.174689 0.144068 0.974027 0.251533 0.0635348 0.965761 0.0328635 -0.0382185 0.998729 -0.493155 -0.149871 0.856934 -0.152718 -0.0515018 0.986927 0.154394 -0.0905968 0.983847 0.0532034 -0.0308746 0.998106 -0.0129651 -0.0439106 0.998951 0.0401412 0.0485867 -0.998012 0.221862 0.0365369 -0.974393 -0.390996 0.182002 -0.902218 0.370009 -0.380072 -0.847726 0.0591089 -0.108313 -0.992358 0.693054 -0.108818 -0.712626 0.225829 -0.21108 -0.951024 0.726493 -0.0064782 -0.687143 0.0237737 -0.0530045 -0.998311 -0.0317108 -0.297726 -0.954125 -0.0602675 -0.310104 -0.948791 -0.11179 -0.0770317 -0.990742 0.0043933 -0.254776 -0.96699 0.137835 0.328947 -0.934235 0.291405 -0.228359 -0.928943 -0.0274705 -0.387233 -0.921572 0.0279551 -0.0951972 -0.995066 -0.077035 -0.22786 -0.970642 -0.0865097 -0.384031 -0.919259 0.269466 -0.101216 -0.957676 0.0806116 0.0154154 -0.996626 0.237167 -0.42128 -0.875371 0.141737 -0.189604 -0.971577 -0.0077945 -0.0974885 -0.995206 0.678949 -0.312523 -0.664348 0.684228 -0.335829 -0.647342 0.644696 -0.235918 -0.727125 0.634755 -0.0889026 -0.767582 0.0717021 -0.241163 -0.967832 -0.0367306 -0.477361 -0.87794 0.131586 -0.13411 -0.982191 -0.111682 -0.382924 -0.917004 -0.0495085 -0.29133 -0.955341 0.138566 -0.364413 -0.92087 0.453366 -0.396281 -0.798386 0.669899 -0.398987 -0.626135 0.643943 -0.42816 -0.634048 -0.0801599 -0.0258241 -0.996448 0.0832347 -0.0630653 -0.994532 0.0437835 0.0714776 -0.996481 -0.20071 -0.41007 -0.889696 0.637625 -0.239084 -0.732307 0.562201 -0.194414 -0.803824 -0.0128755 -0.109558 -0.993897 -0.0462297 -0.175856 -0.98333 0.0426456 0.188281 -0.981189 -0.0213533 -0.294718 -0.955346 0.465983 -0.328557 -0.821529 -0.0044276 -0.301974 -0.953306 0.082363 -0.0094708 -0.996557 0.738032 -0.161589 -0.655132 -0.0260874 -0.238894 -0.970695 -0.195431 0.0700853 -0.97821 0.0454547 0.0357982 -0.998325 -0.0990438 -0.226975 -0.968851 0.0499827 0.0697292 -0.996313 -0.220654 -0.339441 -0.91438 -0.0705246 -0.23944 -0.968346 0.0285481 -0.336675 -0.941188 -0.139556 0.096883 -0.985463 0.0445568 -0.275793 -0.960184 0.0031937 -0.293017 -0.956102 0.819668 -0.568281 -0.0721179 -0.231383 -0.385298 -0.893313 -0.0900202 -0.39926 -0.912408 0.0762177 -0.297262 -0.951749 0.127822 -0.481437 -0.86711 0.692545 -0.564451 -0.449194 0.636495 -0.49291 -0.593223 -0.339147 -0.558471 -0.757027 -0.363292 -0.480101 -0.79845 -0.283992 -0.386023 -0.877688 0.237355 -0.512567 -0.82519 -0.0861199 -0.474208 -0.876191 0.79267 -0.488723 -0.364451 -0.0666919 -0.351513 -0.933804 0.758902 -0.610426 -0.226821 0.658995 -0.452053 -0.601144 0.124777 -0.434185 -0.89214 -0.370152 -0.598951 -0.710102 -0.477526 -0.57744 -0.662217 0.476153 -0.106046 -0.872945 -0.0787774 -0.365155 -0.927608 -0.0728009 -0.216411 -0.973584 0.0376454 -0.335197 -0.941396 0.12505 -0.344673 -0.930357 0.456426 -0.708393 -0.538382 0.0704464 -0.288574 -0.954862 -0.0671301 -0.123655 -0.990052 -0.384895 -0.43791 -0.81246 -0.474454 -0.843258 -0.252604 -0.392774 -0.476291 -0.786687 0.895922 -0.374033 -0.23963 0.679267 -0.635612 -0.366869 0.210573 -0.475259 -0.854276 0.0495499 -0.128566 -0.990462 -0.0579041 -0.460712 -0.885659 -0.53573 -0.6097 -0.584173 -0.0195367 -0.255624 -0.966579 -0.003571 -0.182836 -0.983137 0.87792 -0.318913 -0.357143 -0.413453 -0.378379 -0.828183 0.76717 -0.633038 -0.103505 -0.568295 -0.603531 -0.559278 0.031207 -0.309532 -0.950377 0.0247248 -0.239829 -0.9705 0.955764 -0.288803 0.0557542 -0.480418 -0.351015 -0.803733 0.0737703 -0.146074 -0.986519 0.083865 -0.450122 -0.88902 0.630002 -0.654899 -0.417378 0.788395 -0.574993 -0.218668 -0.567918 -0.673948 -0.472507 0.532873 -0.339841 -0.774954 -0.368025 -0.625828 -0.687676 -0.461388 -0.709165 -0.53311 0.817244 -0.540725 -0.199319 -0.402265 -0.865025 -0.299857 -0.0133447 -0.534175 -0.845269 0.105687 -0.253346 -0.961585 -0.509568 -0.708107 -0.4888 0.424095 -0.53079 -0.733761 -0.581911 -0.667412 -0.464694 0.240084 -0.853274 -0.462907 -0.696776 -0.478953 -0.533955 -0.653718 -0.702957 -0.280188 0.871634 -0.463677 -0.158929 0.798042 -0.37062 -0.475152 -0.532663 -0.756954 -0.378538 -0.152989 -0.891833 -0.425708 -0.56827 -0.732949 -0.373972 0.626124 -0.766706 -0.141885 -0.563574 -0.491029 -0.664285 0.778118 -0.627406 0.0299017 0.914413 -0.359182 0.186645 -0.563503 -0.755012 -0.335294 -0.708264 -0.55643 -0.434451 -0.362495 -0.601656 -0.711764 -0.402698 -0.591683 -0.698388 0.588264 -0.778103 0.220231 0.897199 -0.431673 0.093233 0.845 -0.526227 -0.0951888 0.752197 -0.580157 0.312437 0.293045 -0.906819 0.30299 -0.144041 -0.96421 0.222601 -0.397597 -0.763172 -0.509396 -0.565993 -0.0993968 -0.818396 0.253611 -0.686358 0.681611 -0.340859 -0.783787 -0.519127 -0.422249 -0.319645 -0.848253 -0.229139 -0.861667 0.452797 -0.193634 -0.945882 -0.260411 -0.4182 -0.447869 -0.790267 0.0743279 -0.446575 0.891654 0.179266 -0.643086 0.744516 0.50782 -0.7315 0.455002 0.0893718 -0.607225 0.789488 -0.419923 -0.227289 -0.878638 0.598401 -0.57394 0.559025 -0.222837 -0.974808 0.0097001 -0.436425 -0.724773 -0.533139 -0.351806 -0.54644 -0.760024 -0.555016 -0.409018 -0.724335 -0.418311 -0.71754 -0.556913 -0.523909 -0.851386 -0.0257086 0.175821 -0.686244 0.705802 0.0226107 -0.591011 0.806347 0.686879 -0.577282 0.441523 0.928719 -0.356726 0.101136 -0.0435426 -0.86018 0.508129 0.0682386 -0.832277 0.550144 0.310026 -0.681673 0.662726 0.635158 -0.546906 0.545407 -0.617164 -0.304078 -0.725703 0.502469 -0.600462 0.622069 -0.572895 -0.565511 -0.593286 -0.662912 -0.690668 -0.289008 0.181641 -0.961081 0.208158 0.0934044 -0.880551 0.464657 -0.351842 -0.764441 -0.540218 0.859745 -0.459297 0.223347 -0.761569 -0.581826 -0.285466 0.419883 -0.520224 0.743684 0.224488 -0.963189 0.147895 -0.600047 -0.799923 0.0082534 0.890616 -0.452201 0.0481447 0.660675 -0.659999 0.357644 0.0900878 -0.883486 0.459714 0.522176 -0.758361 0.390153 -0.305986 -0.912027 0.273093 0.561528 -0.689516 0.457443 0.631873 -0.652586 0.418173 0.623863 -0.761729 0.174828 -0.0072094 -0.922682 0.385494 0.26174 -0.917294 0.300106 -0.597184 -0.797634 -0.0845605 0.823514 -0.527469 0.208808 0.117281 -0.867816 0.482846 0.580127 -0.813792 0.0345657 0.931118 -0.361683 0.0469595 -0.333236 -0.934667 -0.123902 0.0239546 -0.780011 0.625307 -0.0697353 -0.813865 0.576855 0.609312 -0.542598 0.578209 0.351783 -0.649683 0.673915 0.711954 -0.694533 0.103663 -0.459248 -0.743692 0.485812 -0.0899554 -0.986607 0.136066 0.280443 -0.555132 0.783058 0.345799 -0.609375 0.713502 -0.464031 -0.786806 0.406955 0.081116 -0.627556 0.774334 0.282001 -0.528488 0.800735 0.752071 -0.641492 0.151253 0.11749 -0.594996 0.795095 -0.261437 -0.92832 0.264333 0.636627 -0.720217 0.27567 -0.280733 -0.950199 0.135317 0.945338 -0.297026 0.134579 0.0162904 -0.499561 0.866125 -0.0012164 -0.665977 0.745972 0.0847942 -0.210822 0.97384 0.0937456 -0.292434 0.95168 0.368201 -0.208167 0.906143 0.0124101 -0.280719 0.95971 0.244446 -0.351893 0.903558 0.60066 -0.65889 0.452848 0.92674 -0.358858 0.111242 -0.214079 -0.686957 0.69445 -0.0290388 -0.424698 0.904869 -0.286389 -0.958089 -0.0068646 0.0807899 -0.677885 0.730715 0.0318808 -0.280275 0.95939 0.210902 -0.299132 0.930613 0.0842472 -0.436593 0.895706 0.0484386 -0.388454 0.920194 0.172331 -0.301538 0.937751 -0.0289775 -0.193712 0.98063 -0.0207762 -0.632529 0.774258 0.157461 -0.328719 0.931209 -0.0970399 -0.451468 0.886995 -0.0211397 -0.225127 0.9741 0.0052651 -0.303378 0.952856 0.127759 -0.626534 0.768851 0.600357 -0.557112 0.573757 -0.4336 -0.886544 0.161337 0.0479802 -0.691841 0.720454 0.12776 -0.5693 0.812142 -0.100232 -0.620272 0.777957 0.233342 -0.444599 0.864802 0.096637 -0.625304 0.774375 -0.260274 -0.91 0.322733 0.0198997 -0.407508 0.912985 0.264501 -0.498611 0.825486 -0.0442354 -0.631435 0.774167 -0.170931 -0.594961 0.785369 0.375654 -0.544756 0.74975 0.288914 -0.593307 0.751342 0.145035 -0.494562 0.856956 0.197574 -0.766327 0.611316 0.279213 -0.780727 0.559022 0.11103 -0.798331 0.591895 0.0928638 -0.861879 0.49854 0.26479 -0.572313 0.776108 0.0302451 -0.621609 0.782743 0.361353 -0.592055 0.720343 -0.0297705 -0.697248 0.716212 0.287669 -0.317024 0.903738 0.57184 -0.507778 0.64433 0.586801 0.019403 0.809499 0.0672948 -0.884821 0.461046 0.197872 -0.562934 0.802466 0.175208 -0.441977 0.879749 0.534479 -0.160734 0.829757 0.570169 -0.69114 0.444108 0.335215 -0.467672 0.817872 0.676133 -0.577763 0.457202 0.597426 -0.799595 -0.061072 0.462903 -0.184222 0.867054 0.821367 -0.556382 0.125679 0.0541754 -0.457121 0.887753 0.120682 -0.628126 0.768696 0.139913 -0.806195 0.574868 0.162894 -0.868984 0.467261 -0.0888033 -0.637594 0.765238 0.573286 -0.372501 0.729785 0.126847 -0.27705 0.952446 -0.0848273 -0.703119 0.705994 0.139656 -0.989912 -0.023889 0.0885296 -0.833293 0.545697 -0.0549644 -0.863293 0.501701 0.325267 0.0701639 0.943016 0.336093 -0.553682 0.761891 0.104788 -0.936831 0.333717 0.14507 0.0232799 0.989147 -0.176545 0.0522827 0.982903 -0.0946449 0.0031866 0.995506 0.444208 -0.642358 0.624544 -0.086211 -0.702511 0.706432 -0.14289 -0.905938 0.398571 -0.316259 -0.891835 0.323435 -0.389133 -0.84289 0.371635 -0.221123 0.134336 0.965949 0.303027 -0.331302 0.89354 -0.197872 -0.0687523 0.977814 -0.141454 -0.212874 0.966786 0.130644 -0.986817 -0.0955241 -0.0732267 0.134858 0.988155 0.136538 -0.990232 -0.0282559 -0.242478 -0.9373 -0.250347 0.0770204 -0.821072 0.565605 0.176751 -0.553217 0.81407 0.148605 -0.738141 0.658076 0.262416 0.0044244 0.964945 -0.039325 -0.399562 0.915863 -0.530094 -0.833602 0.155267 -0.421499 -0.645217 0.637208 -0.0601765 -0.541583 0.838491 -0.350663 -0.909139 0.224727 -0.33821 -0.928736 0.15187 -0.326089 -0.736258 0.59295 -0.422948 -0.789233 -0.445226 -0.648679 -0.732206 -0.207581 -0.486156 -0.841421 0.235929 -0.639789 -0.746624 -0.182269 -0.523274 -0.847333 0.0906111 -0.625043 -0.780494 0.0122757 -0.509482 -0.819956 0.260959 -0.197484 -0.817145 0.541549 -0.394252 -0.554477 0.732885 0.150667 -0.475144 0.866913 0.230916 -0.0593177 0.971164 0.0793383 -0.0658566 0.99467 0.0776466 -0.069354 0.994566 -0.0113793 -0.0228325 0.999675 0.0192566 0.0552524 0.998287 0.0966431 -0.0607399 0.993464 -0.0470539 0.121631 0.991459 -0.340534 -0.313586 0.886398 0.122616 0.107337 0.986633 -0.166492 -0.256837 0.952006 0.0887647 -0.0699799 0.993591 0.0607916 -0.0778978 0.995106 0.0603221 -0.0421745 0.997288 0.0594455 -0.0171767 0.998084 0.094356 -0.189963 0.977247 0.0765484 -0.0643167 0.994989 0.0457313 0.132602 0.990114 0.0120059 -0.205307 0.978624 -0.163598 0.100601 -0.981384 -0.12773 -0.0140545 -0.991709 -0.198567 -0.0520056 -0.978706 -0.196239 -0.0614894 -0.978626 -0.197421 -0.0114586 -0.980252 -0.131229 0.0848641 -0.987713 -0.16679 -0.325658 -0.93066 -0.15729 -0.116802 -0.980621 -0.225869 -0.18351 -0.956717 -0.261997 -0.274635 -0.925166 -0.212372 -0.324056 -0.921892 -0.0702354 -0.0864372 -0.993779 -0.213789 -0.0181162 -0.976712 -0.192038 0.0202407 -0.981179 -0.240258 -0.364758 -0.899571 -0.16431 -0.0076268 -0.986379 -0.223342 0.156817 -0.962043 -0.20075 0.0148255 -0.97953 -0.124427 0.0151451 -0.992113 -0.345085 0.205883 -0.915712 -0.115478 -0.0989903 -0.988365 -0.281856 0.024797 -0.959136 -0.309182 -0.260144 -0.91473 -0.155245 -0.304722 -0.939704 -0.232779 0.0041666 -0.972521 -0.262683 0.0395752 -0.96407 -0.0664283 -0.144991 -0.987201 -0.174579 -0.551138 -0.815947 -0.264436 -0.281959 -0.922265 -0.297011 0.0044708 -0.954864 -0.152771 0.0671907 -0.985975 -0.489624 -0.221331 -0.843375 -0.604413 -0.624758 -0.49433 -0.741462 -0.65366 -0.151538 -0.702853 -0.54389 -0.458455 -0.610323 -0.753691 -0.243835 -0.68638 -0.691257 -0.225934 -0.622065 -0.617828 -0.480961 -0.663014 -0.441273 -0.604723 -0.671341 -0.527284 -0.520838 -0.644814 -0.618731 -0.448763 -0.406255 -0.52811 -0.745692 -0.799232 -0.316735 -0.510791 -0.385784 -0.891228 -0.238504 -0.812866 -0.581649 -0.0305371 -0.476377 -0.464685 -0.746413 -0.585526 -0.794643 -0.160315 -0.637235 -0.558238 -0.53132 -0.688669 -0.70987 -0.147715 -0.850593 -0.31239 -0.422972 -0.768667 -0.468868 -0.435103 -0.840994 -0.459704 -0.285308 -0.844111 -0.511668 -0.160226 -0.911531 -0.349621 -0.21651 -0.998258 -0.0568963 -0.0155885 -0.88365 -0.317746 -0.343801 -0.844043 -0.280912 -0.456816 -0.839183 -0.366609 -0.401708 -0.934429 -0.351237 -0.058948 -0.924725 -0.307201 -0.224748 -0.83139 -0.184034 -0.524329 -0.938215 -0.319337 0.133329 -0.844386 -0.346897 0.408259 -0.88182 -0.220774 -0.416716 -0.808082 -0.31019 -0.500785 -0.986081 -0.100551 -0.132415 -0.816442 -0.491584 0.302932 -0.884018 -0.466898 0.0227784 -0.869801 -0.409245 -0.275618 -0.868824 -0.462862 -0.175795 -0.829539 -0.353321 0.432468 -0.893087 -0.350355 0.282218 -0.494279 -0.858565 -0.136218 -0.963818 -0.248932 0.0953321 -0.756674 -0.651524 0.0544111 -0.764833 -0.643432 0.0320247 -0.812847 -0.547447 0.198952 -0.978367 -0.188716 0.0847644 -0.948748 -0.253139 0.189203 -0.822882 -0.454911 0.340472 -0.629965 -0.593027 0.501461 -0.405657 -0.780356 0.475906 -0.648948 -0.595183 0.473944 -0.948866 -0.299869 0.0986544 -0.891126 -0.408457 0.197631 -0.454212 -0.565866 0.688104 -0.71945 -0.295585 0.628507 -0.597104 -0.544424 0.589126 -0.969428 -0.243793 0.0278364 -0.9686 -0.105384 0.225185 -0.273824 -0.266394 0.924151 -0.570006 -0.608756 0.551823 -0.810635 -0.157624 0.563938 -0.512144 -0.540684 0.66736 -0.372905 -0.512684 0.773368 -0.610629 -0.342724 0.713914 -0.647692 -0.411266 0.64137 -0.493884 -0.47848 0.726041 -0.833751 -0.322545 0.448135 -0.0635183 -0.495892 0.866058 -0.835879 -0.457192 0.303779 0.0292712 -0.519918 0.853715 -0.582952 -0.397037 0.708893 -0.763108 -0.410643 0.499038 -0.750596 -0.346367 0.562703 -0.283074 -0.509768 0.812407 -0.572902 -0.420631 0.703458 -0.308449 -0.681318 0.663826 0.0166175 -0.536901 0.843481 0.0402211 -0.231097 0.972099 -0.665452 -0.159121 0.729283 -0.503476 -0.370418 0.780578 -0.608858 -0.236073 0.757338 -0.836453 -0.108308 0.53723 0.164408 -0.764296 0.623556 -0.0616962 -0.667026 0.742475 0.1196 -0.832701 0.540652 -0.537283 -0.459879 0.706992 -0.551589 -0.506818 0.662484 -0.553811 -0.248132 0.794811 -0.097984 -0.594557 0.798061 -0.524481 -0.102885 0.845183 -0.178805 -0.197968 0.963762 0.115908 -0.196999 0.973528 -0.45461 -0.103539 0.884652 -0.179109 -0.144734 0.973125 -0.101454 -0.208228 0.972804 -0.28309 -0.258067 0.923722 -0.469047 0.0690849 0.880467 -0.0734153 -0.312793 0.94698 -0.271807 -0.140756 0.952003 -0.116635 -0.0611675 0.991289 -0.0576377 -0.0352836 0.997714 -0.581688 -0.289302 0.760226 -0.247157 -0.0778154 0.965846 -0.272031 0.0881948 0.958238 -0.224807 -0.0956297 0.969699 0.188317 -0.128006 0.973731 -0.0642838 -0.0615608 0.996031 -0.257296 -0.175054 0.950345 -0.348687 0.185914 0.918615 -0.144729 0.0392925 0.988691 -0.147102 0.0704064 0.986612 -0.103829 0.0165556 0.994457 0.317917 -0.0222854 0.947857 -0.0975771 -0.149147 0.983989 -0.291103 -0.13051 0.947748 -0.557791 -0.379398 0.738191 -0.647195 -0.0209875 0.762035 -0.128431 -0.247651 0.960299 -0.3288 -0.21514 0.919568 -0.417831 -0.0028888 0.90852 -0.0186387 -0.29339 0.955811 -0.662861 0.0167828 0.748555 0.199541 0.222992 0.954179 -0.0456943 -0.282424 0.958201 -0.112777 -0.777469 0.618727 -0.214072 -0.764326 0.608258 -0.288346 -0.184255 0.939631 0.0557178 -0.718478 0.693314 0.0600687 0.150836 0.986732 -0.378361 -0.567196 0.731527 0.1405 -0.788522 0.598742 0.334556 -0.0855967 0.93848 0.25098 -0.0931242 0.963503 0.153255 -0.879802 0.449958 -0.0957193 0.122389 0.987856 -0.217702 -0.852394 0.475427 -0.196289 -0.899781 0.389699 0.0755483 -0.222741 0.971946 -0.211807 -0.675794 0.706003 -0.0322842 -0.773455 0.633029 0.150137 -0.640266 0.753338 -0.505697 -0.716899 0.479923 -0.586515 -0.591314 0.553487 -0.21722 -0.303122 0.927865 -0.233156 -0.617248 0.751427 0.193632 -0.488892 0.850583 -0.048527 -0.0648876 0.996712 -0.091937 -0.130854 0.98713 0.102225 -0.0194886 0.99457 0.0232965 -0.199546 0.979612 0.63587 -0.156534 -0.755755 0.721034 -0.0894358 -0.687104 0.461377 -0.0217618 -0.886937 0.629474 -0.125105 -0.766884 0.587213 0.0417057 -0.808357 0.715225 -0.422658 -0.556608 0.745681 -0.0724732 -0.66235 0.873851 -0.407557 -0.265107 0.932746 -0.274697 -0.233508 0.60619 -0.289302 -0.740836 0.937437 -0.298958 -0.178424 0.957188 -0.255407 -0.136233 0.884255 -0.374384 -0.27916 0.90254 -0.316687 -0.291773 0.825923 -0.530464 0.190942 0.951328 -0.307848 0.0143235 0.892695 -0.360001 0.271101 0.553944 -0.479154 -0.680851 0.833978 -0.542615 0.100251 0.894287 -0.447076 0.0193183 0.875988 -0.48227 -0.0078201 0.373106 -0.819563 -0.434866 0.32649 -0.635234 -0.699916 0.871781 -0.343831 -0.348966 -0.0691247 -0.73824 -0.670986 0.36633 -0.8021 -0.471634 0.629592 -0.509341 -0.586673 0.855851 -0.358235 0.373076 0.632602 -0.770202 0.0812684 -0.0602078 -0.542564 -0.837854 0.205634 -0.430556 -0.878827 0.0680267 -0.595654 -0.800355 0.90486 -0.400329 0.144792 0.914211 -0.39901 0.0707725 0.937855 -0.188592 0.291308 0.0333926 -0.0754628 -0.996589 -0.0311736 -0.487297 -0.87268 -0.366863 -0.0563754 -0.928565 0.524497 -0.179325 -0.832313 0.67366 -0.0032875 -0.739034 -0.602881 -0.615148 -0.508063 0.861769 -0.483394 0.153896 0.904109 -0.34662 0.249885 0.910315 -0.0819484 -0.405722 0.825532 -0.555883 -0.0974273 -0.249038 -0.710676 -0.657966 0.786769 -0.338905 0.515886 0.161852 -0.853315 -0.495639 0.88766 -0.208504 -0.410592 0.851255 -0.128811 -0.508696 0.86132 -0.0051215 -0.508037 0.81147 -0.009371 -0.584319 0.999569 0.0293574 0.0001466 0.860085 -0.138342 -0.491034 0.999011 -0.0444493 -0.0014707 0.982588 -0.0325494 -0.182926 0.981398 0.00799 0.191821 0.96842 -0.117245 -0.220038 0.96853 -0.248725 0.0092926 0.91508 -0.351602 -0.197498 0.987747 -0.153826 0.0263305 0.985995 -0.0826948 -0.14483 0.988332 -0.149061 0.0313177 0.902065 -0.364338 -0.231381 0.996159 -0.0846815 -0.0222719 0.962911 -0.25989 -0.0725257 0.921603 -0.135651 -0.363658 0.927177 -0.221626 -0.302034 0.853673 -0.200134 -0.480822 0.964206 -0.0302085 0.263427 0.947791 -0.143081 -0.284992 0.962819 -0.121336 -0.241366 0.94423 -0.277953 0.176555 0.656903 -0.515975 0.549771 0.108871 -0.200404 0.973645 -0.17388 0.0894635 -0.980695 -0.149738 -0.470073 -0.869833 -0.189718 -0.435465 -0.879987 -0.146473 -0.475729 -0.86731 -0.221142 -0.39596 -0.891242 -0.283675 -0.493861 -0.821967 -0.0362311 -0.411416 -0.910727 -0.199833 -0.520937 -0.829874 -0.240597 -0.807203 -0.539014 -0.235968 -0.394435 -0.888111 -0.382349 -0.804765 -0.454051 -0.436109 -0.866332 -0.24347 -0.406763 -0.785407 -0.466562 -0.514914 -0.808793 -0.284109 -0.39009 -0.839494 -0.37826 -0.498325 -0.783202 -0.371843 -0.321535 -0.823164 -0.467991 -0.576291 -0.773327 -0.2643 -0.356548 -0.668781 -0.652385 -0.523693 -0.692114 -0.496713 -0.387915 -0.771837 -0.503775 -0.407593 -0.443868 -0.798028 -0.351212 -0.503519 -0.789378 -0.309098 -0.70447 -0.63889 -0.396587 -0.465832 -0.791025 -0.435003 -0.534964 -0.724283 -0.328223 -0.77366 -0.541959 -0.521732 -0.601554 -0.60492 -0.319891 -0.742783 -0.588169 -0.536593 -0.675467 -0.505778 -0.322112 -0.653433 -0.685033 -0.3687 -0.901615 -0.226165 -0.675317 -0.592553 -0.439121 -0.616229 -0.59476 -0.516258 -0.44578 -0.884692 -0.136383 -0.669846 -0.737396 0.0869039 -0.599157 -0.777975 -0.189117 -0.519959 -0.62064 -0.586898 -0.39781 -0.914765 0.0703733 -0.799041 -0.57643 -0.171061 -0.570374 -0.817537 0.0794213 -0.578019 -0.797516 0.172808 -0.591424 -0.805494 -0.0373687 -0.819106 -0.549342 -0.165193 -0.458615 -0.887959 0.0346432 -0.753804 -0.612734 0.237352 -0.281227 -0.930257 0.235653 -0.75377 -0.63265 0.177721 -0.584069 -0.810957 0.0348208 -0.839796 -0.530442 0.115646 -0.584293 -0.70696 0.398508 -0.487049 -0.836874 0.249849 -0.656477 -0.738826 0.152231 -0.595737 -0.718528 0.358908 -0.350611 -0.936455 -0.0110926 -0.740767 -0.555234 0.378125 -0.492627 -0.762256 0.419863 -0.263835 -0.797518 0.542545 -0.555384 -0.826026 0.0960706 -0.600514 -0.795949 0.0764757 -0.717518 -0.238953 0.65427 0.0586852 -0.820932 0.568003 -0.383424 -0.896109 0.223549 -0.186828 -0.900631 0.392375 0.0037733 -0.912776 0.408442 -0.547892 -0.66474 0.507874 -0.421334 -0.497818 0.75806 -0.0365663 -0.369757 0.928409 0.217775 -0.446011 0.868129 0.184602 -0.0827861 0.979321 -0.236302 -0.144933 0.96081 -0.568219 -0.658377 -0.493626 0.497783 -0.374553 -0.782254 0.0747052 -0.579397 -0.811615 -0.643463 -0.708117 -0.290734 0.653256 -0.369968 -0.660591 -0.732603 -0.577122 -0.360865 -0.348318 -0.6942 -0.629889 0.918932 -0.202669 -0.338363 0.583283 -0.39623 -0.709072 0.0062845 -0.761294 -0.648377 -0.530366 -0.562757 -0.634048 0.914953 -0.289008 -0.281667 0.308836 -0.84158 -0.443129 -0.275927 -0.594687 -0.755124 0.404162 -0.910451 0.087932 0.99732 0.0348945 -0.0643079 0.178253 -0.653781 -0.735388 -0.641872 -0.456118 -0.616406 -0.456822 -0.529711 -0.714647 -0.302337 -0.441837 -0.844614 0.997332 0.0460668 -0.0566233 -0.592064 -0.593157 -0.54555 -0.703562 -0.466306 -0.536245 0.992348 -0.0252536 -0.120866 0.0773446 -0.941158 -0.328998 0.685581 -0.68733 0.239908 0.993969 0.102835 -0.0380804 -0.394255 -0.0625905 -0.916867 0.144501 -0.689678 -0.709551 0.202896 -0.759081 -0.61857 -0.115242 0.122802 -0.985717 0.550003 -0.829518 -0.0969308 0.630651 -0.766346 0.122446 0.388146 -0.822822 0.415099 -0.467999 -0.0809181 -0.880016 -0.486978 0.0271457 -0.872992 0.514216 -0.624813 0.587529 0.79824 -0.520043 0.303921 0.535553 -0.647937 0.541628 0.896499 -0.219537 0.38483 0.432736 -0.733501 0.524133 0.275755 -0.622033 0.732826 0.927736 0.216722 0.303871 0.354814 -0.633704 0.687405 0.205289 -0.742073 0.638109 -0.0215071 -0.526332 0.850007 -0.23952 -0.532623 0.811753 0.540791 -0.447482 0.712253 0.232567 -0.632949 0.738436 0.932843 -0.207934 0.294223 -0.226006 -0.0650744 0.97195 -0.505486 -0.0582677 0.860865 0.399404 -0.519084 0.755664 0.352 -0.464573 0.812569 0.532587 -0.44045 0.722741 0.247286 -0.405566 0.879981 0.425127 -0.330616 0.842591 0.0469335 -0.122194 0.991396 0.855833 -0.432883 0.283127 -0.391315 -0.51951 0.759594 -0.420269 -0.774434 0.472891 -0.967879 -0.226605 -0.108905 0.224438 -0.84392 0.487265 -0.835558 -0.474526 0.276891 0.567402 -0.823003 -0.0268726 0.934778 -0.165145 -0.314512 0.979697 -0.187301 -0.0714966 0.725072 -0.410843 -0.552702 0.114142 -0.981356 -0.154633 0.811329 -0.566848 0.142928 -0.0553847 -0.987945 0.14456 0.966217 -0.160717 0.201482 0.221585 -0.690977 0.688078 0.103604 -0.70289 0.703713 0.0685314 -0.350591 0.934018 0.583684 -0.225504 0.780039 0.137945 -0.447764 0.883447 0.386865 -0.0148024 0.922017 0.041992 -0.09616 0.99448 0.0906248 -0.0226481 0.995628 0.063264 -0.0604578 0.996164 0.0962522 -0.0313464 0.994863 -0.910719 -0.303013 0.280667 -0.19758 -0.268348 0.942842 -0.644908 -0.306276 0.700206 -0.262158 -0.22493 0.938445 -0.363462 -0.34677 0.864665 0.731349 -0.361552 0.578282 -0.459826 -0.544752 0.701288 -0.741287 -0.272211 0.61351 0.0589714 -0.434381 0.898797 -0.506549 -0.584108 0.634212 -0.316902 -0.278469 0.906658 -0.463269 -0.427973 0.776029 0.42867 -0.32195 0.844151 0.0369166 -0.209797 0.977048 0.912048 -0.034309 0.408646 -0.614913 -0.438092 0.655712 0.119559 -0.262266 0.95756 0.188238 -0.278959 0.941673 0.0248993 -0.0916689 0.995478 0.241574 0.0279026 0.969981 -0.0264272 -0.18136 0.983062 -0.0303532 -0.112607 0.993176 -0.102788 -0.0081352 0.99467 -0.235526 -0.307967 0.921783 0.187183 -0.0793969 0.979111 0.421926 0.0235967 0.906323 -0.0069078 -0.0236296 0.999697 0.0305948 -0.0128198 0.99945 0.22416 -0.0657665 0.972331 -0.126672 -0.083871 0.988393 0.249098 -0.0798792 0.965178 0.222226 -0.0005756 0.974995 0.0691239 -0.0780947 0.994547 0.0889816 0.0335893 0.995467 0.0841513 0.0297317 0.996009 0.074175 -0.107544 0.991429 -0.0320406 -0.224003 0.974062 -0.65551 -0.140985 0.741909 0.899986 -0.249263 0.357621 0.960411 -0.268072 0.0758204 0.89742 -0.223333 0.380472 0.602684 0.217738 -0.7677 0.367375 -0.716694 -0.592778 0.431294 -0.549946 0.715223 0.56826 0.178081 0.803348 -0.660093 -0.704578 -0.260474 0.587719 -0.0016364 0.809064 0.523734 -0.30538 0.795265 -0.991138 -0.0752343 -0.109482 -0.400797 -0.334527 -0.852909 -0.664539 0.476349 -0.575743 -0.2385 -0.460706 -0.854908 0.0009637 -0.882536 -0.470243 -0.388359 -0.911158 0.137728 -0.143021 -0.511163 0.847501 -0.171416 -0.446147 0.87839 -0.72469 -0.51707 0.455481 -0.137809 0.0901812 0.986345 -0.932194 0.168158 0.320526 -0.836312 -0.245895 0.490018"/>
    <TextureCoordinate point="0.172635 0.770183 0.173294 0.763332 0.174831 0.771223 0.180116 0.772225 0.190059 0.747451 0.192657 0.766103 0.184618 0.754254 0.176127 0.751634 0.175573 0.743872 0.173797 0.780693 0.179567 0.759004 0.184534 0.735987 0.226693 0.731505 0.222845 0.747037 0.217929 0.745069 0.204854 0.764869 0.215801 0.775716 0.198804 0.773619 0.231526 0.755759 0.240202 0.749629 0.171074 0.758267 0.221102 0.757668 0.211803 0.713784 0.224976 0.711703 0.217732 0.722462 0.169368 0.752637 0.222376 0.76844 0.206157 0.726496 0.193041 0.714277 0.201094 0.712964 0.219006 0.735118 0.19939 0.73025 0.201915 0.70332 0.177409 0.78451 0.194776 0.733596 0.195256 0.72427 0.207564 0.753053 0.211262 0.764544 0.169053 0.766422 0.198163 0.694677 0.192357 0.707409 0.171867 0.736932 0.168144 0.74513 0.193695 0.740314 0.207486 0.739898 0.198148 0.751147 0.185442 0.729608 0.184713 0.718183 0.177467 0.729538 0.179246 0.736896 0.189615 0.774366 0.183983 0.763884 0.242742 0.76606 0.252501 0.775032 0.237653 0.775059 0.217447 0.80877 0.206911 0.791151 0.219103 0.797434 0.248477 0.75166 0.239952 0.738915 0.235228 0.719625 0.227344 0.721001 0.232238 0.769115 0.199756 0.791734 0.192925 0.782302 0.240734 0.720608 0.184039 0.709895 0.169234 0.776535 0.166033 0.773809 0.196204 0.799465 0.183099 0.789318 0.168214 0.735601 0.236755 0.795077 0.224565 0.786025 0.186591 0.800402 0.226633 0.685765 0.215835 0.693522 0.218874 0.683519 0.21675 0.790074 0.209164 0.68847 0.174224 0.802263 0.208461 0.682362 0.227644 0.700185 0.222452 0.704501 0.175874 0.715561 0.213326 0.699466 0.204023 0.694151 0.170344 0.722727 0.172573 0.705797 0.26088 0.755777 0.273367 0.762111 0.260205 0.768421 0.242367 0.785306 0.249855 0.721837 0.261577 0.720808 0.262074 0.728871 0.187613 0.777761 0.251703 0.763546 0.229276 0.794268 0.186596 0.696627 0.267577 0.74093 0.249994 0.735548 0.249706 0.691138 0.244743 0.699382 0.241222 0.686531 0.202609 0.816852 0.188905 0.810945 0.252335 0.713993 0.238507 0.679781 0.231739 0.677009 0.249952 0.728504 0.223553 0.667102 0.228829 0.671863 0.221845 0.6769 0.242795 0.707701 0.250739 0.704576 0.211066 0.695954 0.231383 0.705854 0.204319 0.800156 0.212725 0.818988 0.172245 0.79071 0.240063 0.694991 0.252783 0.784845 0.19325 0.821308 0.203965 0.828997 0.216882 0.676094 0.247534 0.67466 0.256369 0.678341 0.280612 0.729337 0.277031 0.742394 0.201131 0.68795 0.268623 0.715056 0.227058 0.829382 0.234575 0.82498 0.261677 0.705297 0.211268 0.839057 0.241412 0.798744 0.251201 0.81495 0.237923 0.812149 0.200548 0.848872 0.266448 0.786302 0.24371 0.65687 0.255632 0.665652 0.243754 0.668634 0.232217 0.649044 0.234844 0.658535 0.257674 0.685193 0.270576 0.748614 0.236695 0.666126 0.257977 0.694113 0.233027 0.663719 0.291492 0.819287 0.273236 0.814416 0.276572 0.801433 0.188116 0.692349 0.25025 0.837187 0.242977 0.844422 0.238568 0.648002 0.282897 0.791068 0.280045 0.681083 0.290498 0.686345 0.280766 0.693366 0.274472 0.773989 0.163315 0.727349 0.165371 0.718922 0.285456 0.736987 0.305175 0.746614 0.288682 0.752194 0.274711 0.685423 0.164057 0.757239 0.226943 0.659118 0.296878 0.763497 0.284948 0.774301 0.285482 0.758982 0.168916 0.786437 0.264546 0.797096 0.263544 0.674658 0.274726 0.677064 0.276376 0.712649 0.27184 0.691436 0.265266 0.698388 0.195328 0.682761 0.279814 0.657036 0.282573 0.664873 0.274716 0.661608 0.27742 0.669859 0.272166 0.659393 0.260955 0.657795 0.269826 0.652111 0.316631 0.736225 0.305364 0.729744 0.317312 0.725861 0.229263 0.834137 0.235113 0.84891 0.266132 0.642688 0.296844 0.718479 0.293457 0.729656 0.254073 0.650441 0.161814 0.741294 0.166094 0.708062 0.276147 0.82308 0.297047 0.683578 0.30613 0.693852 0.311024 0.757059 0.288155 0.698932 0.218406 0.842979 0.294498 0.701423 0.219264 0.665244 0.288561 0.806355 0.165548 0.779369 0.160984 0.77409 0.310988 0.766805 0.207439 0.670639 0.264325 0.813109 0.160089 0.76973 0.249253 0.653267 0.210937 0.851377 0.306058 0.775207 0.302981 0.791618 0.283321 0.703642 0.300569 0.71239 0.29584 0.705837 0.288528 0.72118 0.272251 0.840851 0.259989 0.829092 0.156774 0.748094 0.225243 0.650472 0.287422 0.660026 0.311259 0.714374 0.283643 0.670677 0.290503 0.668185 0.308535 0.680668 0.294393 0.67633 0.303102 0.672064 0.254661 0.849495 0.299416 0.662658 0.310118 0.737194 0.322009 0.701504 0.307637 0.704648 0.198926 0.671772 0.273408 0.669601 0.290428 0.679695 0.271654 0.663841 0.293647 0.681617 0.302611 0.800466 0.177185 0.694792 0.171096 0.697551 0.322458 0.713217 0.249903 0.646089 0.332333 0.740272 0.236667 0.640017 0.322663 0.761122 0.324731 0.770315 0.24069 0.632267 0.312394 0.74446 0.320169 0.797604 0.32345 0.779003 0.284727 0.837372 0.291084 0.658713 0.310639 0.810831 0.310604 0.672836 0.312115 0.690275 0.193494 0.677516 0.184212 0.686076 0.314254 0.776478 0.34218 0.784052 0.288178 0.653193 0.281642 0.649459 0.287866 0.644217 0.259618 0.642779 0.255651 0.636868 0.335728 0.71449 0.155345 0.718492 0.279389 0.651856 0.301185 0.828788 0.331024 0.721578 0.329592 0.750235 0.317877 0.680315 0.326174 0.685175 0.321846 0.694984 0.34511 0.792821 0.316237 0.842294 0.150156 0.699142 0.157999 0.700126 0.149388 0.708829 0.343743 0.818475 0.332993 0.825161 0.138928 0.690017 0.13589 0.694243 0.296373 0.655574 0.300134 0.648429 0.308767 0.661691 0.289577 0.648515 0.227914 0.643436 0.210838 0.655081 0.305773 0.667445 0.338178 0.705051 0.295868 0.661215 0.208645 0.662616 0.19959 0.669141 0.190852 0.680017 0.195783 0.67236 0.274165 0.648766 0.270523 0.64507 0.153702 0.727939 0.34517 0.775356 0.138329 0.708639 0.292226 0.651816 0.322505 0.676065 0.330413 0.691107 0.355108 0.720208 0.341288 0.727149 0.221234 0.649493 0.123933 0.702009 0.121581 0.70607 0.113891 0.695539 0.330645 0.69768 0.109347 0.72122 0.123972 0.684637 0.341216 0.742341 0.110318 0.735641 0.112868 0.74145 0.101176 0.736521 0.0940144 0.723554 0.341821 0.756523 0.148381 0.725417 0.144233 0.720831 0.099604 0.704675 0.15714 0.76178 0.0814356 0.714163 0.324499 0.656895 0.320429 0.648977 0.348811 0.73072 0.35578 0.750383 0.314955 0.645391 0.349617 0.834337 0.155496 0.736111 0.10614 0.694378 0.105977 0.747686 0.351529 0.762334 0.344063 0.683932 0.352132 0.697445 0.334954 0.693221 0.145769 0.733536 0.334313 0.676273 0.344917 0.700643 0.118502 0.742333 0.150767 0.692995 0.328326 0.672489 0.318313 0.667155 0.201596 0.66347 0.128652 0.723376 0.192829 0.671453 0.110447 0.684891 0.195765 0.668041 0.334743 0.652349 0.173591 0.687942 0.16172 0.692572 0.317985 0.640266 0.0808416 0.696599 0.0824821 0.706159 0.3365 0.668785 0.293133 0.647506 0.134714 0.735642 0.074762 0.702148 0.224318 0.642367 0.295617 0.648392 0.13621 0.742187 0.149103 0.745713 0.335546 0.64849 0.135474 0.751601 0.156412 0.689626 0.153095 0.755027 0.342307 0.652392 0.347438 0.668544 0.34108 0.67739 0.210657 0.649267 0.202945 0.656596 0.123279 0.67823 0.186753 0.673274 0.183233 0.677115 0.0958323 0.685579 0.169429 0.687464 0.355722 0.678171 0.145413 0.752512 0.130591 0.754455 0.147047 0.687587 0.217675 0.642056 0.198857 0.657617 0.193369 0.664714 0.140349 0.683461 0.294224 0.647806 0.0825177 0.680642 0.0588602 0.693095 0.179196 0.680198 0.196026 0.656457 0.178491 0.67428 0.170775 0.672415 0.152149 0.760309 0.184096 0.67148 0.153098 0.767638 0.139951 0.760936 0.196611 0.650732 0.158991 0.681302 0.150565 0.6737 0.164835 0.659981 0.350675 0.647715 0.160391 0.658075 0.152751 0.662467 0.134368 0.671445 0.102127 0.669025 0.171173 0.653335 0.149566 0.760683 0.202539 0.646633 0.127253 0.75799 0.135539 0.764897 0.188762 0.659796 0.148344 0.660116 0.122335 0.672844 0.177148 0.662495 0.0664205 0.675257 0.15644 0.65472 0.15226 0.764448 0.215177 0.638236 0.20995 0.639245 0.129686 0.667849 0.125214 0.666161 0.179406 0.653178 0.163863 0.650424 0.0483461 0.686903 0.145211 0.76083 0.207018 0.637088 0.127382 0.763674 0.188142 0.662955 0.184476 0.646022 0.190464 0.655144 0.0911423 0.659294 0.184237 0.667828 0.1774 0.641477 0.169148 0.640516 0.198117 0.637453 0.192434 0.644391 0.144682 0.651036 0.133902 0.656284 0.187804 0.640188 0.100976 0.659828 0.119031 0.658816 0.0763489 0.662035 0.145297 0.763734 0.195515 0.636203 0.161024 0.645026 0.199253 0.63509 0.129057 0.650749 0.181672 0.636426 0.148716 0.643325 0.191312 0.635404 0.176746 0.631373 0.162406 0.639221 0.157514 0.641069 0.197461 0.628979 0.19084 0.633771 0.0479849 0.661063 0.184164 0.631784 0.149452 0.762269 0.189481 0.629268 0.102144 0.648364 0.202822 0.633531 0.163412 0.631525 0.13261 0.642891 0.116629 0.646182 0.0866535 0.652653 0.153031 0.63685 0.140819 0.768144 0.140071 0.636636 0.0922649 0.641224 0.182559 0.626988 0.12102 0.633656 0.0689729 0.644678 0.176807 0.626927 0.107511 0.63689 0.189942 0.620838 0.14577 0.630359 0.137515 0.631329 0.0566853 0.645704 0.0273627 0.64706 0.185479 0.618718 0.153174 0.626968 0.0865719 0.634394 0.180225 0.623423 0.16367 0.623358 0.127851 0.628214 0.0445974 0.629683 0 0.624784 0.168904 0.621828 0.0718609 0.631838 0.0364258 0.618912 0.144271 0.623438 0.134128 0.622986 0.108123 0.626998 0.0961271 0.61876 0.0830818 0.622863 0.0597394 0.621635 0.11552 0.622551 0.15852 0.61951 0.0420226 0.612166 0.174883 0.613628 0.165601 0.616202 0.146716 0.616283 0.120349 0.617869 0.0769999 0.601386 0.138377 0.618021 0.0608028 0.604559 0.0876763 0.601421 0.181713 0.61021 0.125348 0.612275 0.151334 0.612676 0.108188 0.606247 0.141355 0.612496 0.12034 0.606052 0.171891 0.604185 0.145825 0.606555 0.137055 0.60884 0.159798 0.60417 0.129735 0.604525 0.115625 0.593405 0.146035 0.600536 0.132108 0.594689 0.156505 0.60002 0.1619 0.597138 0.150708 0.592773 0.149347 0.0940579 0.149195 0.079566 0.16356 0.0828014 0.130533 0.108459 0.140072 0.103359 0.139905 0.111326 0.140599 0.135186 0.151523 0.120863 0.151281 0.136508 0.157961 0.129175 0.168524 0.137447 0.16913 0.146394 0.160761 0.144242 0.127098 0.102709 0.134351 0.0979296 0.161511 0.075743 0.177917 0.128336 0.177577 0.114607 0.189597 0.125169 0.143564 0.122453 0.162474 0.110147 0.14729 0.115649 0.138203 0.0887076 0.164123 0.089273 0.166609 0.119228 0.152116 0.106858 0.159468 0.0999902 0.174967 0.0918483 0.181228 0.105471 0.184552 0.140158 0.133587 0.0826316 0.140611 0.0759873 0.194802 0.108738 0.184739 0.148862 0.199809 0.139444 0.12727 0.0935663 0.196035 0.118882 0.196089 0.151921 0.179989 0.0748655 0.208865 0.132303 0.190325 0.0833777 0.198236 0.0811186 0.188762 0.100102 0.121821 0.115157 0.163412 0.155602 0.171798 0.157712 0.182286 0.163631 0.208266 0.0961705 0.204991 0.109507 0.182565 0.0589425 0.130635 0.125509 0.167483 0.169846 0.161889 0.164893 0.204979 0.121108 0.218553 0.12198 0.197356 0.15764 0.191942 0.170341 0.150012 0.0483846 0.161434 0.0509193 0.158065 0.059391 0.217549 0.133297 0.183296 0.179828 0.186981 0.173672 0.200604 0.181113 0.126822 0.130135 0.166558 0.182696 0.180338 0.186231 0.172813 0.190309 0.142663 0.140981 0.135339 0.054702 0.145579 0.0594184 0.201143 0.0887444 0.130189 0.0646787 0.193459 0.0927823 0.202566 0.0662655 0.164369 0.0596333 0.210572 0.0575991 0.217379 0.066846 0.215387 0.110138 0.204797 0.0736964 0.118381 0.103601 0.122322 0.126524 0.174081 0.175698 0.16742 0.176294 0.134762 0.0414247 0.212467 0.0835156 0.220727 0.0915325 0.229858 0.105558 0.229199 0.122958 0.226939 0.0805027 0.236835 0.0639202 0.132344 0.142951 0.202028 0.164017 0.212094 0.162169 0.20338 0.149406 0.210029 0.14751 0.206444 0.0412884 0.217681 0.0504339 0.219739 0.139932 0.216953 0.148739 0.228636 0.142298 0.221881 0.168184 0.242092 0.152194 0.215043 0.172046 0.191364 0.192233 0.208335 0.184434 0.18293 0.202481 0.205711 0.167394 0.152646 0.0325683 0.160679 0.0306907 0.225749 0.128959 0.241374 0.127495 0.239483 0.142782 0.211076 0.178811 0.223818 0.18136 0.217947 0.187221 0.154098 0.150124 0.239767 0.0810888 0.259103 0.136396 0.174998 0.0456719 0.199816 0.196972 0.121682 0.095806 0.194421 0.0269591 0.192799 0.0397032 0.160522 0.18789 0.24445 0.092197 0.24691 0.105929 0.199244 0.171689 0.220978 0.0239061 0.226531 0.0350106 0.246795 0.162106 0.124821 0.0899326 0.220349 0.0588353 0.238959 0.170591 0.121545 0.131815 0.264438 0.125769 0.232161 0.0195398 0.236886 0.0370919 0.246655 0.0646244 0.136265 0.152621 0.261162 0.029492 0.248756 0.045955 0.244535 0.115539 0.263509 0.0837834 0.25911 0.0973574 0.163684 0.024477 0.176121 0.0286993 0.234286 0.0887089 0.149467 0.153403 0.158079 0.158448 0.160192 0.176962 0.258052 0.145489 0.193325 0.201359 0.255997 0.157711 0.147625 0.0230345 0.212247 0.0247373 0.181951 0.207232 0.227412 0.0422419 0.240926 0.0564332 0.227496 0.0540819 0.278747 0.0930845 0.286857 0.0716291 0.260666 0.0579366 0.144725 0.161803 0.235117 0.184534 0.224316 0.195938 0.157032 0.167654 0.275684 0.120436 0.287608 0.114558 0.255672 0.106685 0.230427 0.198631 0.235385 0.193966 0.214226 0.206776 0.215008 0.198106 0.252048 0.116046 0.233031 0.175598 0.199059 0.206881 0.212036 0.193839 0.206313 0.2124 0.260549 0.16564 0.204669 0.175219 0.243694 0.175276 0.189028 0.2134 0.197589 0.220072 0.24627 0.178026 0.247094 0.184748 0.241311 0.190495 0.124707 0.147993 0.271787 0.0178611 0.284825 0.0257999 0.270429 0.0372848 0.295213 0.0425051 0.30303 0.0619988 0.181485 0.217491 0.263023 0.0415299 0.286866 0.0829936 0.277871 0.0470843 0.307227 0.099498 0.294856 0.111644 0.140408 0.167754 0.281264 0.153353 0.150974 0.166763 0.227672 0.201773 0.157553 0.181722 0.286856 0.162958 0.20705 0.174334 0.255634 0.17027 0.170283 0.198928 0.225188 0.213059 0.218253 0.21911 0.265901 0.175993 0.271669 0.129565 0.237327 0.205228 0.244135 0.0135879 0.255679 0.185727 0.22933 0.2221 0.269954 0.147776 0.28338 0.143524 0.247917 0.189594 0.202338 0.214725 0.292956 0.126388 0.188978 0.221368 0.113436 0.117399 0.11987 0.143171 0.116755 0.134555 0.195968 0.226512 0.182174 0.222491 0.178588 0.232046 0.189754 0.230606 0.117487 0.127126 0.204966 0.173299 0.298574 0.0825906 0.120266 0.154615 0.209493 0.224991 0.130586 0.157577 0.312761 0.0840489 0.199706 0.231931 0.292035 0.156564 0.162463 0.209284 0.1853 0.234026 0.131576 0.168756 0.168248 0.222363 0.280875 0.0046035 0.205183 0.234914 0.288908 0.172372 0.145713 0.176994 0.240954 0.198985 0.241716 0.204902 0.301533 0.12879 0.295056 0.139457 0.30455 0.142652 0.242153 0.210082 0.151589 0.188993 0.247953 0.204873 0.238037 0.213423 0.278156 0.175549 0.31792 0.0517937 0.3085 0.0350643 0.216423 0.226137 0.266498 0.182199 0.250776 0.193407 0.244649 0.195585 0.180338 0.23759 0.319999 0.0687938 0.19489 0.237284 0.303879 0.160706 0.126808 0.174528 0.317826 0.0921985 0.339711 0.0704826 0.339404 0.0876824 0.141346 0.178352 0.329538 0.107809 0.148755 0.201954 0.153297 0.215261 0.312452 0.117004 0.187065 0.24337 0.304131 0.000182 0.325159 0.127761 0.314306 0.0173789 0.280762 0.188313 0.330715 0.0192573 0.265918 0.192744 0.23424 0.225461 0.225945 0.232083 0.289946 0.1934 0.286305 0.184239 0.27365 0.198151 0.0781207 0.178554 0.0731116 0.166089 0.0858106 0.168602 0.258769 0.198732 0.255194 0.192043 0.0643395 0.173772 0.235241 0.219158 0.260584 0.205311 0.25556 0.205651 0.165814 0.229189 0.264705 0.218534 0.257114 0.215816 0.144741 0.198418 0.326748 0.143738 0.317765 0.140324 0.182577 0.247098 0.257265 0.225746 0.243626 0.216313 0.113963 0.123172 0.194121 0.246016 0.0931288 0.161215 0.0843144 0.162972 0.333404 0.155657 0.112055 0.107497 0.242933 0.228842 0.224197 0.22424 0.311366 0.169646 0.218899 0.229409 0.117207 0.169298 0.111144 0.157547 0.0686588 0.188726 0.299554 0.172582 0.238502 0.230538 0.308056 0.188405 0.132462 0.185284 0.12701 0.17843 0.212883 0.234503 0.217511 0.237564 0.346041 0.0346441 0.3494 0.0575097 0.2928 0.179997 0.287324 0.17934 0.300018 0.192919 0.199526 0.241607 0.251708 0.212242 0.362864 0.0739671 0.365984 0.0906655 0.350735 0.102865 0.11272 0.190213 0.300633 0.204377 0.292244 0.204245 0.321556 0 0.175625 0.24201 0.175163 0.247386 0.137215 0.187383 0.175093 0.252468 0.138235 0.202591 0.278265 0.214243 0.272817 0.204261 0.285537 0.210842 0.333633 0.170169 0.324164 0.187647 0.269979 0.208705 0.0955715 0.167341 0.205215 0.244192 0.274349 0.220395 0.361267 0.0115921 0.366246 0.0306009 0.181754 0.257149 0.187602 0.253781 0.201417 0.254514 0.0948886 0.178701 0.31212 0.198345 0.194665 0.253579 0.370898 0.058269 0.131903 0.216498 0.0854036 0.17784 0.147442 0.224443 0.252147 0.232177 0.0548103 0.177309 0.234499 0.235182 0.0723716 0.193394 0.113597 0.145355 0.101292 0.170781 0.221203 0.244604 0.213073 0.24739 0.0851645 0.195636 0.0968583 0.160141 0.105358 0.161427 0.230002 0.239321 0.110585 0.167507 0.207254 0.250405 0.372797 0.100271 0.36679 0.117611 0.345253 0.138161 0.347207 0.150576 0.35164 0.160546 0.104488 0.179259 0.238078 0.239006 0.0881463 0.155733 0.0968077 0.155977 0.310318 0.209593 0.243754 0.238205 0.2546 0.239131 0.242783 0.243948 0.169441 0.235012 0.217096 0.247164 0.113626 0.180046 0.30387 0.217424 0.385073 0.124615 0.0782437 0.204224 0.284667 0.218913 0.302499 0.224605 0.167775 0.257828 0.174874 0.262458 0.0971378 0.210568 0.0774025 0.215532 0.168734 0.264749 0.0636597 0.20125 0.19016 0.250468 0.371266 0.148126 0.130781 0.198517 0.123716 0.210424 0.178883 0.256766 0.394069 0.0888465 0.0927841 0.218267 0.267265 0.223837 0.178917 0.259853 0.205131 0.174259 0.245431 0.234758 0.260741 0.231121 0.106229 0.195005 0.159111 0.232462 0.147273 0.229969 0.332305 0.197535 0.321234 0.198925 0.103026 0.202165 0.320681 0.209909 0.26275 0.237636 0.346495 0.20828 0.106575 0.150358 0.252482 0.246272 0.166326 0.261923 0.0680271 0.217731 0.31539 0.220297 0.231948 0.246151 0.190369 0.257086 0.185079 0.258468 0.1097 0.207297 0.309628 0.222997 0.244042 0.250216 0.183966 0.265148 0.394216 0.024488 0.341889 0.18656 0.273394 0.233267 0.179848 0.264416 0.289645 0.232322 0.209551 0.256493 0.226225 0.255164 0.218075 0.256427 0.0848679 0.229162 0.204156 0.259672 0.196411 0.259738 0.191212 0.264562 0.172737 0.242711 0.169084 0.24996 0.163594 0.256343 0.233106 0.251458 0.0967575 0.149505 0.226852 0.259768 0.178577 0.271064 0.325842 0.221605 0.108684 0.180906 0.2106 0.261023 0.218763 0.262908 0.0911846 0.226142 0.0914516 0.145688 0.0679797 0.228686 0.198171 0.264657 0.140949 0.227925 0.278748 0.232441 0.0587751 0.214999 0.140518 0.232623 0.147914 0.241769 0.285032 0.242126 0.24807 0.251612 0.236271 0.252376 0.213231 0.252629 0.258799 0.244911 0.262917 0.247971 0.272166 0.244552 0.167463 0.237543 0.16237 0.24117 0.106172 0.212366 0.116679 0.213105 0.159723 0.248716 0.0947841 0.146215 0.314657 0.225109 0.131114 0.225086 0.120981 0.216499 0.10897 0.121868 0.186122 0.273441 0.215665 0.265964 0.306287 0.231866 0.0754343 0.242091 0.0481795 0.18836 0.258189 0.249282 0.246827 0.255757 0.132699 0.230721 0.140211 0.241469 0.296947 0.237211 0.234907 0.259647 0.202375 0.264167 0.192826 0.269738 0.150774 0.251859 0.20794 0.262779 0.202066 0.26784 0.158744 0.26604 0.277608 0.24664 0.104056 0.116477 0.0545159 0.227785 0.267355 0.245295 0.262367 0.250609 0.276971 0.25211 0.222166 0.264973 0.088942 0.238716 0.316433 0.232406 0.240465 0.255105 0.107827 0.126808 0.105432 0.138673 0.330123 0.243516 0.312075 0.23863 0.303401 0.237532 0.0541023 0.204673 0.19767 0.269754 0.154683 0.257342 0.244015 0.2597 0.265491 0.257338 0.23755 0.261773 0.192854 0.277689 0.21076 0.265603 0.19867 0.27589 0.181338 0.27877 0.175536 0.278997 0.154312 0.262767 0.167603 0.269471 0.234353 0.264336 0.29751 0.246482 0.217935 0.269872 0.29089 0.253462 0.0624799 0.238928 0.220234 0.271873 0.22238 0.261321 0.254305 0.26105 0.211224 0.272671 0.277599 0.257063 0.104955 0.131259 0.202019 0.271144 0.100307 0.145552 0.186167 0.276664 0.185503 0.279436 0.102448 0.216322 0.302385 0.258177 0.213671 0.274231 0.238684 0.265646 0.251715 0.26801 0.203842 0.277339 0.198727 0.278635 0.0941968 0.231991 0.245965 0.271184 0.190115 0.280291 0.181294 0.281996 0.223161 0.273771 0.192074 0.282107 0.0467652 0.217694 0.129553 0.229211 0.143702 0.256202 0.20531 0.274277 0.258599 0.26647 0.198935 0.283488 0.206458 0.278911 0.279414 0.260612 0.267499 0.26648 0.213846 0.278609 0.22828 0.276254 0.235634 0.274688 0.185806 0.282532 0.185547 0.285145 0.189115 0.286943 0.225118 0.276185 0.278717 0.26617 0.272842 0.268891 0.211725 0.284199 0.101229 0.141383 0.221161 0.282862 0.0434664 0.195409 0.210376 0.282008 0.0448397 0.206069 0.200167 0.287336 0.103062 0.127502 0.0787593 0.249074 0.131621 0.238975 0.263669 0.270555 0.117658 0.224025 0.250561 0.271567 0.255532 0.272472 0.196277 0.287516 0.276509 0.268082 0.234495 0.278072 0.241918 0.276349 0.231647 0.279454 0.121039 0.225449 0.0962304 0.143153 0.065391 0.257027 0.0461258 0.232616 0.0554097 0.238632 0.209451 0.290446 0.212977 0.288121 0.101811 0.238888 0.218238 0.285856 0.086483 0.254009 0.0748598 0.261462 0.136843 0.248692 0.163767 0.27564 0.094733 0.250051 0.229093 0.279274 0.224892 0.284395 0.180248 0.286666 0.19997 0.291262 0.0842099 0.266678 0.0791444 0.26993 0.195617 0.291602 0.113074 0.221416 0.109276 0.219538 0.0850957 0.286644 0.202626 0.292374 0.0947572 0.126132 0.259845 0.272955 0.221607 0.286727 0.284574 0.268582 0.280098 0.275043 0.123536 0.241276 0.204944 0.295886 0.146242 0.264883 0.159228 0.275223 0.0942249 0.131978 0.211273 0.295336 0.277006 0.275153 0.262608 0.278257 0.257174 0.279382 0.250755 0.279953 0.246371 0.282119 0.24157 0.27952 0.242907 0.282947 0.0990115 0.133809 0.267378 0.273869 0.270734 0.277613 0.111138 0.220403 0.106565 0.22348 0.106086 0.231545 0.0623456 0.27172 0.252033 0.274909 0.218597 0.289491 0.215266 0.290721 0.123162 0.234703 0.213114 0.292709 0.0922798 0.264081 0.193323 0.300857 0.239827 0.280679 0.235577 0.285892 0.234816 0.283667 0.240182 0.287151 0.233485 0.285866 0.229758 0.284986 0.227789 0.288122 0.0972858 0.139937 0.265433 0.282133 0.251134 0.283702 0.257344 0.283732 0.0633174 0.28634 0.119026 0.231816 0.242709 0.287489 0.230752 0.291644 0.0412183 0.253794 0.223924 0.290857 0.281761 0.27853 0.280229 0.285527 0.208348 0.297909 0.24792 0.285267 0.245234 0.289086 0.220709 0.293676 0.215038 0.297688 0.240521 0.289364 0.0235168 0.195632 0.0934922 0.279499 0.220773 0.290941 0.260978 0.284486 0.226689 0.295934 0.220658 0.298651 0.159343 0.279554 0.233723 0.291188 0.275307 0.285579 0.270034 0.28222 0.217776 0.302728 0.135215 0.26616 0.0261556 0.223254 0.252789 0.28747 0.250053 0.286254 0.230242 0.296032 0.231503 0.294818 0.21016 0.301372 0.118066 0.226431 0.116554 0.235874 0.115012 0.231187 0.26965 0.289319 0.263534 0.287632 0.102385 0.266086 0.257177 0.28766 0.0934315 0.137293 0.129501 0.260812 0.242303 0.290863 0.236512 0.288788 0.0783811 0.293376 0.0265999 0.243444 0.259875 0.288552 0.105312 0.259238 0.248776 0.289114 0.110799 0.250873 0.0900729 0.298445 0.124097 0.2536 0.275723 0.288712 0.228851 0.298906 0.23084 0.300896 0.225749 0.300261 0.112475 0.222678 0.111102 0.222867 0.26521 0.29228 0.0417782 0.280904 0.115989 0.24618 0.108564 0.234054 0.235841 0.293837 0.222626 0.302374 0.114385 0.223579 0.108108 0.225494 0.227096 0.30409 0.113684 0.271143 0.0170261 0.210946 0.146895 0.27962 0.0188927 0.259473 0.247489 0.292723 0.23926 0.292396 0.233704 0.296414 0.0192206 0.234002 0.112108 0.223158 0.101865 0.286786 0.111046 0.225923 0.111167 0.239871 0.252972 0.29328 0.0223408 0.266168 0.113236 0.263516 0.125869 0.267953 0.122356 0.259405 0.148076 0.286587 0.153888 0.290561 0.0065573 0.23175 0.126385 0.2794 0.131314 0.274547 0.14112 0.286048 0.116866 0.288276 0.0118192 0.264012 0.0247243 0.298522 0.136534 0.290408 0.0138158 0.254393 0 0.248035 0.14191 0.293438 0.128831 0.291024 0.125403 0.297716 0.132673 0.296199 0.855898 0.020187 0.864156 0.0288054 0.856202 0.038592 0.846796 0.026683 0.842582 0.0196726 0.912393 0.0204487 0.903409 0.018561 0.912719 0.0072714 0.902528 0.007798 0.892462 0.0188431 0.886082 0 0.826157 0.0174493 0.843061 0.0370227 0.827549 0.0317113 0.876966 0.0130571 0.896569 0.0288633 0.875957 0.0244222 0.863163 0.0057825 0.935587 0.0024523 0.94672 0.02424 0.933102 0.0187 0.921852 0.0142404 0.924399 0.027266 0.924126 0.0372577 0.915298 0.0343931 0.908988 0.0336894 0.901693 0.044177 0.883326 0.0411662 0.87315 0.0379609 0.832055 0.0419698 0.818491 0.0304639 0.909406 0.0427117 0.883719 0.0516309 0.951651 0.0356978 0.940108 0.0298366 0.935516 0.0403477 0.931576 0.0325606 0.876445 0.0561321 0.868282 0.0413352 0.86637 0.0575836 0.852312 0.0527698 0.838245 0.0576332 0.829371 0.054696 0.8218 0.040216 0.926812 0.0543176 0.893874 0.0472053 0.891845 0.0668277 0.881288 0.064803 0.936522 0.0527735 0.847131 0.0628464 0.826202 0.0463187 0.921154 0.0631025 0.826883 0.0602743 0.840624 0.0686459 0.831622 0.0711616 0.903259 0.0548119 0.897278 0.0558236 0.816393 0.0572823 0.818647 0.0738995 0.801452 0.0349852 0.80436 0.0574576 0.963365 0.0459939 0.956008 0.0482381 0.945283 0.0443818 0.859596 0.0699974 0.786955 0.0407574 0.791099 0.0523703 0.918102 0.0665305 0.802727 0.0682574 0.903993 0.077152 0.914168 0.0715933 0.778454 0.0498954 0.884556 0.0724606 0.7821 0.067972 0.777728 0.0333054 0.869157 0.071679 0.965761 0.0312277 0.956924 0.0543866 0.763354 0.0639601 0.76414 0.0423977 0.821254 0.0859 0.721863 0.0409263 0.754408 0.0674598 0.720995 0.0504529 0.738321 0.0700726 0.852211 0.0739438 0.839548 0.0764323 0.945847 0.058358 0.938299 0.0623944 0.776935 0.0865328 0.761712 0.0826839 0.846276 0.0852951 0.970445 0.0365915 0.742681 0.0818153 0.712477 0.0610941 0.814182 0.0864863 0.930483 0.0632668 0.929325 0.0743828 0.862848 0.0877345 0.733943 0.0768047 0.720808 0.0759341 0.830765 0.0904733 0.81062 0.0937394 0.92299 0.0771218 0.945933 0.0661909 0.907061 0.0829384 0.896293 0.0767385 0.78569 0.0996157 0.802688 0.102109 0.96494 0.0575838 0.942087 0.0710468 0.91468 0.0820675 0.923763 0.083942 0.908875 0.0881592 0.880194 0.0834351 0.72862 0.0910788 0.821425 0.0995786 0.76794 0.0968777 0.761842 0.0929604 0.73689 0.100375 0.89662 0.0900849 0.868411 0.0848958 0.784372 0.10405 0.775694 0.10461 0.92423 0.0918839 0.758312 0.111482 0.888318 0.0944589 0.721653 0.103351 0.952339 0.0700229 0.698865 0.0848554 0.914167 0.101067 0.841051 0.0946572 0.828341 0.100431 0.793725 0.104777 0.778533 0.10969 0.787169 0.118066 0.770999 0.117473 0.740248 0.11349 0.920119 0.0984828 0.709364 0.108379 0.798568 0.109822 0.813918 0.112784 0.728916 0.109737 0.696347 0.0964817 0.942724 0.0748961 0.778894 0.126819 0.762708 0.120494 0.871204 0.0982344 0.864131 0.0967452 0.768217 0.128325 0.698553 0.112125 0.80736 0.127917 0.796322 0.121379 0.970101 0.0769166 0.710512 0.131685 0.904059 0.108015 0.749295 0.122924 0.935107 0.0814623 0.93444 0.089741 0.942759 0.09349 0.934287 0.0951832 0.928268 0.0883959 0.875552 0.105347 0.92573 0.100007 0.736392 0.123984 0.849845 0.100508 0.688163 0.124091 0.682153 0.114416 0.883955 0.11439 0.936447 0.0832206 0.749836 0.133186 0.727943 0.121195 0.727307 0.131402 0.739783 0.141732 0.948062 0.0835295 0.95438 0.0911001 0.943642 0.080727 0.940583 0.0887595 0.835339 0.1034 0.790015 0.131783 0.857421 0.103211 0.929158 0.108745 0.950312 0.0982456 0.662109 0.121255 0.914239 0.107165 0.910335 0.112498 0.901779 0.117016 0.895728 0.118634 0.830921 0.112518 0.942186 0.106464 0.870583 0.107303 0.728358 0.143847 0.859352 0.109949 0.688426 0.145073 0.677238 0.135272 0.960127 0.0895199 0.781617 0.136856 0.76632 0.138089 0.937522 0.106185 0.703417 0.152745 0.849983 0.111548 0.953953 0.0986793 0.883687 0.122501 0.761444 0.150884 0.872459 0.114968 0.744158 0.150734 0.84934 0.121163 0.919911 0.110758 0.816088 0.125753 0.787085 0.152283 0.938974 0.115374 0.853485 0.123729 0.728731 0.155597 0.903818 0.121509 0.962089 0.0998195 0.956695 0.110687 0.720847 0.159883 0.839414 0.125856 0.829081 0.12319 0.978371 0.0999794 0.811821 0.140332 0.951644 0.109836 0.794928 0.145633 0.892657 0.129285 0.930368 0.116796 0.924753 0.116505 0.924649 0.127518 0.87369 0.129142 0.864587 0.127332 0.865631 0.133421 0.822677 0.1309 0.883683 0.133138 0.848306 0.134032 0.84166 0.136453 0.972605 0.104766 0.744007 0.163303 0.874304 0.138486 0.853723 0.138606 0.948487 0.116838 0.903687 0.127361 0.870151 0.142466 0.831095 0.142185 0.820264 0.141575 0.929276 0.122064 0.940793 0.122217 0.861963 0.141324 0.96914 0.110193 0.963513 0.109835 0.731811 0.169705 0.846633 0.14021 0.80632 0.154269 0.79464 0.155107 0.897096 0.136524 0.890933 0.136013 0.88723 0.141643 0.711739 0.171193 0.953876 0.118347 0.858305 0.144716 0.882747 0.143921 0.85394 0.147173 0.833947 0.147151 0.829054 0.147782 0.777577 0.165133 0.768885 0.175356 0.869727 0.148152 0.963664 0.115182 0.989407 0.110349 0.899014 0.141466 0.845332 0.151001 0.822223 0.154052 0.934246 0.126732 0.984478 0.114755 0.746304 0.177454 0.955909 0.121255 0.909417 0.136817 0.803288 0.161471 0.865492 0.149928 0.945302 0.124908 0.791235 0.171983 0.886661 0.146806 0.875451 0.152463 0.944175 0.129252 0.861449 0.153127 0.835713 0.159684 0.828793 0.161119 0.855325 0.152213 0.973597 0.122207 0.9607 0.124991 0.893798 0.147432 0.866533 0.156024 0.817768 0.16684 0.76673 0.183744 0.947195 0.136116 0.924281 0.133514 0.909399 0.147195 0.783644 0.178934 0.954704 0.128739 0.853279 0.161824 0.802984 0.171749 0.775475 0.186911 0.871084 0.156036 0.953295 0.134141 0.857134 0.155232 0.845485 0.165836 0.894288 0.152612 0.813329 0.177026 0.791394 0.180724 0.860022 0.158984 0.827415 0.17269 0.832205 0.169542 0.90002 0.155448 0.893223 0.155812 0.960204 0.136106 0.922738 0.144314 0.790954 0.188603 0.886619 0.159778 0.879029 0.160011 0.836703 0.166825 0.864532 0.16212 0.840381 0.174703 0.803111 0.17923 0.99984 0.129637 0.859158 0.16345 0.97957 0.132589 0.79818 0.185897 0.787389 0.195322 0.8703 0.160066 0.820049 0.184038 0.912315 0.159089 0.889964 0.162538 0.802342 0.191928 0.862239 0.167875 0.855054 0.168987 0.850091 0.17307 0.937522 0.15294 0.810543 0.1865 0.877495 0.163006 0.844531 0.176988 0.953988 0.146394 0.890528 0.166097 0.901279 0.163224 0.872215 0.167734 0.975018 0.143679 0.895613 0.163809 0.882031 0.167145 0.820241 0.190436 0.806463 0.195024 0.932464 0.160918 0.874842 0.177104 0.837893 0.179305 0.834048 0.188565 0.897429 0.169409 0.882163 0.171839 0.870906 0.177533 0.862577 0.172917 0.997582 0.139174 0.852496 0.180534 0.813076 0.195788 0.8026 0.205758 0.886952 0.171538 0.85876 0.175888 0.842726 0.188691 0.828146 0.192191 0.984821 0.157429 0.96581 0.154371 0.891469 0.175559 0.907049 0.171953 0.815087 0.207274 0.952163 0.161909 0.922825 0.166788 0.833755 0.197129 0.825157 0.200414 0.863917 0.180912 0.860424 0.184257 0.883805 0.177256 0.879119 0.177075 0.854759 0.183689 0.868456 0.180936 0.874292 0.182727 0.846206 0.192337 0.856955 0.192051 0.833204 0.202319 0.904052 0.178393 0.896214 0.178643 0.882214 0.181826 0.937023 0.180062 0.912846 0.181014 0.867906 0.187284 0.95086 0.173935 0.921114 0.182344 0.847541 0.200529 0.983908 0.165962 0.897868 0.182791 0.877406 0.189912 0.861191 0.195691 0.908447 0.183015 0.89003 0.186242 0.866469 0.19373 0.855359 0.19981 0.981826 0.173974 0.901644 0.189949 0.884762 0.193515 0.86377 0.199611 0.925771 0.189561 0.912391 0.19148 0.895511 0.191234 0.936334 0.196369 0.959852 0.186592 0.927048 0.196929 0.860675 0.204427 0.905245 0.201489 0.877826 0.196397 0.896728 0.196283 0.874833 0.207685 0.872185 0.202519 0.995343 0.188315 0.949121 0.20504 0.917085 0.202992 0.884766 0.203783 0.968016 0.196559 0.937739 0.210827 0.99309 0.200354 0.899577 0.205949 0.889996 0.211654 0.888563 0.218186 0.954578 0.213016 0.925703 0.209203 0.898105 0.210214 0.973678 0.208573 0.999864 0.211453 0.892699 0.220829 0.904668 0.212016 0.9199 0.214104 0.9137 0.210584 0.925819 0.214309 0.925161 0.222543 0.622049 0.0300163 0.623949 0.0359191 0.619023 0.0349254 0.618024 0.0294004 0.615866 0.0404518 0.616255 0.033036 0.595318 0.0321196 0.597172 0.0286338 0.600204 0.0327615 0.595075 0.0279328 0.588531 0.0310669 0.610062 0.0340146 0.606745 0.0319221 0.612271 0.0294504 0.607989 0.028365 0.584446 0.0359834 0.591331 0.0352048 0.589463 0.0389868 0.628001 0.0410457 0.620654 0.0395688 0.627003 0.0368833 0.624984 0.0438905 0.602174 0.0291078 0.585115 0.0317337 0.592025 0.0273657 0.613921 0.0362706 0.613136 0.0271899 0.60553 0.0363548 0.634594 0.0426214 0.638791 0.0482784 0.633098 0.0491607 0.609627 0.0403932 0.594787 0.0370772 0.598247 0.0368319 0.583461 0.0275051 0.613568 0.0484553 0.605876 0.0428432 0.589039 0.0266372 0.579672 0.0326408 0.585565 0.0266439 0.584739 0.0223196 0.582008 0.0235031 0.644086 0.0462781 0.642473 0.0523502 0.636972 0.0543111 0.628398 0.0649526 0.638725 0.0438486 0.602105 0.039435 0.62813 0.049564 0.622088 0.0515149 0.619156 0.046808 0.580597 0.0286683 0.576171 0.0296389 0.576392 0.0263139 0.650189 0.0533053 0.643368 0.055089 0.587579 0.0212271 0.635808 0.059738 0.581082 0.0393353 0.57624 0.0387444 0.62832 0.0538622 0.622789 0.055023 0.617043 0.0522245 0.57766 0.0213145 0.572018 0.0205642 0.650344 0.0583735 0.646483 0.060117 0.642327 0.0606657 0.637731 0.0573976 0.629576 0.067271 0.622417 0.0625602 0.620745 0.0592913 0.613563 0.0566808 0.603166 0.0469288 0.607601 0.0531117 0.585135 0.0423434 0.572268 0.0353101 0.574311 0.0327535 0.569399 0.0247985 0.570339 0.0168816 0.646158 0.0648188 0.638577 0.0631581 0.563224 0.0159105 0.567799 0.0113354 0.574735 0.0128021 0.635556 0.0655641 0.596191 0.0410825 0.592647 0.0419065 0.616303 0.0609223 0.575563 0.0179877 0.595158 0.0422837 0.591981 0.0466537 0.635497 0.0722325 0.567824 0.0323208 0.57243 0.0306796 0.641648 0.0676806 0.650414 0.061081 0.561835 0.0230112 0.556756 0.0107887 0.579299 0.0432276 0.649713 0.0657932 0.648437 0.0733025 0.643528 0.0793073 0.627543 0.0696353 0.563789 0.0284994 0.562326 0.0057644 0.555683 0.0014246 0.569566 0 0.581245 0.0482725 0.574147 0.041889 0.570645 0.0383911 0.59695 0.048762 0.585526 0.0483528 0.65219 0.0728603 0.639011 0.0753226 0.601446 0.0524645 0.577383 0.0485643 0.654048 0.0806424 0.547832 0.0011679 0.569727 0.0468775 0.59569 0.0563485 0.649982 0.0841353 0.643958 0.0818707 0.634345 0.0750038 0.56337 0.040477 0.565652 0.0366081 0.624245 0.0731267 0.555704 0.0151503 0.547122 0.0103624 0.559755 0.0322792 0.639176 0.0823538 0.656693 0.0865209 0.574461 0.0504908 0.589189 0.0517159 0.63659 0.0844712 0.564027 0.0455572 0.557101 0.0269141 0.552313 0.0151115 0.58146 0.0529928 0.619714 0.0732681 0.610093 0.0672112 0.555576 0.0257658 0.543207 0.0134624 0.628949 0.0799318 0.615361 0.071787 0.56902 0.051756 0.563068 0.050942 0.597692 0.0625055 0.555819 0.0343932 0.650332 0.0891994 0.549038 0.0424476 0.582791 0.058595 0.559541 0.0454651 0.528407 0.0050782 0.534768 0.0198333 0.574596 0.0556199 0.554215 0.0478612 0.550917 0.0305012 0.657468 0.0929967 0.642942 0.0896313 0.566498 0.0544299 0.546815 0.0357781 0.617457 0.0776257 0.605443 0.0744068 0.649356 0.0950369 0.625204 0.0817475 0.578683 0.0582636 0.619858 0.0824675 0.519248 0.0224267 0.632062 0.0868823 0.537698 0.0409275 0.569917 0.0596895 0.562487 0.057454 0.510336 0.0044507 0.554645 0.0542854 0.636531 0.0902885 0.543166 0.042775 0.613922 0.0812794 0.595959 0.0707894 0.572706 0.0573708 0.652857 0.0982116 0.625913 0.0867291 0.585932 0.0678647 0.546388 0.0526163 0.541822 0.0486354 0.569827 0.0616238 0.560919 0.061973 0.639937 0.0937686 0.631162 0.0914241 0.636082 0.0937658 0.573472 0.062898 0.579199 0.0628451 0.615929 0.0863734 0.557923 0.0600554 0.619869 0.0907601 0.649232 0.100043 0.577641 0.0644861 0.642544 0.097964 0.628721 0.0944095 0.634701 0.0963894 0.565665 0.0681401 0.57323 0.0632475 0.638776 0.100683 0.549346 0.0594476 0.597577 0.0918607 0.569871 0.0683532 0.505869 0.0293483 0.488756 0.010607 0.585109 0.0749664 0.655312 0.103405 0.622253 0.0961217 0.614617 0.0955717 0.555094 0.0679162 0.587718 0.0847196 0.573873 0.0730308 0.647943 0.1052 0.633932 0.101391 0.560115 0.0720962 0.608974 0.0923984 0.543646 0.0645713 0.537118 0.0528741 0.561624 0.0743007 0.524778 0.0479369 0.652291 0.107273 0.549776 0.0711579 0.628004 0.10379 0.619611 0.100001 0.566209 0.0777915 0.641491 0.106675 0.480335 0.0220922 0.555 0.077854 0.571974 0.0811063 0.530844 0.0558091 0.647286 0.109172 0.632891 0.10901 0.530943 0.0610859 0.644465 0.113619 0.614207 0.106582 0.621414 0.112106 0.575958 0.0861631 0.557324 0.0792771 0.595866 0.111209 0.483241 0.0338246 0.514277 0.0511835 0.648393 0.120753 0.544431 0.0778776 0.637246 0.118344 0.643899 0.124537 0.537194 0.0745341 0.534917 0.0688098 0.552885 0.0801727 0.620045 0.118528 0.515951 0.061386 0.560323 0.0881409 0.657329 0.122265 0.626191 0.125797 0.604723 0.124998 0.637243 0.13131 0.549659 0.0885622 0.532076 0.078982 0.52034 0.0693115 0.646096 0.132965 0.612228 0.127641 0.510887 0.0553358 0.574166 0.090826 0.557999 0.0885889 0.661669 0.128935 0.541627 0.0875457 0.49821 0.0541659 0.475725 0.0428891 0.506693 0.0702111 0.653509 0.140567 0.626867 0.135792 0.573778 0.105411 0.501365 0.0641082 0.582883 0.107178 0.563663 0.0968723 0.646435 0.14309 0.55036 0.100099 0.526662 0.0894192 0.517927 0.081187 0.619104 0.141478 0.60515 0.135877 0.488145 0.0547984 0.54375 0.103426 0.558606 0.115975 0.538235 0.0953013 0.635029 0.151534 0.515608 0.0898341 0.467075 0.0403838 0.587428 0.125326 0.54681 0.116023 0.546174 0.104608 0.531536 0.104051 0.624806 0.15541 0.608295 0.146114 0.598403 0.145784 0.597033 0.135224 0.494936 0.0702558 0.542708 0.108013 0.496682 0.0822153 0.47475 0.0583705 0.50883 0.0924074 0.483081 0.0697895 0.578731 0.117116 0.570191 0.129805 0.560874 0.128846 0.456586 0.0443057 0.528082 0.115302 0.519574 0.106433 0.58379 0.135052 0.538788 0.123799 0.647599 0.167015 0.631293 0.167706 0.481227 0.0776233 0.508508 0.101815 0.615291 0.163935 0.496807 0.0952258 0.489221 0.0851662 0.600607 0.160951 0.58108 0.149026 0.446698 0.064983 0.571166 0.139313 0.460657 0.0737795 0.54538 0.126901 0.633217 0.184053 0.504648 0.109688 0.469974 0.0848355 0.622738 0.180607 0.523939 0.13282 0.475109 0.0908527 0.66056 0.193758 0.570416 0.147866 0.558229 0.141008 0.480079 0.102279 0.537378 0.132036 0.510556 0.115575 0.488413 0.104176 0.42665 0.0435904 0.634563 0.202403 0.582607 0.163004 0.558859 0.146707 0.54614 0.136632 0.460873 0.0877052 0.608499 0.193552 0.590987 0.172268 0.545374 0.142373 0.564266 0.157127 0.451044 0.093053 0.416745 0.0511129 0.523524 0.14338 0.50803 0.125608 0.493277 0.11539 0.579565 0.171923 0.458325 0.0962735 0.545722 0.14789 0.465757 0.0999434 0.590853 0.188957 0.54428 0.155311 0.525331 0.153499 0.479167 0.11595 0.493382 0.127425 0.557956 0.166419 0.506479 0.136986 0.466218 0.107821 0.406282 0.0578434 0.44392 0.105703 0.619548 0.213948 0.60216 0.198804 0.571457 0.186712 0.409526 0.0872511 0.5302 0.160397 0.513001 0.150892 0.586805 0.198716 0.452247 0.119327 0.497153 0.150783 0.463601 0.119691 0.439787 0.117303 0.55766 0.186132 0.587918 0.216284 0.512664 0.164647 0.484723 0.135986 0.47849 0.127761 0.425219 0.118916 0.396477 0.0996648 0.541689 0.172429 0.405517 0.119382 0.395088 0.118716 0.605591 0.223968 0.501564 0.157649 0.479603 0.150257 0.468369 0.142485 0.461874 0.132913 0.442587 0.135173 0.417835 0.133584 0.527283 0.168972 0.56358 0.209292 0.486792 0.17351 0.496017 0.184826 0.485783 0.183185 0.437183 0.202572 0.444507 0.204294 0.445257 0.213994 0.446451 0.222724 0.437978 0.220203 0.457817 0.233024 0.445926 0.23682 0.447654 0.230214 0.436849 0.233767 0.426999 0.241631 0.429892 0.227703 0.56109 0.282973 0.540591 0.264916 0.557956 0.270673 0.540101 0.272387 0.501985 0.211073 0.507032 0.217559 0.499267 0.222272 0.51739 0.261591 0.531533 0.254698 0.511127 0.255129 0.491803 0.165124 0.522805 0.272762 0.493669 0.263659 0.598683 0.232377 0.484051 0.232837 0.489001 0.227299 0.492695 0.233372 0.493528 0.255788 0.485326 0.249114 0.475204 0.224927 0.473024 0.237642 0.462008 0.247318 0.493097 0.21325 0.503809 0.199427 0.489979 0.259993 0.474534 0.268942 0.474442 0.261661 0.476149 0.203624 0.482143 0.215089 0.466228 0.206121 0.480202 0.170713 0.493686 0.186891 0.46955 0.1842 0.460753 0.176555 0.458835 0.209597 0.447456 0.244583 0.42565 0.135015 0.546466 0.261309 0.525131 0.239777 0.510813 0.243573 0.517471 0.222716 0.506469 0.237226 0.433719 0.199994 0.438489 0.175943 0.440669 0.187465 0.434352 0.170513 0.426293 0.213456 0.401913 0.138926 0.515657 0.211017 0.522529 0.177549 0.529902 0.19003 0.501836 0.186451 0.396802 0.163341 0.516663 0.174894 0.533885 0.194449 0.503626 0.247445 0.495905 0.192094 0.484161 0.195352 0.463553 0.194907 0.452572 0.19599 0.452428 0.182617 0.607611 0.243095 0.585564 0.240469 0.584702 0.248586 0.572 0.237605 0.568852 0.246187 0.570276 0.260015 0.568344 0.228576 0.446177 0.18912 0.436537 0.245201 0.417938 0.235617 0.445933 0.154792 0.443417 0.166022 0.394531 0.239558 0.407952 0.167597 0.49298 0.270798 0.504761 0.29734 0.541266 0.297913 0.391003 0.360424 0.380859 0.355044 0.406544 0.352874 0.386843 0.32652 0.406342 0.411546 0.391641 0.395266 0.404055 0.396309 0.400093 0.377806 0.385335 0.369207 0.400615 0.421373 0.411826 0.417664 0.413084 0.345431 0.412225 0.389734 0.412803 0.380673 0.414559 0.368323 0.406528 0.42531 0.42196 0.38576 0.420021 0.372318 0.419179 0.360039 0.428719 0.394162 0.425026 0.424553 0.426198 0.413678 0.418861 0.437343 0.435371 0.43812 0.44123 0.409082 0.435976 0.380878 0.44153 0.362951 0.427402 0.353228 0.439551 0.424069 0.431948 0.343102 0.44033 0.473303 0.438137 0.454322 0.44508 0.45551 0.428947 0.457958 0.427116 0.44903 0.441819 0.386813 0.434837 0.352769 0.449533 0.481752 0.451696 0.459184 0.44303 0.435971 0.461221 0.466654 0.455461 0.44714 0.449323 0.420095 0.44794 0.392009 0.452994 0.440007 0.44601 0.348077 0.466058 0.485995 0.468889 0.47099 0.458582 0.4574 0.488378 0.51658 0.495483 0.522965 0.486638 0.530464 0.451937 0.401451 0.455802 0.423344 0.458178 0.409557 0.472279 0.503597 0.472697 0.480861 0.446867 0.324617 0.484006 0.503084 0.497416 0.499096 0.480018 0.494442 0.462173 0.444305 0.453933 0.368185 0.462796 0.352588 0.469898 0.447776 0.466748 0.433794 0.470586 0.318886 0.499278 0.507552 0.462685 0.420191 0.49029 0.496349 0.462253 0.379005 0.50273 0.518217 0.461965 0.341893 0.480815 0.481558 0.48299 0.471907 0.451376 0.31003 0.471224 0.387095 0.474844 0.44 0.480472 0.452969 0.468557 0.406607 0.467433 0.419566 0.492424 0.483993 0.512829 0.535483 0.496431 0.484563 0.483524 0.460047 0.476983 0.340095 0.511682 0.516281 0.477274 0.351065 0.476345 0.31111 0.473302 0.375028 0.478299 0.408038 0.47651 0.423739 0.481454 0.446759 0.483485 0.363855 0.490781 0.317924 0.508989 0.502419 0.480744 0.432588 0.514482 0.523987 0.490842 0.473144 0.48392 0.416773 0.483428 0.392487 0.52009 0.509992 0.622748 0.406787 0.627481 0.405525 0.626576 0.410788 0.510491 0.487749 0.625432 0.403218 0.497722 0.4633 0.486475 0.42474 0.496069 0.329885 0.630107 0.402757 0.62024 0.405106 0.492601 0.348574 0.622335 0.400191 0.626517 0.399379 0.520709 0.530569 0.52449 0.51979 0.622234 0.410301 0.635246 0.400273 0.631513 0.400013 0.508585 0.325274 0.634238 0.396598 0.631127 0.394077 0.507932 0.471463 0.494 0.446494 0.489251 0.408362 0.519399 0.498946 0.616504 0.402089 0.617486 0.40161 0.632946 0.390511 0.636287 0.392294 0.626383 0.41529 0.616203 0.406001 0.504883 0.480873 0.494298 0.441113 0.611979 0.341487 0.611982 0.340931 0.612545 0.341874 0.63698 0.395288 0.628571 0.395274 0.632719 0.410599 0.618386 0.413939 0.629476 0.416299 0.631458 0.389201 0.496474 0.381034 0.619342 0.396079 0.501743 0.343276 0.568651 0.401344 0.571409 0.396493 0.574064 0.399341 0.562934 0.350412 0.5626 0.348763 0.563335 0.34865 0.559132 0.352895 0.636337 0.388034 0.493095 0.39022 0.614268 0.39823 0.577274 0.401431 0.576148 0.400928 0.526223 0.538221 0.528486 0.526958 0.573491 0.394192 0.567844 0.39406 0.496885 0.41844 0.611157 0.33988 0.515939 0.484024 0.509679 0.478408 0.503716 0.460309 0.4971 0.371545 0.610164 0.341004 0.525122 0.492384 0.624234 0.390763 0.563616 0.395228 0.563323 0.345445 0.613028 0.342537 0.608906 0.340115 0.638093 0.385702 0.563126 0.383289 0.560415 0.386036 0.570097 0.350611 0.497796 0.426568 0.529478 0.521867 0.526357 0.507267 0.529917 0.500535 0.558253 0.345142 0.497782 0.403123 0.612074 0.339478 0.640337 0.390195 0.58029 0.403286 0.571641 0.41318 0.628227 0.388181 0.57968 0.397054 0.500824 0.451471 0.535954 0.54427 0.499564 0.392364 0.615817 0.340845 0.633456 0.414199 0.642351 0.402326 0.610662 0.338279 0.638982 0.405971 0.629014 0.419659 0.613708 0.417065 0.499592 0.437924 0.558699 0.374391 0.51196 0.379891 0.536125 0.519392 0.618383 0.390483 0.524023 0.321264 0.558729 0.402327 0.57294 0.388582 0.631734 0.425298 0.668485 0.519673 0.665499 0.521102 0.665671 0.517881 0.564053 0.412425 0.550071 0.368141 0.557895 0.362449 0.554847 0.351359 0.533297 0.525294 0.557684 0.335981 0.5695 0.331995 0.563557 0.340863 0.609816 0.346105 0.611763 0.336948 0.530756 0.487132 0.606795 0.342915 0.631873 0.381116 0.619954 0.384259 0.614417 0.337357 0.515497 0.365243 0.510921 0.347831 0.66705 0.511189 0.520409 0.350107 0.662744 0.516012 0.505306 0.456625 0.647832 0.519714 0.640455 0.524361 0.641518 0.518424 0.524542 0.331285 0.521252 0.435452 0.513398 0.441548 0.509629 0.43279 0.552615 0.385418 0.506349 0.42639 0.501641 0.434605 0.502422 0.385059 0.52717 0.442681 0.524414 0.448972 0.56387 0.356888 0.581974 0.413517 0.608046 0.395584 0.536379 0.50752 0.531516 0.478082 0.525162 0.483074 0.551025 0.525879 0.554487 0.532155 0.542374 0.533164 0.558514 0.524698 0.543649 0.335727 0.587564 0.402478 0.555358 0.516893 0.58304 0.394273 0.513528 0.466422 0.624776 0.425496 0.568195 0.380728 0.535937 0.317378 0.568467 0.477597 0.573208 0.46667 0.58122 0.46497 0.559829 0.484881 0.567773 0.465378 0.581743 0.453052 0.544854 0.388776 0.532976 0.377871 0.546108 0.32613 0.535555 0.483952 0.540496 0.465276 0.539746 0.367584 0.53554 0.460475 0.529783 0.470623 0.541405 0.458044 0.546234 0.462331 0.540072 0.449234 0.546771 0.519034 0.512558 0.451052 0.514889 0.428216 0.607024 0.339507 0.645484 0.530253 0.546179 0.445629 0.524642 0.46502 0.506915 0.415691 0.568963 0.485019 0.563569 0.487287 0.564882 0.36442 0.512128 0.414225 0.51474 0.406082 0.523192 0.405278 0.608498 0.40512 0.508193 0.397667 0.543151 0.346976 0.529016 0.433928 0.569744 0.343488 0.642167 0.411121 0.517268 0.388776 0.576899 0.506474 0.582804 0.517394 0.572381 0.521045 0.573721 0.480704 0.670075 0.526607 0.67216 0.517604 0.517093 0.426714 0.515936 0.418772 0.524922 0.413708 0.562927 0.519789 0.560281 0.505835 0.552232 0.50548 0.550478 0.447748 0.557697 0.430162 0.631865 0.525865 0.569058 0.493742 0.530002 0.423542 0.532688 0.417363 0.640948 0.511868 0.633983 0.519779 0.594205 0.518368 0.59994 0.516301 0.599964 0.534561 0.590744 0.52304 0.605488 0.399332 0.607746 0.337604 0.610972 0.337201 0.555251 0.402039 0.546714 0.397587 0.566535 0.530972 0.587296 0.535959 0.576185 0.539716 0.565764 0.539656 0.558242 0.542133 0.605146 0.528286 0.6404 0.417573 0.592617 0.502945 0.571468 0.338368 0.616884 0.342359 0.549118 0.433279 0.567209 0.426546 0.576308 0.491742 0.583599 0.496843 0.623949 0.527367 0.647758 0.388662 0.642689 0.380885 0.598648 0.497946 0.605101 0.501949 0.616407 0.344582 0.588965 0.48672 0.597517 0.449455 0.592646 0.439313 0.591307 0.474229 0.603261 0.485128 0.609946 0.53142 0.620212 0.537965 0.604518 0.543647 0.538075 0.395809 0.538214 0.405406 0.53335 0.403184 0.533479 0.392103 0.527408 0.401851 0.518418 0.402191 0.542008 0.418665 0.532273 0.407834 0.590745 0.429149 0.582715 0.437795 0.581587 0.420688 0.587855 0.421955 0.575359 0.42466 0.627936 0.532216 0.638531 0.472806 0.637949 0.461762 0.645618 0.463081 0.63134 0.455409 0.571402 0.420077 0.645122 0.407076 0.647551 0.399722 0.661713 0.525622 0.674 0.510211 0.603698 0.43438 0.62499 0.475068 0.61987 0.467368 0.608466 0.425339 0.616018 0.473433 0.610001 0.473109 0.599529 0.404573 0.610033 0.416399 0.561201 0.415902 0.598037 0.398398 0.601435 0.467761 0.611812 0.453127 0.548654 0.423658 0.640464 0.531657 0.545175 0.414951 0.55163 0.41146 0.578713 0.386601 0.544066 0.405685 0.570842 0.376887 0.609677 0.336659 0.610605 0.334428 0.638651 0.487891 0.627008 0.480403 0.639959 0.479305 0.634453 0.446018 0.622862 0.438436 0.646174 0.51218 0.614505 0.425534 0.593026 0.393312 0.619924 0.452166 0.644667 0.455469 0.571725 0.357965 0.64015 0.429845 0.69018 0.366505 0.697082 0.359895 0.696713 0.36798 0.659804 0.374621 0.670379 0.370794 0.660971 0.379648 0.681931 0.37316 0.692367 0.373931 0.648813 0.411945 0.60222 0.390688 0.611552 0.38705 0.603699 0.384753 0.628129 0.353233 0.637957 0.360505 0.634231 0.362205 0.626563 0.364277 0.620076 0.348613 0.625682 0.34393 0.656781 0.56699 0.644046 0.542461 0.660638 0.529529 0.656224 0.516563 0.621867 0.544769 0.640243 0.536542 0.656232 0.501484 0.654108 0.485459 0.658813 0.47794 0.656204 0.462187 0.665379 0.466576 0.66523 0.479383 0.599194 0.335673 0.591549 0.33198 0.601584 0.334423 0.671326 0.443685 0.67871 0.434593 0.580455 0.368089 0.57811 0.372794 0.5729 0.365882 0.677939 0.361048 0.667407 0.417256 0.673474 0.418022 0.67473 0.429006 0.657512 0.425483 0.646589 0.372108 0.675781 0.569108 0.680721 0.561586 0.691422 0.562835 0.670718 0.544045 0.701045 0.318318 0.709672 0.321564 0.711518 0.325922 0.665504 0.575909 0.675036 0.52844 0.622308 0.379963 0.636696 0.377448 0.674837 0.549278 0.582484 0.353515 0.653063 0.417572 0.597878 0.381589 0.679714 0.552477 0.687285 0.52964 0.679305 0.41005 0.612541 0.381647 0.664913 0.41006 0.685887 0.512838 0.61286 0.335205 0.687237 0.487693 0.667075 0.404482 0.660238 0.400518 0.631368 0.35034 0.697742 0.500018 0.692279 0.491142 0.625797 0.357069 0.612098 0.370562 0.606086 0.372108 0.611398 0.362269 0.604777 0.364444 0.605267 0.360949 0.673868 0.467942 0.611271 0.347935 0.671769 0.460634 0.645131 0.362317 0.653048 0.359819 0.655288 0.344243 0.648053 0.345937 0.701189 0.361055 0.643656 0.350981 0.639694 0.343999 0.634989 0.348503 0.662636 0.366332 0.724433 0.49125 0.70079 0.476866 0.721885 0.573731 0.705841 0.578841 0.706439 0.568452 0.729546 0.467831 0.704022 0.465653 0.658439 0.358858 0.663447 0.353524 0.671026 0.35622 0.675301 0.341185 0.666479 0.34757 0.664833 0.342085 0.633066 0.338156 0.638147 0.338317 0.710622 0.563691 0.662119 0.328569 0.657017 0.333921 0.651685 0.328675 0.652294 0.322005 0.631115 0.343157 0.710531 0.52228 0.627524 0.339251 0.601225 0.369359 0.599788 0.357216 0.685101 0.437306 0.605869 0.357199 0.613505 0.354451 0.665198 0.383361 0.691091 0.424287 0.617271 0.356479 0.608239 0.349245 0.623631 0.375451 0.591642 0.335868 0.598528 0.349689 0.585177 0.371296 0.589448 0.357702 0.575552 0.348078 0.64261 0.329933 0.63507 0.332999 0.63701 0.324089 0.624903 0.333326 0.630175 0.333403 0.619521 0.337629 0.622925 0.336071 0.622482 0.332511 0.605347 0.338117 0.643435 0.321745 0.687522 0.40633 0.605489 0.334497 0.609778 0.333865 0.691743 0.401543 0.806821 0.467081 0.803593 0.490043 0.792619 0.461552 0.647353 0.338665 0.741146 0.356156 0.750426 0.347345 0.760776 0.363157 0.768306 0.337479 0.757248 0.331967 0.719135 0.366741 0.745873 0.369936 0.736254 0.375498 0.722751 0.360587 0.731444 0.348266 0.705675 0.346949 0.698224 0.35011 0.70602 0.340618 0.715021 0.371992 0.77296 0.499609 0.754379 0.482386 0.772094 0.479624 0.731562 0.497952 0.7336 0.480619 0.741461 0.474067 0.740125 0.566293 0.762284 0.461452 0.594224 0.338263 0.715114 0.442238 0.713512 0.421204 0.764637 0.507235 0.721977 0.403986 0.756873 0.40648 0.742131 0.412568 0.73284 0.421823 0.717306 0.420794 0.620175 0.330628 0.702559 0.423303 0.7137 0.406905 0.730313 0.396904 0.706595 0.395165 0.604561 0.340504 0.598562 0.327819 0.785506 0.369987 0.760723 0.371797 0.757416 0.548512 0.743996 0.332173 0.736507 0.33328 0.751217 0.323263 0.745369 0.313372 0.716526 0.339862 0.777005 0.3846 0.781285 0.377381 0.803713 0.388511 0.793703 0.505901 0.773712 0.46465 0.789661 0.476819 0.777975 0.454323 0.76834 0.433221 0.751109 0.437282 0.781537 0.348242 0.782795 0.43547 0.756571 0.423169 0.72929 0.449409 0.721984 0.304688 0.742175 0.448701 0.739367 0.43904 0.789487 0.431681 0.826729 0.474363 0.756794 0.390707 0.797878 0.395527 0.17092 0.578769 0.183918 0.572617 0.18366 0.590273 0.156744 0.590075 0.160959 0.573337 0.150324 0.581876 0.210532 0.558711 0.213299 0.573667 0.193497 0.562917 0.160927 0.556866 0.15109 0.556974 0.182965 0.55584 0.237651 0.567169 0.142988 0.589785 0.142735 0.565937 0.136468 0.592734 0.137363 0.560805 0.113721 0.575929 0.117262 0.568203 0.116187 0.58265 0.126693 0.557258 0.105774 0.582953 0.24259 0.558412 0.145825 0.545015 0.14209 0.541377 0.131572 0.53827 0.104632 0.566546 0.117744 0.555192 0.199051 0.548968 0.168378 0.545798 0.125667 0.543188 0.100579 0.573679 0.110814 0.563214 0.0894575 0.561886 0.0875688 0.580425 0.0811611 0.567532 0.218925 0.54716 0.122309 0.547021 0.121408 0.551345 0.101506 0.558236 0.0965177 0.553258 0.110055 0.552231 0.139718 0.528674 0.0766147 0.561921 0.0719242 0.573703 0.121832 0.534876 0.127283 0.532539 0.0818098 0.557289 0.101473 0.545336 0.10588 0.544496 0.159402 0.533122 0.175038 0.531935 0.132591 0.52393 0.128713 0.528087 0.0698885 0.563659 0.0487379 0.548922 0.0518829 0.557945 0.0461493 0.564126 0.0659738 0.548503 0.108662 0.541982 0.117725 0.54127 0.116848 0.531862 0.0763489 0.552495 0.191443 0.531592 0.0616011 0.557079 0.0871136 0.553521 0.0990241 0.538413 0.105792 0.534799 0.110016 0.530472 0.0868367 0.545304 0.210812 0.533433 0.123192 0.528966 0.0949876 0.545388 0.0889713 0.545382 0.0424498 0.552572 0.346606 0.46287 0.311131 0.443352 0.347737 0.434455 0.317772 0.472432 0.296881 0.479254 0.0843225 0.541882 0.302491 0.499049 0.281273 0.485616 0.254186 0.499703 0.265363 0.486338 0.272456 0.494336 0.251692 0.486787 0.0618142 0.540925 0.146907 0.522059 0.124317 0.523779 0.371568 0.436265 0.102365 0.534315 0.0931219 0.539898 0.284039 0.469887 0.240782 0.538419 0.228145 0.531575 0.265845 0.50405 0.141117 0.519229 0.251042 0.50373 0.0997609 0.527252 0.105875 0.52883 0.0891398 0.532611 0.0518539 0.544265 0.107763 0.523992 0.286654 0.498345 0.0412096 0.54595 0.179532 0.523588 0.167574 0.519755 0.122846 0.518122 0.0738124 0.532749 0.0694515 0.537626 0.040332 0.56149 0.0333282 0.554726 0.254065 0.517767 0.243004 0.509953 0.157839 0.518036 0.255888 0.472027 0.13292 0.514922 0.199 0.527777 0.0812728 0.528824 0.113879 0.520415 0.239478 0.503114 0.289853 0.512677 0.0602651 0.537871 0.353387 0.405475 0.0953096 0.525389 0.280756 0.440478 0.274303 0.460933 0.237167 0.51084 0.06639 0.533425 0.193605 0.523259 0.145471 0.514754 0.140472 0.511823 0.23625 0.479007 0.109348 0.518141 0.102444 0.519723 0.0876334 0.524672 0.2794 0.506918 0.24365 0.525985 0.237306 0.52436 0.273412 0.503365 0.0285886 0.551402 0.0337228 0.547417 0.232275 0.523932 0.211056 0.523964 0.0496437 0.539234 0.276698 0.519576 0.267238 0.519202 0.321562 0.41092 0.185062 0.508831 0.167174 0.512855 0.251739 0.539873 0.246654 0.459272 0.235747 0.461533 0.0535182 0.536614 0.0741505 0.529999 0.0798769 0.523611 0.196213 0.505338 0.264059 0.443091 0.224076 0.516477 0.0190166 0.550125 0.0274251 0.546858 0.0439972 0.540574 0.211724 0.506603 0.218269 0.484357 0.0911147 0.522201 0.153831 0.508785 0.290306 0.408957 0.256038 0.527163 0.139368 0.507847 0.117368 0.513261 0.0577067 0.531572 0.223969 0.495544 0.308229 0.394939 0.0529202 0.532153 0.0629726 0.529707 0.0739885 0.526529 0.340761 0.380241 0.268302 0.423516 0.0363061 0.539671 0.18691 0.502208 0.178319 0.49895 0.21778 0.473776 0.0692656 0.527164 0.12302 0.506102 0.0977791 0.517631 0.380275 0.343557 0.0184821 0.54055 0.0141047 0.545962 0.0451454 0.533043 0.211799 0.497259 0.148465 0.502321 0.207082 0.490915 0.195561 0.487362 0.135787 0.500823 0.101852 0.512328 0.0807137 0.520367 0.0880823 0.518565 0.291186 0.376712 0.239251 0.439596 0.027374 0.53345 0.269273 0.399244 0.240993 0.42532 0.168194 0.499108 0.0401157 0.53238 0.0349904 0.53282 0.315798 0.370346 0.18027 0.48509 0.152503 0.496387 0.109635 0.510421 0.0507308 0.528787 0.0530648 0.526747 0.0936144 0.514392 0.0613423 0.526779 0.176391 0.494248 0.254003 0.407819 0.045954 0.528606 0.186405 0.475662 0.112976 0.506799 0.062706 0.523155 0.366692 0.308271 0.0737019 0.520396 0.067284 0.5207 0.0693816 0.519838 0.240644 0.409308 0.219714 0.452598 0.216742 0.441095 0.0177988 0.530314 0.0109797 0.532783 0.0848693 0.514877 0.149121 0.492917 0.203886 0.46713 0.104894 0.508533 0.0393636 0.526771 0.096523 0.508513 0.0759484 0.517538 0.174179 0.485947 0.029254 0.528653 0.0493019 0.520238 0.31998 0.316492 0.271621 0.366338 0.240583 0.396457 0.168599 0.488396 0.158568 0.488648 0.0579486 0.521267 0.0795836 0.514585 0.247807 0.387799 0.0423523 0.522915 0.202245 0.456063 0.294839 0.336636 0.234687 0.389534 0.0277215 0.521347 0.124193 0.498791 0.0550409 0.517429 0.109765 0.504936 0.0634098 0.516257 0.170642 0.468834 0.227158 0.419047 0.154756 0.488962 0.13678 0.493594 0.058107 0.518015 0.101561 0.506696 0.227059 0.404495 0.0865048 0.508649 0.0679361 0.513403 0.0738203 0.512828 0.170492 0.483961 0.169903 0.474727 0.167385 0.480592 0.141355 0.486563 0.115703 0.499892 0.128559 0.492905 0.0358606 0.519802 0.0016683 0.525491 0.215403 0.42556 0.202697 0.443044 0.112034 0.499426 0.10367 0.503379 0.159114 0.482302 0.146348 0.483235 0.120503 0.491689 0.107331 0.501227 0.100565 0.504524 0.0767034 0.510883 0.004442 0.52119 0.0123279 0.51923 0.165405 0.478351 0.225442 0.380409 0.226398 0.363204 0.21977 0.41071 0.213918 0.412807 0.184103 0.457377 0.18383 0.463484 0.0404144 0.515847 0.0650376 0.512327 0.250032 0.359627 0.115773 0.493235 0.217915 0.387599 0.204151 0.437054 0.109704 0.499241 0.220754 0.372163 0.217249 0.371038 0.218654 0.377074 0.102473 0.501868 0.0969076 0.50009 0.0322338 0.513938 0.0937933 0.504849 0.0800413 0.505907 0.0596171 0.510209 0.167005 0.468647 0.212047 0.408179 0.127865 0.490654 0.107728 0.498684 0.262106 0.321804 0.0875474 0.505382 0.0162357 0.511527 0.0497409 0.509595 0.213208 0.398263 0.100564 0.497124 0.0681015 0.508566 0.171227 0.458097 0 0.518274 0.21074 0.365738 0.0069908 0.514824 0.130944 0.482049 0.11188 0.494521 0.0400979 0.510312 0.054494 0.508611 0.0881004 0.501579 0.107561 0.496582 0.102646 0.496152 0.157448 0.467529 0.206977 0.416978 0.028323 0.50937 0.196905 0.425293 0.138603 0.478878 0.123747 0.486932 0.0735077 0.506969 0.218933 0.357526 0.234303 0.350229 0.155326 0.47234 0.003995 0.510385 0.149906 0.474584 0.185944 0.447598 0.0933455 0.498641 0.0760849 0.503479 0.0822222 0.502267 0.205972 0.409702 0.193 0.429145 0.189196 0.440666 0.115285 0.490747 0.0131707 0.505995 0.119164 0.487271 0.0955201 0.49815 0.0904093 0.497582 0.0691498 0.504498 0.198982 0.386386 0.232717 0.337732 0.148813 0.462538 0.144019 0.467424 0.0293754 0.503351 0.163579 0.456588 0.200894 0.359827 0.046748 0.50318 0.0859868 0.498537 0.0371196 0.499913 0.063359 0.500741 0.0686573 0.499943 0.110005 0.490107 0.0950574 0.495233 0.106489 0.489864 0.004345 0.505005 0.178083 0.437642 0.0538438 0.497317 0.0803432 0.4954 0.201749 0.397129 0.0155634 0.50041 0.135769 0.474692 0.030732 0.496841 0.169579 0.44885 0.117455 0.483193 0.100745 0.492337 0.0891816 0.495869 0.196968 0.413964 0.0359451 0.495325 0.0426681 0.49165 0.110263 0.485955 0.246179 0.310632 0.0757672 0.496547 0.202294 0.40785 0.0845777 0.495931 0.210491 0.335137 0.149287 0.454622 0.0203261 0.492047 0.0948626 0.490279 0.198314 0.350004 0.191249 0.366859 0.202557 0.409615 0.13 0.472394 0.1192 0.47794 0.156231 0.452951 0.004648 0.495006 0.167829 0.437608 0.102836 0.48695 0.0632603 0.494224 0.138651 0.461444 0.228896 0.324976 0.110951 0.480741 0.0848471 0.493091 0.0527792 0.491435 0.224804 0.304688 0.12118 0.472473 0.194225 0.394673 0.193532 0.40554 0.0983879 0.482943 0.0959389 0.486069 0.18677 0.355478 0.183534 0.360996 0.0779643 0.49307 0.161076 0.442727 0.113697 0.476954 0.088549 0.4894 0.182549 0.420631 0.177349 0.353137 0.171484 0.36019 0.206322 0.313684 0.033671 0.489707 0.0275644 0.48388 0.188393 0.400076 0.103527 0.480235 0.09325 0.484573 0.0800021 0.489168 0.0607104 0.4903 0.0712302 0.490365 0.190711 0.335864 0.152271 0.448693 0.124503 0.467513 0.119612 0.465564 0.195371 0.324462 0.0130789 0.486323 0.199844 0.408628 0.196559 0.408013 0.137334 0.456366 0.12892 0.453924 0.164201 0.352173 0.0022618 0.486826 0.087353 0.485395 0.182774 0.338721 0.0747988 0.487261 0.176696 0.389949 0.170904 0.341351 0.0401816 0.48651 0.162763 0.356352 0.0611187 0.485694 0.145852 0.443635 0.165367 0.37085 0.0124847 0.480373 0.105465 0.473424 0.178607 0.342564 0.140451 0.446842 0.110551 0.465928 0.0991305 0.478279 0.0171692 0.480102 0.189952 0.409546 0.173602 0.423993 0.0239958 0.34778 0.0324695 0.350257 0.0288352 0.36352 0.156085 0.440839 0.0070582 0.474505 0.0468043 0.482933 0.164035 0.432109 0.0689559 0.484669 0.120553 0.457578 0.0979372 0.474374 0.16418 0.344193 0.17281 0.332143 0.0369466 0.480008 0.0314585 0.475226 0.170939 0.329768 0.14781 0.438706 0.185211 0.409586 0.174446 0.415786 0.0814618 0.487599 0.182857 0.326393 0.0956717 0.46467 0.106439 0.45477 0.0949811 0.477374 0.154425 0.353073 0.0608956 0.480523 0.0777126 0.483532 0.142553 0.433506 0.168191 0.420282 0.160063 0.424054 0.0396045 0.345358 0.0370722 0.360199 0.0841584 0.481501 0.0396179 0.470663 0.16597 0.381862 0.0525759 0.471453 0.159784 0.333531 0.154223 0.36307 0.0647052 0.474669 0.143624 0.385321 0.138279 0.382983 0.142238 0.378144 0.0716612 0.478793 0.0109391 0.467902 0.0877282 0.477614 0.176957 0.402305 0.173287 0.406936 0.137636 0.409637 0.144047 0.426201 0.13876 0.426187 0.151212 0.428935 0.137618 0.373076 0.133927 0.38227 0.128526 0.38088 0.133059 0.388065 0.150983 0.370131 0.157807 0.382131 0.154604 0.390238 0.145008 0.392184 0.139948 0.393223 0.0783853 0.479537 0.132259 0.439472 0.0213965 0.467397 0.122173 0.450771 0.043582 0.350293 0.156056 0.406862 0.14545 0.398919 0.162718 0.401503 0.153459 0.346791 0.149597 0.413 0.141739 0.405227 0.14298 0.363997 0.142474 0.368963 0.127428 0.418301 0.132266 0.362711 0.129329 0.372285 0.124286 0.368925 0.157098 0.416068 0.0684646 0.471916 0.0774795 0.473156 0.128684 0.428692 0.128058 0.391679 0.118367 0.384719 0.127553 0.400396 0.0021418 0.467203 0.109162 0.447663 0.094102 0.457171 0.13923 0.342678 0.138773 0.333018 0.1418 0.353875 0.0320444 0.371611 0.0267301 0.377965 0.164857 0.394679 0.123898 0.353758 0.11757 0.362611 0.113085 0.349538 0.114811 0.378151 0.108797 0.369613 0.114258 0.371566 0.107354 0.376319 0.107229 0.386835 0.112316 0.412291 0.11926 0.401208 0.11912 0.414162 0.121037 0.374222 0.108143 0.425181 0.104049 0.421704 0.109047 0.41625 0.113518 0.429998 0.104418 0.433245 0.113115 0.390262 0.128677 0.405735 0.0356533 0.46277 0.174493 0.400711 0.164576 0.408128 0.0616059 0.470208 0.0676891 0.467978 0.125098 0.438766 0.120624 0.439809 0.12157 0.428069 0.113192 0.438439 0.107227 0.441547 0.090507 0.469376 0.0888155 0.460822 0.0824167 0.457527 0.105926 0.320469 0.122576 0.328005 0.124551 0.338226 0.0807068 0.463273 0.0861244 0.465804 0.0479368 0.464806 0.0576525 0.463614 0.0810682 0.378246 0.0884889 0.380643 0.0844943 0.390549 0.1086 0.360855 0.103837 0.352735 0.100386 0.387691 0.0911853 0.389491 0.0966788 0.394552 0.0921391 0.400322 0.0842906 0.411468 0.0782658 0.418236 0.0723587 0.408207 0.0845422 0.421353 0.0731428 0.370453 0.0720731 0.380042 0.104548 0.397874 0.109977 0.403183 0.10156 0.369696 0.100241 0.407586 0.102366 0.381441 0.104409 0.441446 0.102369 0.448502 0.0929019 0.409018 0.118973 0.423008 0.0822619 0.470301 0.0948946 0.422459 0.0941815 0.431506 0.0838576 0.429924 0.0591489 0.431802 0.0536921 0.438612 0.0532995 0.434488 0.0415668 0.431437 0.0321478 0.433085 0.0369585 0.420772 0.0458527 0.437749 0.0567888 0.443616 0.0637477 0.43404 0.0458667 0.445487 0.0682073 0.449746 0.0624282 0.444592 0.0750569 0.442565 0.056398 0.372034 0.0674153 0.377427 0.0505962 0.379449 0.064256 0.388871 0.0928157 0.446766 0.0845818 0.441771 0.0956289 0.439928 0.0743436 0.427437 0.0760738 0.437452 0.0686801 0.437414 0.0491152 0.385682 0.0732541 0.329036 0.0630846 0.324239 0.0729691 0.320689 0.0809922 0.323061 0.0843283 0.335462 0.0959826 0.328803 0.092062 0.34106 0.0879291 0.451335 0.0900584 0.34789 0.0767318 0.348089 0.0782185 0.337138 0.0747848 0.451569 0.0649977 0.453385 0.0734444 0.457567 0.0697077 0.351211 0.0701721 0.337183 0.0363122 0.398963 0.0446234 0.415466 0.0339983 0.411663 0.0592146 0.350175 0.0519454 0.357306 0.0672407 0.363703 0.0695747 0.384496 0.0804093 0.394486 0.124283 0.321932 0.0737829 0.398745 0.0117861 0.457047 0.113607 0.337182 0.118086 0.340962 0.0185616 0.455851 0.0563891 0.404214 0.0494362 0.407297 0.0472285 0.403452 0.0714169 0.403015 0.0713672 0.417917 0.0718296 0.462718 0.0798052 0.468858 0.0951746 0.356661 0.0771167 0.312877 0.095589 0.31859 0.0893876 0.320558 0.0546647 0.411868 0.0512479 0.419145 0.0465378 0.425822 0.0588001 0.42388 0.0669858 0.425366 0.0288478 0.426834 0.0402677 0.436239 0.0599211 0.450814 0.0556861 0.452334 0.0441928 0.35917 0.0448071 0.37371 0.05197 0.364533 0.061391 0.35958 0.0798576 0.442071 0.0437875 0.381549 0.0442067 0.394982 0.0372717 0.384955 0.0596547 0.393049 0.0297579 0.389254 0.0151494 0.409471 0.0158852 0.402476 0.0251984 0.407209 0.0307132 0.403753 0.0114686 0.445464 0.0005294 0.440135 0.0174122 0.434302 0.0146072 0.423788 0.026904 0.41699 0.0617586 0.337536 0.053764 0.327927 0.0628113 0.45837 0.0500449 0.462465 0.08349 0.361969 0.154353 0.314654 0.0930344 0.37225 0.0338853 0.44082 0.0471408 0.452263 0.0398396 0.452351 0.0327512 0.37892 0.0051829 0.447266 0.0241516 0.448555 0.0355098 0.453564 0.0423661 0.459681 0.0066653 0.418416 0.0655361 0.401076 0.387734 0.66443 0.380859 0.663718 0.38666 0.659222 0.381244 0.667083 0.388945 0.679982 0.389485 0.681415 0.388519 0.682721 0.390442 0.682087 0.390282 0.683004 0.390942 0.684214 0.390878 0.685302 0.390395 0.684285 0.386027 0.679264 0.389547 0.676819 0.387 0.646824 0.388452 0.641707 0.389443 0.64853 0.385013 0.653144 0.391401 0.650843 0.39203 0.656653 0.390527 0.663786 0.392153 0.639668 0.389141 0.672026 0.393991 0.642872 0.387772 0.674029 0.392227 0.684533 0.389579 0.63692 0.395619 0.642226 0.391421 0.682516 0.394842 0.648971 0.393258 0.663777 0.392831 0.68396 0.393586 0.631172 0.391835 0.667498 0.391777 0.681811 0.392842 0.68268 0.39834 0.640885 0.396841 0.657128 0.391659 0.680914 0.391933 0.678637 0.399588 0.645857 0.392443 0.672771 0.391342 0.675747 0.402582 0.631697 0.39829 0.660128 0.392703 0.681982 0.393486 0.678487 0.393864 0.677309 0.404113 0.641549 0.39706 0.672448 0.397844 0.668309 0.393125 0.681687 0.395586 0.675231 0.405916 0.622498 0.407013 0.631709 0.403297 0.652691 0.391862 0.682329 0.413092 0.61848 0.400957 0.66413 0.392673 0.684469 0.394391 0.680611 0.395232 0.678782 0.394241 0.68268 0.39482 0.682726 0.415875 0.629286 0.413482 0.639029 0.406694 0.647794 0.395675 0.680637 0.406267 0.657172 0.409571 0.655433 0.39669 0.677102 0.399231 0.67499 0.401882 0.666795 0.396552 0.682718 0.426244 0.618071 0.401418 0.671071 0.395068 0.684594 0.397679 0.681057 0.406892 0.663879 0.398309 0.679483 0.397664 0.677492 0.422294 0.611374 0.413377 0.648626 0.400812 0.676007 0.398011 0.685726 0.426694 0.608608 0.421582 0.629188 0.395842 0.686831 0.400621 0.678103 0.430539 0.620875 0.399301 0.684218 0.401376 0.68336 0.404878 0.668213 0.421648 0.635214 0.404927 0.672922 0.403473 0.675761 0.411798 0.658903 0.435193 0.605919 0.416352 0.65133 0.406117 0.677857 0.433713 0.615026 0.429873 0.628262 0.419313 0.646526 0.409869 0.665034 0.416059 0.656984 0.426998 0.641162 0.409845 0.672303 0.415219 0.662961 0.401016 0.687387 0.397628 0.689611 0.430711 0.632735 0.404872 0.683458 0.43741 0.624715 0.442451 0.615181 0.41998 0.656005 0.402807 0.688764 0.447569 0.606003 0.410416 0.6815 0.415346 0.672485 0.397869 0.693279 0.427217 0.656546 0.447446 0.596615 0.45083 0.602919 0.432041 0.638166 0.42354 0.666767 0.442928 0.628938 0.432098 0.647069 0.404142 0.689156 0.405066 0.688736 0.408317 0.685747 0.403425 0.689074 0.402704 0.689807 0.401116 0.692808 0.424604 0.660517 0.420401 0.671626 0.448283 0.624463 0.416694 0.676561 0.413957 0.682393 0.454232 0.602168 0.448833 0.60974 0.437292 0.637303 0.402617 0.690917 0.399239 0.695586 0.459739 0.593687 0.462688 0.599437 0.41021 0.690571 0.440326 0.64708 0.406472 0.697259 0.431614 0.662109 0.468242 0.595173 0.41999 0.680825 0.400931 0.700238 0.459279 0.609987 0.45456 0.615923 0.444422 0.631826 0.423108 0.673477 0.464829 0.600682 0.419021 0.685278 0.447799 0.639292 0.416667 0.693402 0.412005 0.696901 0.457314 0.62698 0.461426 0.771291 0.46277 0.768128 0.463583 0.767575 0.462114 0.766008 0.423306 0.682225 0.467574 0.604371 0.462988 0.615661 0.403278 0.70414 0.46432 0.768205 0.457216 0.762633 0.45419 0.767579 0.482899 0.588818 0.481179 0.600051 0.448047 0.648408 0.437068 0.661031 0.430297 0.674734 0.413332 0.698965 0.465255 0.779402 0.472407 0.780303 0.468727 0.785512 0.470526 0.775508 0.472643 0.612582 0.410081 0.701494 0.474575 0.788327 0.474068 0.78915 0.491825 0.583999 0.462288 0.760461 0.477119 0.791926 0.426827 0.681485 0.4708 0.762578 0.459158 0.633735 0.444755 0.656435 0.438199 0.66533 0.42071 0.703662 0.425245 0.687289 0.466661 0.791308 0.491096 0.595577 0.456976 0.775913 0.478662 0.785233 0.468182 0.628505 0.68281 0.789941 0.686737 0.794693 0.681956 0.790732 0.455155 0.646455 0.42469 0.700945 0.418657 0.708344 0.432295 0.679564 0.50089 0.586868 0.484425 0.601934 0.476937 0.612725 0.458593 0.653686 0.677671 0.791393 0.680892 0.796061 0.457189 0.781312 0.431961 0.710503 0.416729 0.710363 0.514041 0.727069 0.514916 0.724688 0.516309 0.727251 0.436267 0.675204 0.431344 0.684614 0.484412 0.801861 0.48425 0.79818 0.470285 0.795502 0.491218 0.605855 0.479522 0.77775 0.402249 0.71294 0.517549 0.729332 0.511177 0.588934 0.516058 0.579102 0.520841 0.585707 0.669006 0.784259 0.488337 0.614254 0.479377 0.618071 0.459892 0.755879 0.435871 0.696293 0.512851 0.61117 0.443874 0.670405 0.519793 0.726342 0.525074 0.604936 0.486445 0.846292 0.487441 0.836919 0.493305 0.84035 0.437233 0.701741 0.40776 0.712524 0.69215 0.796861 0.675881 0.791825 0.662553 0.653612 0.637942 0.64054 0.658526 0.628349 0.649829 0.655812 0.472172 0.630972 0.463525 0.639719 0.488209 0.788132 0.451484 0.660343 0.479743 0.769349 0.431791 0.689144 0.517149 0.71998 0.508977 0.731829 0.67837 0.8031 0.668375 0.800858 0.489878 0.827257 0.495939 0.830678 0.476077 0.80295 0.474397 0.76002 0.467242 0.756976 0.69125 0.782324 0.682945 0.782126 0.455193 0.754774 0.457878 0.749318 0.449394 0.746754 0.452197 0.739454 0.541427 0.598869 0.52434 0.619656 0.650703 0.665135 0.631698 0.650615 0.510587 0.63048 0.497784 0.618507 0.632748 0.6203 0.490724 0.847081 0.465167 0.64602 0.479646 0.834211 0.499591 0.840078 0.686719 0.80666 0.536104 0.614076 0.686881 0.65119 0.676568 0.662704 0.466018 0.750766 0.484376 0.774506 0.450963 0.773517 0.456708 0.733769 0.444943 0.737431 0.447621 0.732073 0.638973 0.658319 0.626446 0.635696 0.548013 0.602045 0.43967 0.721577 0.440636 0.707042 0.613283 0.748275 0.608065 0.753755 0.60366 0.7431 0.452098 0.66446 0.584535 0.710543 0.586512 0.703061 0.597673 0.712285 0.448833 0.759171 0.416967 0.71553 0.498388 0.62862 0.500282 0.834688 0.482408 0.625433 0.492575 0.799683 0.406449 0.717185 0.689794 0.662336 0.659485 0.661659 0.438025 0.679689 0.611261 0.628537 0.609996 0.610867 0.646456 0.683588 0.63757 0.675006 0.507912 0.741458 0.499069 0.734175 0.485715 0.632748 0.485172 0.744675 0.487267 0.74982 0.482758 0.752661 0.541576 0.616785 0.60213 0.678926 0.617632 0.689755 0.588836 0.697287 0.53602 0.620293 0.467723 0.754444 0.527888 0.625906 0.421698 0.719562 0.52313 0.632384 0.611533 0.764516 0.555045 0.702544 0.555591 0.693365 0.56401 0.701206 0.445738 0.765595 0.600009 0.750245 0.597449 0.75811 0.465985 0.743043 0.451016 0.72701 0.548691 0.68494 0.54081 0.695526 0.538288 0.691351 0.437764 0.732085 0.526015 0.731318 0.529807 0.742497 0.52447 0.72482 0.609046 0.719263 0.600464 0.726504 0.696905 0.650751 0.505906 0.724251 0.520743 0.821139 0.512183 0.822176 0.508776 0.809185 0.52839 0.68918 0.517374 0.69027 0.51913 0.679259 0.4988 0.825077 0.511793 0.831156 0.667356 0.668547 0.653476 0.689172 0.663484 0.690524 0.66991 0.699882 0.657587 0.684267 0.67399 0.678392 0.499986 0.84895 0.486558 0.627949 0.484796 0.824127 0.532759 0.822994 0.523345 0.804731 0.530803 0.806552 0.629094 0.727052 0.626479 0.718059 0.639903 0.711693 0.534586 0.770898 0.544374 0.781308 0.539785 0.782952 0.551942 0.773144 0.620635 0.641054 0.494724 0.810548 0.489649 0.812213 0.614941 0.603032 0.494491 0.787644 0.480252 0.804309 0.467749 0.799729 0.530484 0.681708 0.549197 0.79082 0.554681 0.806096 0.543512 0.803039 0.544435 0.736459 0.552802 0.733312 0.550915 0.745107 0.512276 0.684701 0.550166 0.7243 0.493866 0.760912 0.501716 0.75632 0.502075 0.764109 0.541529 0.744092 0.499655 0.642015 0.510269 0.640164 0.506696 0.647987 0.535132 0.738437 0.518388 0.791288 0.52602 0.793833 0.538876 0.751988 0.521849 0.783848 0.512832 0.779058 0.48643 0.765601 0.494387 0.77271 0.491386 0.662905 0.49691 0.666019 0.489236 0.667093 0.6578 0.672856 0.490477 0.673397 0.479923 0.761045 0.490883 0.764192 0.525916 0.761737 0.529004 0.749438 0.516433 0.756818 0.502364 0.797881 0.507954 0.784675 0.500109 0.749117 0.648456 0.697602 0.490518 0.744921 0.65838 0.774824 0.489886 0.732001 0.497765 0.728635 0.64857 0.788777 0.607641 0.640113 0.59821 0.629044 0.489516 0.756238 0.58979 0.622528 0.603088 0.619522 0.515418 0.765757 0.522317 0.77506 0.506219 0.772919 0.476303 0.747959 0.648012 0.709221 0.64377 0.725669 0.470342 0.756537 0.47227 0.636248 0.498358 0.777988 0.634547 0.699376 0.570729 0.629623 0.587813 0.630818 0.578318 0.619756 0.474564 0.671707 0.465658 0.66858 0.47389 0.667212 0.57972 0.592094 0.574621 0.602203 0.568644 0.602108 0.462102 0.685683 0.458664 0.682958 0.463725 0.681903 0.474776 0.824004 0.455198 0.689061 0.683769 0.679422 0.605224 0.662493 0.593827 0.664619 0.593651 0.655998 0.477001 0.727676 0.479196 0.720103 0.569974 0.67085 0.556557 0.666442 0.569889 0.660951 0.571329 0.637845 0.579037 0.647969 0.620457 0.650568 0.4438 0.751577 0.566421 0.616187 0.554712 0.621636 0.562577 0.658679 0.567293 0.609625 0.440971 0.692208 0.555639 0.610947 0.444314 0.681416 0.448049 0.685072 0.442321 0.684226 0.540753 0.646346 0.546043 0.643277 0.544459 0.652449 0.434176 0.686811 0.531982 0.655209 0.416181 0.725277 0.629119 0.688902 0.579578 0.691979 0.566846 0.693922 0.568257 0.682847 0.628813 0.676743 0.629298 0.668969 0.559568 0.683363 0.572962 0.703097 0.56465 0.715582 0.626228 0.707694 0.623437 0.696066 0.549853 0.713864 0.542583 0.719366 0.538467 0.712574 0.543741 0.676291 0.613266 0.700952 0.616421 0.710312 0.53569 0.699901 0.534566 0.724566 0.534636 0.718373 0.520065 0.745615 0.517138 0.73581 0.506213 0.75041 0.516804 0.714091 0.523713 0.707419 0.526342 0.714417 0.509278 0.719617 0.613782 0.666663 0.608557 0.675588 0.602711 0.667552 0.593294 0.678593 0.624468 0.733599 0.632321 0.742373 0.620798 0.739262 0.615478 0.732858 0.605983 0.731806 0.606122 0.77497 0.597056 0.767634 0.577815 0.837565 0.588749 0.823311 0.59237 0.838676 0.577736 0.786486 0.577202 0.773472 0.58579 0.777873 0.581255 0.802592 0.565929 0.781576 0.592989 0.733445 0.595675 0.746414 0.586244 0.744964 0.578141 0.751032 0.579773 0.762827 0.571976 0.739511 0.58919 0.718794 0.577473 0.718042 0.574188 0.709292 0.564773 0.729425 0.569135 0.775158 0.567441 0.756731 0.555033 0.766328 0.552077 0.754561 0.558657 0.778337 0.519396 0.656587 0.517087 0.671853 0.513413 0.659052 0.541448 0.762407 0.506095 0.673702 0.502424 0.682948 0.50154 0.678322 0.512752 0.651725 0.643638 0.750485 0.663731 0.716794 0.676068 0.718558 0.669927 0.691454 0.599094 0.594893 0.660903 0.707148 0.593673 0.600395 0.49631 0.650068 0.502858 0.656998 0.495979 0.660309 0.504166 0.668186 0.498 0.688324 0.590674 0.612531 0.656051 0.720759 0.481709 0.669157 0.481195 0.673237 0.533587 0.782057 0.48877 0.719384 0.506408 0.691446 0.587654 0.598685 0.499218 0.699604 0.489435 0.697149 0.575063 0.614324 0.473933 0.74299 0.613778 0.646496 0.59772 0.647124 0.493179 0.715527 0.486584 0.713842 0.591475 0.637625 0.49425 0.705305 0.482412 0.704591 0.5795 0.672616 0.580778 0.659153 0.48945 0.684968 0.47137 0.684873 0.48054 0.681158 0.482332 0.691328 0.570861 0.650329 0.469401 0.714556 0.474118 0.703322 0.477855 0.695927 0.467477 0.696613 0.471305 0.690637 0.504249 0.634916 0.565066 0.650149 0.613567 0.658681 0.558761 0.640081 0.490184 0.645354 0.552845 0.633293 0.489183 0.639897 0.556518 0.652889 0.472122 0.727929 0.488263 0.660214 0.492615 0.655745 0.483092 0.655813 0.551181 0.665965 0.48278 0.6367 0.655404 0.751881 0.663296 0.808029 0.566797 0.589438 0.673434 0.768497 0.463982 0.654888 0.470523 0.649788 0.474553 0.658645 0.621166 0.775895 0.629197 0.754734 0.634707 0.771478 0.453524 0.697936 0.456845 0.702209 0.4527 0.707084 0.557732 0.603263 0.44549 0.696997 0.611939 0.796799 0.451832 0.686175 0.447794 0.692892 0.475818 0.678235 0.466937 0.678275 0.54517 0.63294 0.539414 0.628646 0.542135 0.637394 0.535519 0.632624 0.461746 0.69279 0.636277 0.738276 0.4672 0.687774 0.459828 0.678439 0.447539 0.679373 0.43775 0.760075 0.43886 0.68325 0.468446 0.660932 0.462328 0.668381 0.434535 0.738302 0.528055 0.635268 0.529854 0.638417 0.479332 0.815188 0.528967 0.649302 0.519995 0.640555 0.429316 0.728082 0.42623 0.734387 0.453965 0.669806 0.543751 0.852954 0.570545 0.828767 0.545961 0.829471 0.575277 0.815658 0.442698 0.676729 0.536431 0.848861 0.55266 0.670934 0.588113 0.801266 0.610984 0.83664 0.543819 0.705453 0.695857 0.670434 0.553801 0.819247 0.684206 0.702364 0.53602 0.669467 0.528251 0.840214 0.521656 0.836069 0.475702 0.812044 0.46677 0.81102 0.584246 0.729702 0.512771 0.710863 0.511777 0.697803 0.503173 0.710129 0.723415 0.666224 0.689213 0.709473 0.691965 0.696424 0.475421 0.832779 0.460196 0.658175 0.457063 0.673253 0.704598 0.703061 0.681173 0.731455 0.450976 0.678102 0.446144 0.676068 0.448718 0.777041 0.466231 0.813621 0.524215 0.672714 0.504107 0.664411 0.46457 0.720858 0.497192 0.673933 0.458443 0.727551 0.466392 0.707755 0.45933 0.712025 0.451935 0.718034 0.41811 0.733582 0.411275 0.731776 0.402924 0.727882 0.44294 0.77288 0.430402 0.745924 0.433497 0.755987 0.481452 0.648508 0.481222 0.641194 0.709468 0.850777 0.631848 0.845311 0.423213 0.750245 0.414062 0.748667 0.726279 0.753307 0.857999 0.237352 0.856924 0.230896 0.860065 0.236828 0.863071 0.223134 0.857417 0.223736 0.840579 0.234078 0.849658 0.236729 0.841755 0.239913 0.83502 0.239545 0.872251 0.22303 0.880582 0.222656 0.874488 0.228559 0.868524 0.232825 0.852993 0.226521 0.842886 0.250088 0.835314 0.243912 0.87525 0.244852 0.877285 0.234369 0.883886 0.246715 0.886139 0.233903 0.88761 0.2299 0.86438 0.247423 0.851347 0.240505 0.834619 0.251818 0.837927 0.263155 0.870658 0.241737 0.864822 0.259145 0.857993 0.249102 0.850785 0.250087 0.858908 0.262651 0.855112 0.256884 0.845265 0.258716 0.880694 0.253818 0.874847 0.251051 0.849066 0.264171 0.852247 0.263626 0.839298 0.275225 0.881624 0.265658 0.871082 0.255937 0.897015 0.237974 0.862116 0.272061 0.854344 0.270713 0.89237 0.258772 0.900092 0.254226 0.89084 0.244765 0.846651 0.272548 0.845831 0.282169 0.877775 0.269695 0.87385 0.267694 0.877501 0.262565 0.867991 0.269072 0.874045 0.276565 0.856877 0.283217 0.905765 0.267529 0.900309 0.265912 0.911487 0.259 0.908267 0.239237 0.882956 0.270661 0.863076 0.281106 0.851234 0.278656 0.880456 0.280079 0.891457 0.275016 0.869981 0.283647 0.913641 0.274658 0.872443 0.293811 0.860543 0.290775 0.850915 0.292623 0.853927 0.294356 0.904395 0.281589 0.89284 0.288782 0.917779 0.259999 0.884529 0.290457 0.861466 0.295774 0.924881 0.266259 0.92781 0.272747 0.874359 0.301724 0.85586 0.302008 0.923005 0.28482 0.853046 0.304731 0.896133 0.295899 0.843016 0.290934 0.911603 0.294235 0.937919 0.27539 0.844521 0.301477 0.859732 0.306988 0.940432 0.283173 0.886798 0.306159 0.839647 0.298104 0.875373 0.310794 0.90363 0.306666 0.848257 0.307229 0.932365 0.29618 0.834795 0.295793 0.836883 0.30331 0.855088 0.311284 0.88537 0.313617 0.862179 0.313284 0.868164 0.31623 0.851147 0.311372 0.832359 0.307927 0.912794 0.313528 0.940152 0.304365 0.862414 0.316167 0.837651 0.317779 0.894184 0.320495 0.875006 0.322087 0.855899 0.316421 0.827148 0.311952 0.865209 0.320206 0.846991 0.32066 0.924691 0.319446 0.884865 0.325829 0.855627 0.322238 0.833473 0.322121 0.91139 0.325564 0.944578 0.319161 0.897307 0.329185 0.840901 0.326786 0.926847 0.33078 0.874495 0.332465 0.852549 0.328761 0.917894 0.334419 0.862346 0.329013 0.9663 0.329517 0.85898 0.331226 0.899894 0.334708 0.957563 0.347391 0.891965 0.338145 0.864055 0.336317 0.854317 0.33199 0.841894 0.333204 0.860222 0.340733 0.977597 0.3435 0.898029 0.342379 0.878878 0.3405 0.915961 0.343666 0.870166 0.342857 0.84455 0.345262 0.318097 0.87006 0.335634 0.853524 0.335451 0.864252 0.309932 0.883499 0.297443 0.889907 0.302538 0.881794 0.313292 0.86104 0.347991 0.909588 0.336898 0.902379 0.34617 0.900939 0.335383 0.895474 0.348622 0.88579 0.34519 0.893426 0.243862 0.898315 0.235268 0.889069 0.252844 0.888242 0.253971 0.895923 0.26969 0.890615 0.268154 0.906514 0.27335 0.893924 0.32541 0.907161 0.316986 0.910166 0.318719 0.895035 0.338469 0.883568 0.324067 0.871745 0.284434 0.892448 0.324303 0.85909 0.288143 0.885013 0.295474 0.873313 0.318543 0.88528 0.328736 0.890602 0.246286 0.870765 0.254044 0.871089 0.225586 0.858611 0.242064 0.851563 0.269073 0.874481 0.270424 0.865326 0.255345 0.858563 0.274065 0.860003 0.2936 0.912536 0.300162 0.899171 0.277026 0.900967 0.320937 0.916425 0.311385 0.904269 0.333608 0.908264 0.352573 0.898402 0.356235 0.912728 0.279618 0.87056 0.293539 0.918928 0.331636 0.916746 0.3135 0.895619 0.326447 0.880315 0.330869 0.875345 0.796225 0.924443 0.812159 0.921927 0.80508 0.932483 0.750357 0.920112 0.765962 0.922603 0.764429 0.937278 0.817213 0.924255 0.813973 0.92651 0.761482 0.903107 0.764493 0.912672 0.748835 0.914703 0.795906 0.911664 0.746183 0.932737 0.737203 0.924819 0.784958 0.922282 0.789389 0.931177 0.783863 0.928266 0.795469 0.933735 0.776172 0.93186 0.779108 0.914308 0.770598 0.924065 0.813039 0.916303 0.824134 0.921964 0.836518 0.923352 0.834881 0.931264 0.827039 0.927152 0.78942 0.910697 0.732673 0.938833 0.834005 0.938821 0.829646 0.913148 0.812292 0.910817 0.822737 0.901287 0.804677 0.901688 0.851708 0.929057 0.769118 0.894835 0.818457 0.894696 0.814529 0.934372 0.79881 0.897388 0.790233 0.901234 0.783002 0.902404 0.752363 0.900449 0.760073 0.89278 0.743949 0.908051 0.741078 0.914974 0.811685 0.895787 0.856024 0.923482 0.862295 0.918879 0.877671 0.935673 0.776839 0.893008 0.785755 0.892516 0.84525 0.909124 0.726563 0.937942 0.820973 0.940432 0.793577 0.893851 0.778832 0.882134 0.768509 0.888138 0.751027 0.895072 0.807127 0.891885 0.800928 0.890105 0.791248 0.88499 0.88347 0.92078 0.733001 0.900358 0.732708 0.909648 0.806804 0.885808 0.827973 0.892607 0.840917 0.897601 0.837863 0.90582 0.789484 0.87259 0.810314 0.882765 0.79397 0.881133 0.785263 0.875974 0.832076 0.888623 0.857775 0.902078 0.844217 0.897364 0.858194 0.897125 0.84588 0.902641 0.852593 0.911344 0.844759 0.888748 0.83949 0.883211 0.861093 0.908043 0.79756 0.873353 0.804555 0.877383 0.775227 0.880185 0.824576 0.877678 0.825936 0.882457 0.813112 0.869183 0.806912 0.870421 0.759659 0.884785 0.752414 0.887809 0.89893 0.922487 0.870661 0.894888 0.880572 0.909317 0.804579 0.861728 0.859125 0.884353 0.791861 0.863118 0.853308 0.880703 0.898226 0.936184 0.770137 0.876064 0.738047 0.891288 0.831769 0.87769 0.870877 0.885111 0.879787 0.899112 0.836168 0.875694 0.845945 0.870722 0.825448 0.867969 0.819154 0.870391 0.817241 0.861296 0.796155 0.859613 0.836698 0.867105 0.831727 0.872989 0.86439 0.880337 0.902201 0.916917 0.858717 0.869705 0.778034 0.869721 0.75715 0.880497 0.819497 0.853759 0.835632 0.85721 0.851799 0.864838 0.893854 0.905075 0.82799 0.856751 0.842964 0.859755 0.780994 0.862903 0.856168 0.8601 0.749469 0.876345 0.869271 0.867034 0.843773 0.853386 0.837285 0.852553 0.790084 0.859 0.853201 0.854024 0.829468 0.851817 0.833246 0.844897 0.808371 0.842575 0.760086 0.870925 0.88435 0.885848 0.772045 0.86801 0.852038 0.844581 0.87479 0.87645 0.795623 0.851654 0.908412 0.917796 0.846838 0.841937 0.843531 0.844761 0.897426 0.89266 0.821758 0.841715 0.90177 0.901469 0.836224 0.833307 0.872217 0.860023 0.882884 0.875632 0.784931 0.851377 0.769269 0.862688 0.89095 0.88376 0.848189 0.834715 0.861183 0.84015 0.819102 0.835914 0.870798 0.848142 0.801173 0.840923 0.766792 0.856627 0.889207 0.872649 0.882446 0.860245 0.928098 0.909343 0.930533 0.900358 0.812273 0.831055 0.756488 0.860173 0.779872 0.84663 0.794626 0.836971 0.846036 0.709261 0.834862 0.716476 0.83298 0.709391 0.855966 0.698351 0.844597 0.7016 0.921999 0.655482 0.912652 0.676309 0.904122 0.663318 0.816178 0.719603 0.904462 0.680589 0.894223 0.680695 0.876934 0.692924 0.865395 0.68955 0.874875 0.683416 0.810185 0.712633 0.822119 0.701966 0.881558 0.684405 0.925175 0.64121 0.871176 0.677113 0.850034 0.688908 0.858249 0.683708 0.886798 0.674784 0.832169 0.696181 0.828317 0.702253 0.809758 0.704371 0.794326 0.719332 0.789502 0.711824 0.843608 0.69428 0.875717 0.672721 0.768353 0.717987 0.773996 0.703763 0.861087 0.676479 0.913314 0.644631 0.89278 0.665155 0.878783 0.665742 0.900129 0.654292 0.863773 0.670702 0.839958 0.686 0.826414 0.692633 0.768338 0.702346 0.747412 0.713613 0.848544 0.675725 0.843317 0.681142 0.81098 0.695392 0.800322 0.692074 0.889031 0.655492 0.786523 0.697589 0.89407 0.648049 0.875291 0.661404 0.826176 0.686488 0.858472 0.669617 0.905316 0.632599 0.754501 0.698668 0.890115 0.643558 0.776126 0.695365 0.829647 0.680567 0.878446 0.643709 0.732909 0.703445 0.789068 0.686426 0.846758 0.665627 0.781781 0.688347 0.86362 0.659468 0.774132 0.692619 0.799024 0.683257 0.761056 0.686238 0.838837 0.674366 0.815493 0.684675 0.868688 0.655471 0.748995 0.691494 0.854836 0.66347 0.765883 0.681433 0.726563 0.691714 0.890988 0.628698 0.825046 0.671839 0.834536 0.667449 0.788492 0.677293 0.775725 0.676965 0.745256 0.683364 0.865847 0.650207 0.898591 0.623225 0.814368 0.674923 0.803122 0.676815 0.87091 0.640086 0.845075 0.654796 0.800202 0.675268 0.749002 0.678971 0.849968 0.650107 0.879723 0.622741 0.75522 0.67614 0.901397 0.611439 0.737069 0.676882 0.835064 0.659339 0.771836 0.665615 0.816987 0.666038 0.801902 0.670401 0.789861 0.668714 0.800643 0.662382 0.784574 0.661778 0.747412 0.667144 0.733611 0.666502 0.86381 0.633204 0.856491 0.634528 0.887065 0.615234 0.76158 0.666026 0.825744 0.657981 0.810796 0.654315 0.834536 0.640131 0.840925 0.641711 0.814834 0.648512 0.796146 0.650158 0.777009 0.652761 0.824094 0.645163 0.786459 0.647043 0.799024 0.644622 0.79132 0.643735 0.758649 0.661698 0.742546 0.659965 0.899799 0.599117 0.878245 0.610859 0.86652 0.615036 0.860485 0.625074 0.808399 0.633001 0.835929 0.625093 0.889316 0.60586 0.760426 0.641771 0.827217 0.62803 0.787787 0.631845 0.779522 0.633687 0.819222 0.626471 0.800442 0.625256 0.748266 0.646408 0.841612 0.620119 0.835774 0.619922 0.867774 0.600017 0.853452 0.609187 0.811023 0.624209 0.763995 0.634507 0.824391 0.620969 0.780663 0.624172 0.750577 0.632427 0.738271 0.653501 0.739126 0.6307 0.869141 0.593382 0.792999 0.61455 0.757438 0.626559 0.737167 0.620126 0.81486 0.605784 0.807316 0.603522 0.823584 0.610114 0.747075 0.612036 0.750519 0.619868 0.73575 0.609949 0.782017 0.613593 0.853068 0.595454 0.838666 0.604496 0.868823 0.587726 0.844482 0.600325 0.817209 0.601139 0.792866 0.605353 0.766833 0.611292 0.757821 0.611351 0.781659 0.604208 0.773564 0.606191 0.808227 0.599286 0.800069 0.597499 0.790146 0.600193 0.842478 0.579102 0.836526 0.58896 0.828881 0.579442 0.829187 0.604113 0.807893 0.590978 0.754369 0.604485 0.812101 0.585416 0.81458 0.582713 0.820733 0.587948 0.863933 0.579768 0.823179 0.579676 0.83391 0.600598 0.786026 0.595112 0.81879 0.595527 0.797411 0.589699 0.809431 0.582912 0.78015 0.589535 0.785997 0.585401 0.796789 0.581364 0.880583 0.35406 0.899533 0.363048 0.882609 0.369236 0.897087 0.369809 0.888014 0.37755 0.90355 0.347656 0.891628 0.379273 0.894843 0.382021 0.869372 0.360218 0.881619 0.374194 0.874712 0.372683 0.861834 0.364554 0.889599 0.384843 0.896209 0.393049 0.879112 0.380054 0.864263 0.37004 0.877208 0.383459 0.881703 0.389282 0.864281 0.377396 0.873497 0.387909 0.891053 0.403473 0.867788 0.386628 0.89837 0.411509 0.89453 0.409597 0.902951 0.426895 0.886767 0.418469 0.884943 0.431482 0.855384 0.439268 0.857319 0.424431 0.865518 0.428193 0.863797 0.439884 0.865822 0.451703 0.872059 0.450559 0.857362 0.384629 0.881178 0.416223 0.874014 0.396175 0.872658 0.412053 0.867864 0.414896 0.875336 0.435062 0.866655 0.402344 0.844007 0.414638 0.852949 0.419601 0.851729 0.409206 0.853679 0.399631 0.852598 0.451914 0.839751 0.429641 0.843896 0.393916 0.833549 0.381991 0.827148 0.424058 0.368269 0.898455 0.35758 0.896885 0.371484 0.892568 0.373272 0.885591 0.356445 0.87612 0.362582 0.901826 0.364728 0.872755 0.382629 0.892869 0.392415 0.904106 0.385116 0.907087 0.374465 0.907728 0.367468 0.918531 0.381443 0.862646 0.386627 0.873442 0.373735 0.87226 0.367678 0.855676 0.402234 0.904346 0.386927 0.894531 0.379642 0.915734 0.395856 0.893709 0.396776 0.873 0.396503 0.862338 0.393586 0.911416 0.396944 0.88088 0.390394 0.885437 0.382508 0.853516 0.411678 0.883018 0.413494 0.88957 0.41093 0.918883 0.405244 0.891361 0.406316 0.865759 0.402708 0.857265 0.41896 0.870425 0.420454 0.911121 0.413904 0.899319 0.424997 0.897172 0.430749 0.891755 0.417235 0.859714 0.42129 0.868724 0.414075 0.874198 0.426042 0.883345 0.423702 0.906012 0.429395 0.860137 0.429856 0.865971 0.432309 0.878759 0.42178 0.877526 0.436319 0.884064 0.432299 0.904527 0.43926 0.869703 0.443652 0.896001 0.438349 0.902659 0.444874 0.8756 0.446003 0.888421 0.449417 0.897518 0.451306 0.871084 0.450242 0.88456 0.450953 0.89395 0.458595 0.894314 0.456132 0.906013 0.456798 0.875709 0.461916 0.878916 0.462777 0.903256 0.458744 0.859978 0.463877 0.895066 0.46608 0.885432 0.470883 0.892021 0.463861 0.865682 0.467889 0.880638 0.471896 0.90432 0.47148 0.861457 0.474032 0.885155 0.478369 0.876629 0.478563 0.895271 0.485444 0.882715 0.485118 0.890582 0.485276 0.873847 0.496017 0.876791 0.492874 0.889557 0.85012 0.741578 0.851965 0.73403 0.857917 0.750018 0.832337 0.730324 0.845852 0.732533 0.842081 0.736303 0.851197 0.755346 0.828041 0.738863 0.822208 0.721117 0.820097 0.731017 0.815684 0.719727 0.86771 0.76221 0.854636 0.760951 0.867689 0.753474 0.836673 0.750649 0.806426 0.721807 0.847291 0.761192 0.861468 0.772022 0.878318 0.774043 0.803842 0.732323 0.826541 0.749402 0.789699 0.72823 0.879035 0.783068 0.83536 0.755641 0.810192 0.742575 0.805507 0.738955 0.871517 0.787324 0.841608 0.766956 0.827666 0.757845 0.814488 0.752642 0.823035 0.758321 0.831552 0.761587 0.889651 0.791378 0.792045 0.736601 0.859047 0.784552 0.838801 0.779083 0.887636 0.802673 0.824106 0.765673 0.872286 0.801487 0.860074 0.792168 0.800418 0.747008 0.818637 0.763286 0.824971 0.781682 0.891929 0.817133 0.845367 0.786919 0.781436 0.734381 0.877356 0.818871 0.795318 0.759733 0.830941 0.789589 0.899624 0.82874 0.815527 0.766119 0.805542 0.764975 0.814645 0.773988 0.859089 0.802616 0.846424 0.792387 0.86242 0.819554 0.791647 0.750845 0.853279 0.81525 0.805265 0.770693 0.838596 0.792867 0.784402 0.754593 0.837995 0.803555 0.807654 0.778634 0.792927 0.764858 0.835722 0.815472 0.840217 0.821042 0.817873 0.790432 0.831308 0.80065 0.790645 0.773344 0.77105 0.743635 0.834047 0.825273 0.78724 0.763274 0.827249 0.827316 0.798666 0.789506 0.791698 0.782073 0.818446 0.803206 0.82269 0.816214 0.780646 0.770878 0.772441 0.756072 0.772828 0.762333 0.770218 0.769647 0.752889 0.748931 0.762031 0.762209 0.795434 0.798844 0.766724 0.773521 0.811573 0.819599 0.754941 0.772381 0.744615 0.75834 0.804982 0.811634 0.803626 0.819157 0.783594 0.782869 0.803072 0.830346 0.760962 0.785861 0.739581 0.745767 0.792284 0.81417 0.778027 0.801582 0.773882 0.806264 0.788611 0.819725 0.774755 0.811426 0.772479 0.780312 0.767358 0.789674 0.745854 0.78554 0.741365 0.772891 0.729221 0.775876 0.735219 0.752726 0.778631 0.787107 0.77317 0.801881 0.779282 0.81953 0.751196 0.800628 0.753416 0.793727 0.726563 0.766817 0.770474 0.816497 0.119264 0.871152 0.101855 0.868276 0.103461 0.859131 0.118736 0.878887 0.107994 0.879674 0.0884568 0.864861 0.0914381 0.855769 0.0913807 0.871356 0.0845925 0.851708 0.087607 0.88275 0.0800925 0.86323 0.103004 0.888073 0.0760818 0.903032 0.0646666 0.915599 0.0641279 0.902952 0.0733019 0.855818 0.0672083 0.864111 0.0592534 0.903884 0.0756 0.87092 0.063324 0.892699 0.0744005 0.891431 0.0748605 0.920359 0.0576974 0.912841 0.0683986 0.867912 0.0659543 0.879604 0.101289 0.923008 0.0902486 0.910231 0.0678261 0.859375 0.0581671 0.886234 0.0901663 0.895816 0.0638868 0.865632 0.0633146 0.873619 0.0976474 0.913234 0.0627488 0.86057 0.0564422 0.865142 0.0548982 0.875429 0.0499551 0.892456 0.0500277 0.907821 0.0560161 0.917515 0.0534183 0.92333 0.0579072 0.851563 0.0449976 0.909375 0.0480719 0.854996 0.0391878 0.895953 0.047463 0.863209 0.0505411 0.871772 0.0461632 0.884469 0.0426109 0.874478 0.0407036 0.865558 0.0454132 0.924302 0.0387314 0.853798 0.0312271 0.86468 0.0227624 0.87623 0.0372523 0.88116 0.0295473 0.892799 0.035378 0.906442 0.0329975 0.918995 0.0221569 0.856676 0.0191565 0.866531 0.010465 0.877454 0.0110533 0.857056 0 0.855268 0.974866 0.430693 0.981419 0.427538 0.972974 0.437722 0.978198 0.415565 0.964103 0.43789 0.970868 0.421237 0.968899 0.427737 0.977848 0.407191 0.975123 0.412875 0.959099 0.434429 0.965519 0.422939 0.969104 0.411192 0.955012 0.421921 0.983768 0.39925 0.975062 0.39886 0.958625 0.415872 0.947152 0.427518 0.962202 0.407865 0.952592 0.437026 0.94807 0.435162 0.937399 0.440851 0.964645 0.402297 0.947038 0.417044 0.938027 0.428342 0.935917 0.436892 0.975346 0.387899 0.955788 0.408794 0.989392 0.381624 0.933279 0.432737 0.955941 0.399066 0.933114 0.426036 0.922795 0.435393 0.98328 0.369003 0.998233 0.372131 0.947397 0.405293 0.940222 0.416226 0.934704 0.419927 0.926249 0.419675 0.917309 0.42538 0.928495 0.413406 0.935364 0.41369 0.904313 0.439678 0.992967 0.359327 0.919549 0.412973 0.959585 0.386374 0.944592 0.388796 0.930991 0.405269 0.922759 0.405186 0.938188 0.393882 0.968794 0.361647 0.968668 0.368526 0.952512 0.380357 0.928835 0.394009 0.922622 0.384984 0.931049 0.388269 0.912042 0.396932 0.91183 0.404182 0.939625 0.384947 0.974572 0.347656 0.955045 0.369121 0.904297 0.396674 0.941869 0.37682 0.938455 0.376817 0.950752 0.360222 0.940476 0.371304 0.976017 0.725217 0.979553 0.741103 0.966182 0.728119 0.965891 0.720865 0.968711 0.73675 0.979617 0.748171 0.954053 0.720432 0.954395 0.729122 0.971945 0.758549 0.962243 0.742293 0.942852 0.720578 0.946337 0.732945 0.955387 0.739196 0.928888 0.719727 0.955895 0.749927 0.939614 0.734036 0.964975 0.758276 0.947666 0.748683 0.97293 0.774227 0.964044 0.775082 0.949672 0.760133 0.964505 0.784881 0.933577 0.744179 0.939641 0.754237 0.950493 0.774733 0.92046 0.744613 0.944368 0.768175 0.933583 0.762172 0.940883 0.776873 0.920965 0.759982 0.928811 0.766916 0.906413 0.745704 0.936978 0.778607 0.94356 0.790322 0.92113 0.768642 0.932557 0.788058 0.913521 0.772492 0.921681 0.783484 0.903269 0.774149 0.907103 0.783956 0.900391 0.783714 0.901164 0.80007 0.952606 0.474189 0.957792 0.46337 0.971418 0.467904 0.949219 0.446681 0.957598 0.454781 0.985985 0.470547 0.967914 0.474475 0.979519 0.461957 0.982714 0.477557 0.999565 0.467535 0.978103 0.454154 0.958984 0.441406 0.985774 0.456477 0.980768 0.441615 0.994397 0.459201 0.855453 0.517259 0.850653 0.530985 0.849234 0.520996 0.846086 0.483635 0.831519 0.474186 0.835638 0.470083 0.847285 0.497813 0.827148 0.485979 0.850479 0.511976 0.844292 0.513555 0.865761 0.523808 0.86875 0.530186 0.862066 0.534016 0.856686 0.502922 0.852567 0.492487 0.86805 0.51181 0.872468 0.542676 0.841121 0.470108 0.860002 0.492839 0.853677 0.47954 0.874085 0.523972 0.884978 0.539678 0.841171 0.45345 0.855662 0.467599 0.868726 0.482958 0.881315 0.5175 0.875114 0.507004 0.860503 0.463174 0.873372 0.471063 0.892322 0.526598 0.889931 0.513744 0.884476 0.500799 0.879946 0.482119 0.888949 0.501086 0.893647 0.511374 0.899525 0.531398 0.888353 0.475865 0.907795 0.526254 0.901588 0.511485 0.894662 0.492481 0.903046 0.498996 0.886274 0.464315 0.874237 0.459842 0.886497 0.45672 0.900315 0.483189 0.913996 0.519758 0.919795 0.541162 0.896606 0.470019 0.902847 0.487904 0.905064 0.470877 0.913872 0.502778 0.926031 0.535065 0.897496 0.464821 0.910038 0.48341 0.922262 0.516348 0.900986 0.463763 0.894535 0.452982 0.927543 0.496519 0.92397 0.506689 0.931237 0.519201 0.921113 0.4879 0.939137 0.533848 0.90213 0.456477 0.908009 0.463522 0.917018 0.476168 0.913077 0.466983 0.939587 0.51568 0.944049 0.526785 0.930553 0.506724 0.915996 0.459703 0.936144 0.507293 0.910651 0.456548 0.928102 0.485114 0.926107 0.465409 0.937846 0.49306 0.944874 0.506841 0.934185 0.467991 0.945333 0.494527 0.928238 0.458861 0.944239 0.4842 0.938484 0.47514 0.924704 0.452148 0.93207 0.459213 0.939512 0.467777 0.944415 0.477388 0.949093 0.472161 0.992708 0.560376 0.996899 0.569975 0.982259 0.569667 0.976677 0.580556 0.985812 0.553661 0.976172 0.562714 0.962633 0.54934 0.966281 0.557974 0.962173 0.559328 0.971277 0.577338 0.956899 0.550669 0.970938 0.566784 0.970257 0.557028 0.945711 0.550361 0.936825 0.545835 0.946108 0.542969 0.966806 0.569281 0.95606 0.555052 0.952414 0.583472 0.96127 0.578325 0.950717 0.599002 0.925781 0.599433 0.953811 0.55649 0.9541 0.564519 0.961428 0.571332 0.934781 0.554877 0.941268 0.567296 0.942987 0.578076 0.943296 0.559657 0.92677 0.567036 0.188825 0.91513 0.182694 0.905498 0.187983 0.9056 0.167102 0.899302 0.180085 0.897398 0.17438 0.918063 0.157555 0.909883 0.199216 0.915541 0.190584 0.899086 0.167189 0.889786 0.15241 0.902794 0.196757 0.906373 0.184527 0.89162 0.160326 0.88831 0.173854 0.884646 0.180026 0.883883 0.195912 0.893998 0.167853 0.877509 0.154013 0.887966 0.18088 0.875322 0.208322 0.909977 0.19193 0.879777 0.206325 0.91412 0.217211 0.919237 0.219623 0.907804 0.154995 0.879677 0.190966 0.871078 0.206281 0.897978 0.201343 0.889161 0.198769 0.878914 0.131031 0.898857 0.138712 0.884693 0.215113 0.90034 0.120117 0.885868 0.210608 0.892442 0.158346 0.8685 0.225462 0.903115 0.175804 0.864252 0.143205 0.868615 0.206222 0.876648 0.201601 0.866745 0.2111 0.863078 0.21755 0.874222 0.191868 0.86372 0.18679 0.862888 0.201384 0.853295 0.214348 0.885088 0.126556 0.868443 0.220692 0.888032 0.178729 0.855315 0.163281 0.856341 0.190828 0.851563 0.517757 0.913104 0.510268 0.904555 0.52469 0.897827 0.527618 0.90583 0.541805 0.90958 0.542704 0.894424 0.564661 0.910208 0.554081 0.907224 0.55589 0.900823 0.502996 0.895324 0.51694 0.892304 0.539178 0.890758 0.577001 0.907497 0.576904 0.889601 0.514692 0.887964 0.568648 0.878339 0.53048 0.888615 0.550232 0.886012 0.522118 0.882576 0.496094 0.86748 0.577725 0.874838 0.568287 0.87346 0.538459 0.878236 0.548305 0.87609 0.525148 0.876706 0.535469 0.871284 0.513747 0.864572 0.505518 0.863281 0.517688 0.854759 0.504215 0.853516 0.588885 0.894364 0.582049 0.897189 0.584088 0.893923 0.578125 0.895331 0.585058 0.893065 0.580224 0.890247 0.594664 0.896267 0.597197 0.90564 0.585688 0.889819 0.595675 0.887961 0.593407 0.881186 0.604611 0.89899 0.601166 0.89032 0.61345 0.89998 0.609955 0.891422 0.603486 0.885463 0.618404 0.892943 0.636041 0.906994 0.632341 0.89522 0.6003 0.880885 0.608707 0.884408 0.643424 0.887871 0.655325 0.892529 0.613769 0.879446 0.601833 0.87744 0.632035 0.881877 0.601201 0.857168 0.65831 0.876542 0.668108 0.893117 0.680708 0.869636 0.631304 0.858422 0.654636 0.861808 0.644464 0.853516 0.726486 0.299871 0.716434 0.299595 0.721237 0.290754 0.717855 0.289543 0.709484 0.304237 0.705594 0.286779 0.698952 0.295433 0.710415 0.279931 0.730469 0.285744 0.730915 0.277436 0.694287 0.297807 0.692386 0.29089 0.676422 0.294394 0.701695 0.285692 0.725204 0.27299 0.715294 0.271043 0.693124 0.281054 0.699588 0.27375 0.679033 0.285389 0.741949 0.286825 0.733343 0.26197 0.727211 0.253702 0.739938 0.273971 0.716653 0.261715 0.67373 0.273201 0.689707 0.274722 0.678911 0.267203 0.671805 0.249221 0.6766 0.236613 0.680247 0.242223 0.691497 0.265747 0.724224 0.242084 0.714781 0.243313 0.749007 0.289932 0.704207 0.266137 0.685918 0.255269 0.684736 0.234624 0.662109 0.238894 0.680873 0.223326 0.741275 0.259093 0.694811 0.259909 0.691899 0.244821 0.73778 0.249511 0.718711 0.23929 0.704292 0.232959 0.732023 0.239478 0.693277 0.23253 0.728112 0.231024 0.666211 0.223633 0.715996 0.230935 0.744048 0.274492 0.746631 0.247613 0.74124 0.24112 0.745061 0.23224 0.756747 0.252647 0.748727 0.237866 0.772117 0.25164 0.782791 0.262899 0.754346 0.264603 0.771873 0.269462 0.772321 0.247561 0.766215 0.242492 0.765303 0.222656 0.770292 0.236316 0.941865 0.618607 0.947889 0.605971 0.952979 0.614721 0.963836 0.600155 0.934818 0.604783 0.925781 0.607725 0.927066 0.599609 0.890089 0.551128 0.887726 0.564395 0.876141 0.560496 0.870892 0.566628 0.874747 0.54797 0.889203 0.542969 0.863281 0.560289 0.867837 0.543222 0.807465 0.292722 0.798472 0.303024 0.7996 0.294475 0.791308 0.291992 0.783203 0.304198 0.784802 0.291996 0.803305 0.251701 0.810314 0.258743 0.797085 0.259052 0.792027 0.252083 0.792473 0.24126 0.800237 0.236712 0.810255 0.235436 0.789585 0.241783 0.80236 0.226124 0.783484 0.235356 0.785378 0.236142 0.793411 0.222656 0.783912 0.226309 0.783203 0.246616 0.862359 0.550569 0.861484 0.563549 0.847537 0.559739 0.853951 0.567801 0.852207 0.543014 0.841798 0.565866 0.844779 0.546211 0.83846 0.556559 0.837451 0.559244 0.829475 0.553296 0.827148 0.542969 0.833014 0.560477 0.798462 0.291313 0.810574 0.279838 0.812242 0.291393 0.801652 0.282344 0.814975 0.278302 0.804019 0.271972 0.790985 0.278617 0.783323 0.289627 0.799561 0.269164 0.783203 0.262212 0.792553 0.259766 0.965194 0.480486 0.971044 0.482282 0.968199 0.487019 0.961694 0.488131 0.979532 0.479808 0.970305 0.490454 0.98506 0.490505 0.955 0.486009 0.959442 0.48992 0.949219 0.495182 0.968573 0.497798 0.959537 0.495215 0.98206 0.494844 0.950072 0.497979 0.972234 0.501017 0.949465 0.478516 0.961903 0.50338 0.950368 0.504875 0.992641 0.512932 0.982127 0.5152 0.984274 0.506012 0.976563 0.508449 0.999699 0.504883 0.999214 0.519163 0.959078 0.509033 0.967442 0.516588 0.958123 0.518535 0.975813 0.522652 0.95736 0.524126 0.970502 0.530364 0.950287 0.515141 0.949219 0.504883 0.950003 0.52995"/>
   </IndexedFaceSet>
  </Shape>
 </Scene>
</X3D>
